Player_Name,Full_Name,Country,Role,Primary_Batting_Phase,Best_to_Worst_Venues,General_Fielding_Position,Loose_Fielding_Position,Total_Dropped_Catches,Clash_Pace_Tactic,Clash_Spin_Tactic,Batting_Against_Him_Tactic,Coach_Tape_Suggestion,Primary_Threat_Bowler,Primary_Nightmare_Batter,Overall_Bat_SR,Pressure_Bat_SR_Death,Overall_Bowl_Econ,Pressure_Bowl_Econ_Death,Wickets,Balls_Bowled
L Wood,Not Available,Not Available,New Addition,Death Over Finisher,Neutral Venues,Unknown,Not Available,0,Execute standard death-over strategies: wide yorkers and back-of-a-length slower balls.,Vary pace and trajectory. Aim for the rough patches to induce a false shot.,Prime target for the death overs. Attack him aggressively late in the innings as he loses his length under pressure. ,L Wood is a Death Over Finisher. Strongest at most grounds.,Not Available,Not Available,300.0,300.0,14.68,19.29,1,38
KT Maphaka,Not Available,Not Available,New Addition,Death Over Finisher,Neutral Venues,Unknown,Not Available,0,Execute standard death-over strategies: wide yorkers and back-of-a-length slower balls.,Vary pace and trajectory. Aim for the rough patches to induce a false shot.,Prime target for the death overs. Attack him aggressively late in the innings as he loses his length under pressure. ,KT Maphaka is a Death Over Finisher. Strongest at most grounds.,Not Available,Not Available,266.7,266.7,12.08,14.57,2,71
B Stanlake,Not Available,Not Available,Bowler,Death Over Finisher,Rajiv Gandhi International Stadium,Unknown,Not Available,0,Execute standard death-over strategies: wide yorkers and back-of-a-length slower balls.,Vary pace and trajectory. Aim for the rough patches to induce a false shot.,"Prime target for the death overs. Attack him aggressively late in the innings as he loses his length under pressure. Historically, SV Samson completely owns this bowler. Emulate that aggressive footprint.",B Stanlake is a Death Over Finisher. Strongest at Rajiv Gandhi International Stadium. Keep away from SV Samson who hits them at will.,Not Available,SV Samson,250.0,250.0,8.0,11.0,7,150
V Suryavanshi,Not Available,Not Available,Batsman,Top Order Aggressor,"Sawai Mansingh Stadium, Jaipur > Barsapara Cricket Stadium, Guwahati > Arun Jaitley Stadium, Delhi",Unknown,Not Available,0,Execute standard death-over strategies: wide yorkers and back-of-a-length slower balls.,Vary pace and trajectory. Aim for the rough patches to induce a false shot.,Target this bowler aggressively. High economy rate suggests frequent boundary deliveries. Look for gaps early. ,"V Suryavanshi is a Top Order Aggressor. Strongest at Sawai Mansingh Stadium, Jaipur. Beware of B Kumar who owns this matchup.",B Kumar,Not Available,215.1,0.0,0.0,0.0,0,0
Umar Gul,Not Available,Not Available,Bowler,Death Over Finisher,Eden Gardens > Sawai Mansingh Stadium,Unknown,Not Available,0,Execute standard death-over strategies: wide yorkers and back-of-a-length slower balls.,Vary pace and trajectory. Aim for the rough patches to induce a false shot.,"Play out his deliveries on merit and wait for loose balls. Historically, YK Pathan completely owns this bowler. Emulate that aggressive footprint.",Umar Gul is a Death Over Finisher. Strongest at Eden Gardens. Keep away from YK Pathan who hits them at will.,Not Available,YK Pathan,205.3,205.3,7.22,9.74,12,153
Auqib Nabi,Not Available,Not Available,New Addition,Middle Order Anchor,Neutral Venues,Unknown,Not Available,0,Execute standard death-over strategies: wide yorkers and back-of-a-length slower balls.,Vary pace and trajectory. Aim for the rough patches to induce a false shot.,"Target this bowler aggressively. High economy rate suggests frequent boundary deliveries. Look for gaps early. Historically, PD Salt completely owns this bowler. Emulate that aggressive footprint.",Auqib Nabi is a Middle Order Anchor. Strongest at most grounds.,Not Available,PD Salt,200.0,0.0,12.26,0.0,0,46
RS Sodhi,Not Available,Not Available,New Addition,Death Over Finisher,Neutral Venues,Unknown,Not Available,0,Execute standard death-over strategies: wide yorkers and back-of-a-length slower balls.,Vary pace and trajectory. Aim for the rough patches to induce a false shot.,Target this bowler aggressively. High economy rate suggests frequent boundary deliveries. Look for gaps early. ,RS Sodhi is a Death Over Finisher. Strongest at most grounds.,Not Available,Not Available,200.0,200.0,0.0,0.0,0,0
Urvil Patel,Not Available,Not Available,Batsman,Top Order Aggressor,Neutral Venues,Unknown,Not Available,0,Execute standard death-over strategies: wide yorkers and back-of-a-length slower balls.,Vary pace and trajectory. Aim for the rough patches to induce a false shot.,Target this bowler aggressively. High economy rate suggests frequent boundary deliveries. Look for gaps early. ,Urvil Patel is a Top Order Aggressor. Strongest at most grounds.,Not Available,Not Available,194.6,0.0,0.0,0.0,0,0
Priyansh Arya,Not Available,Not Available,Batsman,Top Order Aggressor,"Maharaja Yadavindra Singh International Cricket Stadium, New Chandigarh > Maharaja Yadavindra Singh International Cricket Stadium, Mullanpur > Narendra Modi Stadium, Ahmedabad > Sawai Mansingh Stadium, Jaipur",Unknown,Not Available,0,Execute standard death-over strategies: wide yorkers and back-of-a-length slower balls.,Vary pace and trajectory. Aim for the rough patches to induce a false shot.,Target this bowler aggressively. High economy rate suggests frequent boundary deliveries. Look for gaps early. ,"Priyansh Arya is a Top Order Aggressor. Strongest at Maharaja Yadavindra Singh International Cricket Stadium, New Chandigarh. Beware of JR Hazlewood who owns this matchup.",JR Hazlewood,Not Available,192.6,0.0,0.0,0.0,0,0
J Fraser-McGurk,Not Available,Not Available,Batsman,Top Order Aggressor,"Arun Jaitley Stadium, Delhi > Bharat Ratna Shri Atal Bihari Vajpayee Ekana Cricket Stadium, Lucknow",Unknown,Not Available,0,Execute standard death-over strategies: wide yorkers and back-of-a-length slower balls.,Vary pace and trajectory. Aim for the rough patches to induce a false shot.,Target this bowler aggressively. High economy rate suggests frequent boundary deliveries. Look for gaps early. ,"J Fraser-McGurk is a Top Order Aggressor. Strongest at Arun Jaitley Stadium, Delhi. Beware of S Sandeep Warrier who owns this matchup.",S Sandeep Warrier,Not Available,189.7,0.0,0.0,0.0,0,0
FH Allen,Not Available,Not Available,Batsman,Top Order Aggressor,Neutral Venues,Unknown,Not Available,0,Execute standard death-over strategies: wide yorkers and back-of-a-length slower balls.,Vary pace and trajectory. Aim for the rough patches to induce a false shot.,Target this bowler aggressively. High economy rate suggests frequent boundary deliveries. Look for gaps early. ,FH Allen is a Top Order Aggressor. Strongest at most grounds.,Not Available,Not Available,184.1,0.0,0.0,0.0,0,0
BKG Mendis,Not Available,Not Available,New Addition,Top Order Aggressor,Neutral Venues,Unknown,Not Available,0,Execute standard death-over strategies: wide yorkers and back-of-a-length slower balls.,Vary pace and trajectory. Aim for the rough patches to induce a false shot.,Target this bowler aggressively. High economy rate suggests frequent boundary deliveries. Look for gaps early. ,BKG Mendis is a Top Order Aggressor. Strongest at most grounds.,Not Available,Not Available,181.8,0.0,0.0,0.0,0,0
R Shepherd,Not Available,Not Available,All-Rounder,Death Over Finisher,"M Chinnaswamy Stadium, Bengaluru > Narendra Modi Stadium, Ahmedabad > Wankhede Stadium, Mumbai > Bharat Ratna Shri Atal Bihari Vajpayee Ekana Cricket Stadium, Lucknow",Unknown,Not Available,0,Execute standard death-over strategies: wide yorkers and back-of-a-length slower balls.,Vary pace and trajectory. Aim for the rough patches to induce a false shot.,"Prime target for the death overs. Attack him aggressively late in the innings as he loses his length under pressure. Historically, JP Inglis completely owns this bowler. Emulate that aggressive footprint.","R Shepherd is a Death Over Finisher. Strongest at M Chinnaswamy Stadium, Bengaluru. Keep away from JP Inglis who hits them at will.",Not Available,JP Inglis,181.2,207.4,11.3,13.1,15,325
A Mhatre,Not Available,Not Available,Batsman,Top Order Aggressor,"MA Chidambaram Stadium, Chepauk, Chennai > M Chinnaswamy Stadium, Bengaluru",Unknown,Not Available,0,Execute standard death-over strategies: wide yorkers and back-of-a-length slower balls.,Vary pace and trajectory. Aim for the rough patches to induce a false shot.,Target this bowler aggressively. High economy rate suggests frequent boundary deliveries. Look for gaps early. ,"A Mhatre is a Top Order Aggressor. Strongest at MA Chidambaram Stadium, Chepauk, Chennai. Beware of M Jansen who owns this matchup.",M Jansen,Not Available,176.4,90.0,0.0,0.0,0,0
Shahid Afridi,Not Available,Not Available,Bowler,Top Order Aggressor,"Rajiv Gandhi International Stadium, Uppal",Unknown,Not Available,0,Execute standard death-over strategies: wide yorkers and back-of-a-length slower balls.,Vary pace and trajectory. Aim for the rough patches to induce a false shot.,"Play out his deliveries on merit and wait for loose balls. Historically, SK Raina completely owns this bowler. Emulate that aggressive footprint.","Shahid Afridi is a Top Order Aggressor. Strongest at Rajiv Gandhi International Stadium, Uppal. Keep away from SK Raina who hits them at will.",Not Available,SK Raina,176.1,220.0,7.3,9.24,9,185
I Malhotra,Not Available,Not Available,New Addition,Death Over Finisher,Neutral Venues,Unknown,Not Available,0,Execute standard death-over strategies: wide yorkers and back-of-a-length slower balls.,Vary pace and trajectory. Aim for the rough patches to induce a false shot.,Target this bowler aggressively. High economy rate suggests frequent boundary deliveries. Look for gaps early. ,I Malhotra is a Death Over Finisher. Strongest at most grounds.,Not Available,Not Available,175.0,175.0,23.0,0.0,0,6
V Nigam,Not Available,Not Available,Bowler,Death Over Finisher,"Arun Jaitley Stadium, Delhi > Dr. Y.S. Rajasekhara Reddy ACA-VDCA Cricket Stadium, Visakhapatnam > MA Chidambaram Stadium, Chepauk, Chennai",Unknown,Not Available,0,Execute standard death-over strategies: wide yorkers and back-of-a-length slower balls.,Vary pace and trajectory. Aim for the rough patches to induce a false shot.,"Target this bowler aggressively. High economy rate suggests frequent boundary deliveries. Look for gaps early. Historically, JC Buttler completely owns this bowler. Emulate that aggressive footprint.","V Nigam is a Death Over Finisher. Strongest at Arun Jaitley Stadium, Delhi. Keep away from JC Buttler who hits them at will.",Not Available,JC Buttler,173.0,172.3,9.03,5.69,13,289
S Arora,Not Available,Not Available,Batsman,Death Over Finisher,Neutral Venues,Unknown,Not Available,0,Execute standard death-over strategies: wide yorkers and back-of-a-length slower balls.,Vary pace and trajectory. Aim for the rough patches to induce a false shot.,Target this bowler aggressively. High economy rate suggests frequent boundary deliveries. Look for gaps early. ,S Arora is a Death Over Finisher. Strongest at most grounds.,Not Available,Not Available,169.1,177.3,0.0,0.0,0,0
PD Salt,Not Available,Not Available,Batsman,Top Order Aggressor,"Eden Gardens, Kolkata > M Chinnaswamy Stadium, Bengaluru > Arun Jaitley Stadium, Delhi > Bharat Ratna Shri Atal Bihari Vajpayee Ekana Cricket Stadium, Lucknow",Unknown,Not Available,0,Execute standard death-over strategies: wide yorkers and back-of-a-length slower balls.,Vary pace and trajectory. Aim for the rough patches to induce a false shot.,Target this bowler aggressively. High economy rate suggests frequent boundary deliveries. Look for gaps early. ,"PD Salt is a Top Order Aggressor. Strongest at Eden Gardens, Kolkata. Beware of Arshdeep Singh who owns this matchup.",Arshdeep Singh,Not Available,168.6,184.2,0.0,0.0,0,0
LJ Wright,Not Available,Not Available,Batsman,Death Over Finisher,Subrata Roy Sahara Stadium,Unknown,Not Available,0,Execute standard death-over strategies: wide yorkers and back-of-a-length slower balls.,Vary pace and trajectory. Aim for the rough patches to induce a false shot.,"Prime target for the death overs. Attack him aggressively late in the innings as he loses his length under pressure. Historically, V Sehwag completely owns this bowler. Emulate that aggressive footprint.",LJ Wright is a Death Over Finisher. Strongest at Subrata Roy Sahara Stadium. Beware of UT Yadav who owns this matchup.,UT Yadav,V Sehwag,168.3,221.1,9.92,11.74,2,75
KMDN Kulasekara,Not Available,Not Available,New Addition,Death Over Finisher,"MA Chidambaram Stadium, Chepauk",Unknown,Not Available,0,Execute standard death-over strategies: wide yorkers and back-of-a-length slower balls.,Vary pace and trajectory. Aim for the rough patches to induce a false shot.,"Elite threat. Treat with immense respect. Focus on rotating the strike and do not take unnecessary aerial risks. Historically, JD Ryder completely owns this bowler. Emulate that aggressive footprint.","KMDN Kulasekara is a Death Over Finisher. Strongest at MA Chidambaram Stadium, Chepauk.",Not Available,JD Ryder,166.7,166.7,6.73,6.0,5,107
Shivam Sharma,Not Available,Not Available,New Addition,Death Over Finisher,M Chinnaswamy Stadium,Unknown,Not Available,0,Execute standard death-over strategies: wide yorkers and back-of-a-length slower balls.,Vary pace and trajectory. Aim for the rough patches to induce a false shot.,"Play out his deliveries on merit and wait for loose balls. Historically, KD Karthik completely owns this bowler. Emulate that aggressive footprint.",Shivam Sharma is a Death Over Finisher. Strongest at M Chinnaswamy Stadium.,Not Available,KD Karthik,166.7,166.7,8.68,9.5,4,114
KK Cooper,Not Available,Not Available,Bowler,Death Over Finisher,"Sawai Mansingh Stadium > Wankhede Stadium > Feroz Shah Kotla > Punjab Cricket Association Stadium, Mohali",Unknown,Not Available,0,Execute standard death-over strategies: wide yorkers and back-of-a-length slower balls.,Vary pace and trajectory. Aim for the rough patches to induce a false shot.,"Play out his deliveries on merit and wait for loose balls. Historically, DJ Bravo completely owns this bowler. Emulate that aggressive footprint.",KK Cooper is a Death Over Finisher. Strongest at Sawai Mansingh Stadium. Keep away from DJ Bravo who hits them at will.,Not Available,DJ Bravo,165.7,179.5,7.57,8.36,33,600
TH David,Not Available,Not Available,Batsman,Death Over Finisher,"Wankhede Stadium, Mumbai > M Chinnaswamy Stadium, Bengaluru > Arun Jaitley Stadium, Delhi > Bharat Ratna Shri Atal Bihari Vajpayee Ekana Cricket Stadium, Lucknow",Unknown,Not Available,0,Execute standard death-over strategies: wide yorkers and back-of-a-length slower balls.,Vary pace and trajectory. Aim for the rough patches to induce a false shot.,Target this bowler aggressively. High economy rate suggests frequent boundary deliveries. Look for gaps early. ,"TH David is a Death Over Finisher. Strongest at Wankhede Stadium, Mumbai. Beware of Rashid Khan who owns this matchup.",Rashid Khan,Not Available,165.3,181.6,18.0,0.0,0,6
Kamran Akmal,Not Available,Not Available,Batsman,Top Order Aggressor,"MA Chidambaram Stadium, Chepauk",Unknown,Not Available,0,Execute standard death-over strategies: wide yorkers and back-of-a-length slower balls.,Vary pace and trajectory. Aim for the rough patches to induce a false shot.,Target this bowler aggressively. High economy rate suggests frequent boundary deliveries. Look for gaps early. ,"Kamran Akmal is a Top Order Aggressor. Strongest at MA Chidambaram Stadium, Chepauk. Beware of M Ntini who owns this matchup.",M Ntini,Not Available,164.1,152.9,0.0,0.0,0,0
SB Dubey,Not Available,Not Available,Batsman,Death Over Finisher,Neutral Venues,Unknown,Not Available,0,Execute standard death-over strategies: wide yorkers and back-of-a-length slower balls.,Vary pace and trajectory. Aim for the rough patches to induce a false shot.,Target this bowler aggressively. High economy rate suggests frequent boundary deliveries. Look for gaps early. ,SB Dubey is a Death Over Finisher. Strongest at most grounds.,Not Available,Not Available,163.9,182.1,0.0,0.0,0,0
C Connolly,Not Available,Not Available,Batsman,Middle Order Anchor,"Maharaja Yadavindra Singh International Cricket Stadium, New Chandigarh",Unknown,Not Available,0,Execute standard death-over strategies: wide yorkers and back-of-a-length slower balls.,Vary pace and trajectory. Aim for the rough patches to induce a false shot.,Target this bowler aggressively. High economy rate suggests frequent boundary deliveries. Look for gaps early. ,"C Connolly is a Middle Order Anchor. Strongest at Maharaja Yadavindra Singh International Cricket Stadium, New Chandigarh. Beware of Rashid Khan who owns this matchup.",Rashid Khan,Not Available,163.6,209.1,0.0,0.0,0,0
BJ Haddin,Not Available,Not Available,New Addition,Top Order Aggressor,Neutral Venues,Unknown,Not Available,0,Execute standard death-over strategies: wide yorkers and back-of-a-length slower balls.,Vary pace and trajectory. Aim for the rough patches to induce a false shot.,Target this bowler aggressively. High economy rate suggests frequent boundary deliveries. Look for gaps early. ,BJ Haddin is a Top Order Aggressor. Strongest at most grounds.,Not Available,Not Available,163.6,0.0,0.0,0.0,0,0
AD Russell,Not Available,Not Available,All-Rounder,Middle Order Anchor,"Eden Gardens > Eden Gardens, Kolkata > Wankhede Stadium, Mumbai > MA Chidambaram Stadium, Chepauk, Chennai",Unknown,Not Available,0,Execute standard death-over strategies: wide yorkers and back-of-a-length slower balls.,Vary pace and trajectory. Aim for the rough patches to induce a false shot.,"Target this bowler aggressively. High economy rate suggests frequent boundary deliveries. Look for gaps early. Historically, AR Patel completely owns this bowler. Emulate that aggressive footprint.",AD Russell is a Middle Order Anchor. Strongest at Eden Gardens. Beware of Rashid Khan who owns this matchup. Keep away from AR Patel who hits them at will.,Rashid Khan,AR Patel,163.3,180.1,9.11,10.31,123,1885
Naman Dhir,Not Available,Not Available,Batsman,Death Over Finisher,"Wankhede Stadium, Mumbai > Narendra Modi Stadium, Ahmedabad > Arun Jaitley Stadium, Delhi",Unknown,Deep Square Leg,1,Execute standard death-over strategies: wide yorkers and back-of-a-length slower balls.,Vary pace and trajectory. Aim for the rough patches to induce a false shot.,Play out his deliveries on merit and wait for loose balls. ,"Naman Dhir is a Death Over Finisher. Strongest at Wankhede Stadium, Mumbai. Beware of M Prasidh Krishna who owns this matchup.",M Prasidh Krishna,Not Available,163.2,185.8,8.6,4.0,0,53
JG Bethell,Not Available,Not Available,Batsman,Top Order Aggressor,"M Chinnaswamy Stadium, Bengaluru",Unknown,Not Available,0,Execute standard death-over strategies: wide yorkers and back-of-a-length slower balls.,Vary pace and trajectory. Aim for the rough patches to induce a false shot.,Target this bowler aggressively. High economy rate suggests frequent boundary deliveries. Look for gaps early. ,"JG Bethell is a Top Order Aggressor. Strongest at M Chinnaswamy Stadium, Bengaluru. Beware of Mohammed Siraj who owns this matchup.",Mohammed Siraj,Not Available,163.1,0.0,0.0,0.0,0,0
BCJ Cutting,Not Available,Not Available,All-Rounder,Death Over Finisher,Eden Gardens > M Chinnaswamy Stadium > Feroz Shah Kotla > Wankhede Stadium,Unknown,Not Available,0,Execute standard death-over strategies: wide yorkers and back-of-a-length slower balls.,Vary pace and trajectory. Aim for the rough patches to induce a false shot.,"Prime target for the death overs. Attack him aggressively late in the innings as he loses his length under pressure. Historically, RR Pant completely owns this bowler. Emulate that aggressive footprint.",BCJ Cutting is a Death Over Finisher. Strongest at Eden Gardens. Beware of SR Watson who owns this matchup. Keep away from RR Pant who hits them at will.,SR Watson,RR Pant,163.0,171.4,8.94,11.23,10,288
KJ Abbott,Not Available,Not Available,New Addition,Death Over Finisher,Neutral Venues,Unknown,Not Available,0,Execute standard death-over strategies: wide yorkers and back-of-a-length slower balls.,Vary pace and trajectory. Aim for the rough patches to induce a false shot.,"Prime target for the death overs. Attack him aggressively late in the innings as he loses his length under pressure. Historically, F du Plessis completely owns this bowler. Emulate that aggressive footprint.",KJ Abbott is a Death Over Finisher. Strongest at most grounds.,Not Available,F du Plessis,162.5,185.7,10.41,12.72,2,102
D Ferreira,Not Available,Not Available,Batsman,Middle Order Anchor,"Sawai Mansingh Stadium, Jaipur > Rajiv Gandhi International Stadium, Uppal, Hyderabad > Maharaja Yadavindra Singh International Cricket Stadium, New Chandigarh",Unknown,Not Available,0,Execute standard death-over strategies: wide yorkers and back-of-a-length slower balls.,Vary pace and trajectory. Aim for the rough patches to induce a false shot.,Target this bowler aggressively. High economy rate suggests frequent boundary deliveries. Look for gaps early. ,"D Ferreira is a Middle Order Anchor. Strongest at Sawai Mansingh Stadium, Jaipur. Beware of Sakib Hussain who owns this matchup.",Sakib Hussain,Not Available,161.9,183.3,14.0,0.0,1,6
TM Head,Not Available,Not Available,Batsman,Top Order Aggressor,"Rajiv Gandhi International Stadium, Uppal, Hyderabad > Arun Jaitley Stadium, Delhi > Wankhede Stadium, Mumbai > M Chinnaswamy Stadium, Bengaluru",Unknown,Not Available,0,Execute standard death-over strategies: wide yorkers and back-of-a-length slower balls.,Vary pace and trajectory. Aim for the rough patches to induce a false shot.,"Target this bowler aggressively. High economy rate suggests frequent boundary deliveries. Look for gaps early. Historically, SS Iyer completely owns this bowler. Emulate that aggressive footprint.","TM Head is a Top Order Aggressor. Strongest at Rajiv Gandhi International Stadium, Uppal, Hyderabad. Beware of Arshdeep Singh who owns this matchup.",Arshdeep Singh,SS Iyer,161.5,169.5,11.69,9.0,2,58
C Bosch,Not Available,Not Available,Batsman,Death Over Finisher,"Wankhede Stadium, Mumbai",Unknown,Not Available,0,Execute standard death-over strategies: wide yorkers and back-of-a-length slower balls.,Vary pace and trajectory. Aim for the rough patches to induce a false shot.,"Play out his deliveries on merit and wait for loose balls. Historically, Sameer Rizvi completely owns this bowler. Emulate that aggressive footprint.","C Bosch is a Death Over Finisher. Strongest at Wankhede Stadium, Mumbai.",Not Available,Sameer Rizvi,161.1,180.6,8.68,4.57,2,65
Abhishek Sharma,Not Available,Not Available,All-Rounder,Top Order Aggressor,"Rajiv Gandhi International Stadium, Uppal, Hyderabad > Wankhede Stadium, Mumbai > MA Chidambaram Stadium, Chepauk, Chennai > Arun Jaitley Stadium, Delhi",Unknown,Long On,1,Alternate Tactic (Pace): Bowl hard lengths outside off-stump. Use off-cutters rolling fingers over the seam to disrupt timing.,"Target primary weakness: Exploit the spinning ball, use variations in flight and turn away from the bat.","Prime target for the death overs. Attack him aggressively late in the innings as he loses his length under pressure. Historically, Dhruv Jurel completely owns this bowler. Emulate that aggressive footprint.","Abhishek Sharma is a Top Order Aggressor. Strongest at Rajiv Gandhi International Stadium, Uppal, Hyderabad. Beware of SN Thakur who owns this matchup. Keep away from Dhruv Jurel who hits them at will.",SN Thakur,Dhruv Jurel,160.5,141.0,8.88,15.0,11,362
OC McCoy,Not Available,Not Available,Bowler,Death Over Finisher,"Brabourne Stadium, Mumbai > Narendra Modi Stadium, Ahmedabad",Unknown,Not Available,0,Execute standard death-over strategies: wide yorkers and back-of-a-length slower balls.,Vary pace and trajectory. Aim for the rough patches to induce a false shot.,"Play out his deliveries on merit and wait for loose balls. Historically, DA Miller completely owns this bowler. Emulate that aggressive footprint.","OC McCoy is a Death Over Finisher. Strongest at Brabourne Stadium, Mumbai. Keep away from DA Miller who hits them at will.",Not Available,DA Miller,160.0,160.0,8.33,8.2,11,180
ER Dwivedi,Not Available,Not Available,New Addition,Death Over Finisher,Neutral Venues,Unknown,Not Available,0,Execute standard death-over strategies: wide yorkers and back-of-a-length slower balls.,Vary pace and trajectory. Aim for the rough patches to induce a false shot.,Target this bowler aggressively. High economy rate suggests frequent boundary deliveries. Look for gaps early. ,ER Dwivedi is a Death Over Finisher. Strongest at most grounds.,Not Available,Not Available,160.0,211.1,0.0,0.0,0,0
H Klaasen,Not Available,Not Available,Batsman,Middle Order Anchor,"Rajiv Gandhi International Stadium, Uppal, Hyderabad > Arun Jaitley Stadium, Delhi > Eden Gardens, Kolkata > Narendra Modi Stadium, Ahmedabad",Unknown,Not Available,0,Execute standard death-over strategies: wide yorkers and back-of-a-length slower balls.,Vary pace and trajectory. Aim for the rough patches to induce a false shot.,Target this bowler aggressively. High economy rate suggests frequent boundary deliveries. Look for gaps early. ,"H Klaasen is a Middle Order Anchor. Strongest at Rajiv Gandhi International Stadium, Uppal, Hyderabad. Beware of SN Thakur who owns this matchup.",SN Thakur,Not Available,159.7,185.2,0.0,0.0,0,0
D Pretorius,Not Available,Not Available,Bowler,Death Over Finisher,"Brabourne Stadium, Mumbai > Maharashtra Cricket Association Stadium, Pune",Unknown,Not Available,0,Execute standard death-over strategies: wide yorkers and back-of-a-length slower balls.,Vary pace and trajectory. Aim for the rough patches to induce a false shot.,"Prime target for the death overs. Attack him aggressively late in the innings as he loses his length under pressure. Historically, N Pooran completely owns this bowler. Emulate that aggressive footprint.","D Pretorius is a Death Over Finisher. Strongest at Brabourne Stadium, Mumbai. Keep away from N Pooran who hits them at will.",Not Available,N Pooran,157.1,157.1,8.6,10.81,6,166
JP Inglis,Not Available,Not Available,Batsman,Top Order Aggressor,"Sawai Mansingh Stadium, Jaipur > Narendra Modi Stadium, Ahmedabad",Unknown,Not Available,0,Execute standard death-over strategies: wide yorkers and back-of-a-length slower balls.,Vary pace and trajectory. Aim for the rough patches to induce a false shot.,Target this bowler aggressively. High economy rate suggests frequent boundary deliveries. Look for gaps early. ,"JP Inglis is a Top Order Aggressor. Strongest at Sawai Mansingh Stadium, Jaipur. Beware of MJ Santner who owns this matchup.",MJ Santner,Not Available,157.1,147.4,0.0,0.0,0,0
Aniket Verma,Not Available,Not Available,Batsman,Middle Order Anchor,"Rajiv Gandhi International Stadium, Uppal, Hyderabad > Dr. Y.S. Rajasekhara Reddy ACA-VDCA Cricket Stadium, Visakhapatnam",Unknown,Not Available,0,Execute standard death-over strategies: wide yorkers and back-of-a-length slower balls.,Vary pace and trajectory. Aim for the rough patches to induce a false shot.,Target this bowler aggressively. High economy rate suggests frequent boundary deliveries. Look for gaps early. ,"Aniket Verma is a Middle Order Anchor. Strongest at Rajiv Gandhi International Stadium, Uppal, Hyderabad. Beware of AR Patel who owns this matchup.",AR Patel,Not Available,156.9,181.0,0.0,0.0,0,0
RD Rickelton,Not Available,Not Available,Batsman,Top Order Aggressor,"Wankhede Stadium, Mumbai > Sawai Mansingh Stadium, Jaipur",Unknown,Not Available,0,Execute standard death-over strategies: wide yorkers and back-of-a-length slower balls.,Vary pace and trajectory. Aim for the rough patches to induce a false shot.,Target this bowler aggressively. High economy rate suggests frequent boundary deliveries. Look for gaps early. ,"RD Rickelton is a Top Order Aggressor. Strongest at Wankhede Stadium, Mumbai. Beware of Arshdeep Singh who owns this matchup.",Arshdeep Singh,Not Available,156.5,171.4,0.0,0.0,0,0
K Gowtham,Not Available,Not Available,All-Rounder,Death Over Finisher,"Sawai Mansingh Stadium > Bharat Ratna Shri Atal Bihari Vajpayee Ekana Cricket Stadium, Lucknow > Wankhede Stadium, Mumbai > Eden Gardens",Unknown,Not Available,0,Execute standard death-over strategies: wide yorkers and back-of-a-length slower balls.,Vary pace and trajectory. Aim for the rough patches to induce a false shot.,"Prime target for the death overs. Attack him aggressively late in the innings as he loses his length under pressure. Historically, SP Narine completely owns this bowler. Emulate that aggressive footprint.",K Gowtham is a Death Over Finisher. Strongest at Sawai Mansingh Stadium. Beware of TA Boult who owns this matchup. Keep away from SP Narine who hits them at will.,TA Boult,SP Narine,155.3,169.1,8.09,12.5,21,599
P Nissanka,Not Available,Not Available,Batsman,Top Order Aggressor,"Arun Jaitley Stadium, Delhi > Sawai Mansingh Stadium, Jaipur",Unknown,Not Available,0,Execute standard death-over strategies: wide yorkers and back-of-a-length slower balls.,Vary pace and trajectory. Aim for the rough patches to induce a false shot.,Target this bowler aggressively. High economy rate suggests frequent boundary deliveries. Look for gaps early. ,"P Nissanka is a Top Order Aggressor. Strongest at Arun Jaitley Stadium, Delhi.",Not Available,Not Available,154.8,0.0,0.0,0.0,0,0
WG Jacks,Not Available,Not Available,All-Rounder,Middle Order Anchor,"Wankhede Stadium, Mumbai > Narendra Modi Stadium, Ahmedabad > Eden Gardens, Kolkata > Rajiv Gandhi International Stadium, Uppal, Hyderabad",Unknown,Not Available,0,Execute standard death-over strategies: wide yorkers and back-of-a-length slower balls.,Vary pace and trajectory. Aim for the rough patches to induce a false shot.,"Target this bowler aggressively. High economy rate suggests frequent boundary deliveries. Look for gaps early. Historically, Abhishek Sharma completely owns this bowler. Emulate that aggressive footprint.","WG Jacks is a Middle Order Anchor. Strongest at Wankhede Stadium, Mumbai. Beware of Noor Ahmad who owns this matchup. Keep away from Abhishek Sharma who hits them at will.",Noor Ahmad,Abhishek Sharma,154.7,483.3,9.5,9.43,8,151
SP Narine,Not Available,Not Available,All-Rounder,Top Order Aggressor,"Eden Gardens > Eden Gardens, Kolkata > Sheikh Zayed Stadium > MA Chidambaram Stadium, Chepauk, Chennai",Unknown,Not Available,0,Execute standard death-over strategies: wide yorkers and back-of-a-length slower balls.,Vary pace and trajectory. Aim for the rough patches to induce a false shot.,"Elite threat. Treat with immense respect. Focus on rotating the strike and do not take unnecessary aerial risks. Historically, TK Curran completely owns this bowler. Emulate that aggressive footprint.",SP Narine is a Top Order Aggressor. Strongest at Eden Gardens. Beware of JD Unadkat who owns this matchup. Keep away from TK Curran who hits them at will.,JD Unadkat,TK Curran,154.5,112.7,6.69,7.14,201,4586
J Overton,Not Available,Not Available,Bowler,Death Over Finisher,"MA Chidambaram Stadium, Chepauk, Chennai > Rajiv Gandhi International Stadium, Uppal, Hyderabad > M Chinnaswamy Stadium, Bengaluru > Barsapara Cricket Stadium, Guwahati",Unknown,Not Available,0,Execute standard death-over strategies: wide yorkers and back-of-a-length slower balls.,Vary pace and trajectory. Aim for the rough patches to induce a false shot.,"Target this bowler aggressively. High economy rate suggests frequent boundary deliveries. Look for gaps early. Historically, Ramandeep Singh completely owns this bowler. Emulate that aggressive footprint.","J Overton is a Death Over Finisher. Strongest at MA Chidambaram Stadium, Chepauk, Chennai. Keep away from Ramandeep Singh who hits them at will.",Not Available,Ramandeep Singh,154.1,155.2,9.99,9.65,9,161
N Pooran,Not Available,Not Available,Batsman,Middle Order Anchor,"Bharat Ratna Shri Atal Bihari Vajpayee Ekana Cricket Stadium, Lucknow > Dubai International Cricket Stadium > Eden Gardens, Kolkata > Wankhede Stadium, Mumbai",Unknown,Not Available,0,Execute standard death-over strategies: wide yorkers and back-of-a-length slower balls.,Vary pace and trajectory. Aim for the rough patches to induce a false shot.,Target this bowler aggressively. High economy rate suggests frequent boundary deliveries. Look for gaps early. ,"N Pooran is a Middle Order Anchor. Strongest at Bharat Ratna Shri Atal Bihari Vajpayee Ekana Cricket Stadium, Lucknow. Beware of K Rabada who owns this matchup.",K Rabada,Not Available,154.1,163.0,0.0,0.0,0,0
P Simran Singh,Not Available,Not Available,Batsman,Top Order Aggressor,"Himachal Pradesh Cricket Association Stadium, Dharamsala > Arun Jaitley Stadium, Delhi > Maharaja Yadavindra Singh International Cricket Stadium, Mullanpur > MA Chidambaram Stadium, Chepauk, Chennai",Unknown,Not Available,0,Execute standard death-over strategies: wide yorkers and back-of-a-length slower balls.,Vary pace and trajectory. Aim for the rough patches to induce a false shot.,Target this bowler aggressively. High economy rate suggests frequent boundary deliveries. Look for gaps early. ,"P Simran Singh is a Top Order Aggressor. Strongest at Himachal Pradesh Cricket Association Stadium, Dharamsala. Beware of B Kumar who owns this matchup.",B Kumar,Not Available,153.7,175.6,0.0,0.0,0,0
T Stubbs,Not Available,Not Available,Batsman,Middle Order Anchor,"Arun Jaitley Stadium, Delhi > MA Chidambaram Stadium, Chepauk, Chennai > Dr. Y.S. Rajasekhara Reddy ACA-VDCA Cricket Stadium, Visakhapatnam > M Chinnaswamy Stadium, Bengaluru",Unknown,Not Available,0,Execute standard death-over strategies: wide yorkers and back-of-a-length slower balls.,Vary pace and trajectory. Aim for the rough patches to induce a false shot.,Target this bowler aggressively. High economy rate suggests frequent boundary deliveries. Look for gaps early. ,"T Stubbs is a Middle Order Anchor. Strongest at Arun Jaitley Stadium, Delhi. Beware of M Pathirana who owns this matchup.",M Pathirana,Not Available,153.5,201.1,11.19,5.0,4,37
Ashutosh Sharma,Not Available,Not Available,Batsman,Death Over Finisher,"Maharaja Yadavindra Singh International Cricket Stadium, Mullanpur > Narendra Modi Stadium, Ahmedabad > Dr. Y.S. Rajasekhara Reddy ACA-VDCA Cricket Stadium, Visakhapatnam > Rajiv Gandhi International Stadium, Uppal, Hyderabad",Unknown,Not Available,0,Target primary weakness: Exploit raw pace. Use well-directed bouncers at the body and yorkers to trap them.,Alternate Tactic (Spin): Toss it up wide of off-stump. Force them to generate their own power by taking the pace off.,Target this bowler aggressively. High economy rate suggests frequent boundary deliveries. Look for gaps early. ,"Ashutosh Sharma is a Death Over Finisher. Strongest at Maharaja Yadavindra Singh International Cricket Stadium, Mullanpur. Beware of E Malinga who owns this matchup.",E Malinga,Not Available,152.4,162.0,0.0,0.0,0,0
RM Patidar,Not Available,Not Available,Batsman,Middle Order Anchor,"M Chinnaswamy Stadium, Bengaluru > Wankhede Stadium, Mumbai > Narendra Modi Stadium, Ahmedabad > Eden Gardens, Kolkata",Unknown,Not Available,0,Execute standard death-over strategies: wide yorkers and back-of-a-length slower balls.,Vary pace and trajectory. Aim for the rough patches to induce a false shot.,Target this bowler aggressively. High economy rate suggests frequent boundary deliveries. Look for gaps early. ,"RM Patidar is a Middle Order Anchor. Strongest at M Chinnaswamy Stadium, Bengaluru. Beware of R Ashwin who owns this matchup.",R Ashwin,Not Available,152.3,175.5,0.0,0.0,0,0
TU Deshpande,Not Available,Not Available,Bowler,Death Over Finisher,"MA Chidambaram Stadium, Chepauk, Chennai > Narendra Modi Stadium, Ahmedabad > Sawai Mansingh Stadium, Jaipur > Rajiv Gandhi International Stadium, Uppal, Hyderabad",Unknown,Not Available,0,Execute standard death-over strategies: wide yorkers and back-of-a-length slower balls.,Vary pace and trajectory. Aim for the rough patches to induce a false shot.,"Target this bowler aggressively. High economy rate suggests frequent boundary deliveries. Look for gaps early. Historically, D Padikkal completely owns this bowler. Emulate that aggressive footprint.","TU Deshpande is a Death Over Finisher. Strongest at MA Chidambaram Stadium, Chepauk, Chennai. Keep away from D Padikkal who hits them at will.",Not Available,D Padikkal,151.4,151.4,9.25,10.34,55,1149
Bipul Sharma,Not Available,Not Available,All-Rounder,Death Over Finisher,"Rajiv Gandhi International Stadium, Uppal > Punjab Cricket Association Stadium, Mohali > Eden Gardens > Feroz Shah Kotla",Unknown,Not Available,0,Execute standard death-over strategies: wide yorkers and back-of-a-length slower balls.,Vary pace and trajectory. Aim for the rough patches to induce a false shot.,"Prime target for the death overs. Attack him aggressively late in the innings as he loses his length under pressure. Historically, SPD Smith completely owns this bowler. Emulate that aggressive footprint.","Bipul Sharma is a Death Over Finisher. Strongest at Rajiv Gandhi International Stadium, Uppal. Keep away from SPD Smith who hits them at will.",Not Available,SPD Smith,150.8,156.4,7.87,14.0,17,436
CR Brathwaite,Not Available,Not Available,All-Rounder,Death Over Finisher,Feroz Shah Kotla > Wankhede Stadium > Shaheed Veer Narayan Singh International Stadium > Eden Gardens,Unknown,Not Available,0,Execute standard death-over strategies: wide yorkers and back-of-a-length slower balls.,Vary pace and trajectory. Aim for the rough patches to induce a false shot.,"Play out his deliveries on merit and wait for loose balls. Historically, AJ Finch completely owns this bowler. Emulate that aggressive footprint.",CR Brathwaite is a Death Over Finisher. Strongest at Feroz Shah Kotla. Beware of SN Thakur who owns this matchup. Keep away from AJ Finch who hits them at will.,SN Thakur,AJ Finch,150.8,184.7,8.55,9.89,13,266
Harmeet Singh,Not Available,Not Available,Bowler,Death Over Finisher,"Feroz Shah Kotla > Vidarbha Cricket Association Stadium, Jamtha > Subrata Roy Sahara Stadium > Punjab Cricket Association Stadium, Mohali",Unknown,Not Available,0,Execute standard death-over strategies: wide yorkers and back-of-a-length slower balls.,Vary pace and trajectory. Aim for the rough patches to induce a false shot.,"Play out his deliveries on merit and wait for loose balls. Historically, CH Gayle completely owns this bowler. Emulate that aggressive footprint.",Harmeet Singh is a Death Over Finisher. Strongest at Feroz Shah Kotla. Keep away from CH Gayle who hits them at will.,Not Available,CH Gayle,150.0,150.0,7.64,7.73,27,574
AUK Pathan,Not Available,Not Available,New Addition,Death Over Finisher,Neutral Venues,Unknown,Not Available,0,Execute standard death-over strategies: wide yorkers and back-of-a-length slower balls.,Vary pace and trajectory. Aim for the rough patches to induce a false shot.,"Prime target for the death overs. Attack him aggressively late in the innings as he loses his length under pressure. Historically, AT Rayudu completely owns this bowler. Emulate that aggressive footprint.",AUK Pathan is a Death Over Finisher. Strongest at most grounds.,Not Available,AT Rayudu,150.0,116.7,9.22,11.2,0,41
CH Morris,Not Available,Not Available,All-Rounder,Death Over Finisher,"Feroz Shah Kotla > Wankhede Stadium, Mumbai > MA Chidambaram Stadium, Chepauk > Dubai International Cricket Stadium",Unknown,Not Available,0,Execute standard death-over strategies: wide yorkers and back-of-a-length slower balls.,Vary pace and trajectory. Aim for the rough patches to induce a false shot.,"Play out his deliveries on merit and wait for loose balls. Historically, GJ Maxwell completely owns this bowler. Emulate that aggressive footprint.",CH Morris is a Death Over Finisher. Strongest at Feroz Shah Kotla. Beware of HV Patel who owns this matchup. Keep away from GJ Maxwell who hits them at will.,HV Patel,GJ Maxwell,149.6,160.5,7.69,8.33,96,1801
YBK Jaiswal,Not Available,Not Available,Batsman,Top Order Aggressor,"Sawai Mansingh Stadium, Jaipur > Barsapara Cricket Stadium, Guwahati > Wankhede Stadium, Mumbai > Eden Gardens, Kolkata",Unknown,Not Available,0,Execute standard death-over strategies: wide yorkers and back-of-a-length slower balls.,Vary pace and trajectory. Aim for the rough patches to induce a false shot.,Prime target for the death overs. Attack him aggressively late in the innings as he loses his length under pressure. ,"YBK Jaiswal is a Top Order Aggressor. Strongest at Sawai Mansingh Stadium, Jaipur. Beware of JR Hazlewood who owns this matchup.",JR Hazlewood,Not Available,149.0,200.0,36.0,36.0,0,1
V Sehwag,Not Available,Not Available,All-Rounder,Top Order Aggressor,"Feroz Shah Kotla > Rajiv Gandhi International Stadium, Uppal > Wankhede Stadium > MA Chidambaram Stadium, Chepauk",Unknown,Not Available,0,Execute standard death-over strategies: wide yorkers and back-of-a-length slower balls.,Vary pace and trajectory. Aim for the rough patches to induce a false shot.,Prime target for the death overs. Attack him aggressively late in the innings as he loses his length under pressure. ,V Sehwag is a Top Order Aggressor. Strongest at Feroz Shah Kotla. Beware of MM Patel who owns this matchup.,MM Patel,Not Available,148.8,208.6,10.22,13.64,6,138
GJ Maxwell,Not Available,Not Available,All-Rounder,Middle Order Anchor,"M Chinnaswamy Stadium, Bengaluru > Dubai International Cricket Stadium > Sharjah Cricket Stadium > Punjab Cricket Association IS Bindra Stadium, Mohali",Unknown,Not Available,0,Execute standard death-over strategies: wide yorkers and back-of-a-length slower balls.,Vary pace and trajectory. Aim for the rough patches to induce a false shot.,"Play out his deliveries on merit and wait for loose balls. Historically, JM Bairstow completely owns this bowler. Emulate that aggressive footprint.","GJ Maxwell is a Middle Order Anchor. Strongest at M Chinnaswamy Stadium, Bengaluru. Beware of RA Jadeja who owns this matchup. Keep away from JM Bairstow who hits them at will.",RA Jadeja,JM Bairstow,148.7,172.4,8.1,8.81,41,1047
AB de Villiers,Not Available,Not Available,Batsman,Middle Order Anchor,M Chinnaswamy Stadium > M.Chinnaswamy Stadium > Dubai International Cricket Stadium > Wankhede Stadium,Unknown,Not Available,0,Target primary weakness: Exploit raw pace. Use well-directed bouncers at the body and yorkers to trap them.,Alternate Tactic (Spin): Toss it up wide of off-stump. Force them to generate their own power by taking the pace off.,Target this bowler aggressively. High economy rate suggests frequent boundary deliveries. Look for gaps early. ,AB de Villiers is a Middle Order Anchor. Strongest at M Chinnaswamy Stadium. Beware of S Gopal who owns this matchup.,S Gopal,Not Available,148.6,215.5,0.0,0.0,0,0
C Green,Not Available,Not Available,All-Rounder,Middle Order Anchor,"Wankhede Stadium, Mumbai > M Chinnaswamy Stadium, Bengaluru > Narendra Modi Stadium, Ahmedabad > Rajiv Gandhi International Stadium, Uppal, Hyderabad",Unknown,Not Available,0,Execute standard death-over strategies: wide yorkers and back-of-a-length slower balls.,Vary pace and trajectory. Aim for the rough patches to induce a false shot.,"Prime target for the death overs. Attack him aggressively late in the innings as he loses his length under pressure. Historically, Shubman Gill completely owns this bowler. Emulate that aggressive footprint.","C Green is a Middle Order Anchor. Strongest at Wankhede Stadium, Mumbai. Beware of R Ashwin who owns this matchup. Keep away from Shubman Gill who hits them at will.",R Ashwin,Shubman Gill,148.5,179.2,8.83,11.55,18,517
LPC Silva,Not Available,Not Available,New Addition,Death Over Finisher,Neutral Venues,Unknown,Not Available,0,Execute standard death-over strategies: wide yorkers and back-of-a-length slower balls.,Vary pace and trajectory. Aim for the rough patches to induce a false shot.,Prime target for the death overs. Attack him aggressively late in the innings as he loses his length under pressure. ,LPC Silva is a Death Over Finisher. Strongest at most grounds.,Not Available,Not Available,148.1,230.0,21.0,21.0,0,6
Rashid Khan,Not Available,Not Available,All-Rounder,Death Over Finisher,"Narendra Modi Stadium, Ahmedabad > Rajiv Gandhi International Stadium > Dubai International Cricket Stadium > Wankhede Stadium, Mumbai",Unknown,Long On,9,Target primary weakness: Exploit raw pace. Use well-directed bouncers at the body and yorkers to trap them.,Alternate Tactic (Spin): Toss it up wide of off-stump. Force them to generate their own power by taking the pace off.,"Play out his deliveries on merit and wait for loose balls. Historically, Rahmanullah Gurbaz completely owns this bowler. Emulate that aggressive footprint.","Rashid Khan is a Death Over Finisher. Strongest at Narendra Modi Stadium, Ahmedabad. Beware of TU Deshpande who owns this matchup. Keep away from Rahmanullah Gurbaz who hits them at will.",TU Deshpande,Rahmanullah Gurbaz,148.0,154.1,7.07,8.26,168,3440
Avesh Khan,Not Available,Not Available,Bowler,Death Over Finisher,"Wankhede Stadium, Mumbai > MA Chidambaram Stadium, Chepauk, Chennai > Narendra Modi Stadium, Ahmedabad > Sawai Mansingh Stadium, Jaipur",Unknown,Not Available,0,Execute standard death-over strategies: wide yorkers and back-of-a-length slower balls.,Vary pace and trajectory. Aim for the rough patches to induce a false shot.,"Play out his deliveries on merit and wait for loose balls. Historically, Ashutosh Sharma completely owns this bowler. Emulate that aggressive footprint.","Avesh Khan is a Death Over Finisher. Strongest at Wankhede Stadium, Mumbai. Keep away from Ashutosh Sharma who hits them at will.",Not Available,Ashutosh Sharma,147.8,133.3,8.84,9.23,93,1788
AP Dole,Not Available,Not Available,New Addition,Death Over Finisher,"Sawai Mansingh Stadium > Vidarbha Cricket Association Stadium, Jamtha",Unknown,Not Available,0,Execute standard death-over strategies: wide yorkers and back-of-a-length slower balls.,Vary pace and trajectory. Aim for the rough patches to induce a false shot.,Target this bowler aggressively. High economy rate suggests frequent boundary deliveries. Look for gaps early. ,AP Dole is a Death Over Finisher. Strongest at Sawai Mansingh Stadium.,Not Available,Not Available,147.8,157.1,9.21,10.15,5,73
JM Sharma,Not Available,Not Available,Batsman,Middle Order Anchor,"Punjab Cricket Association IS Bindra Stadium, Mohali, Chandigarh > M Chinnaswamy Stadium, Bengaluru > Wankhede Stadium, Mumbai > Bharat Ratna Shri Atal Bihari Vajpayee Ekana Cricket Stadium, Lucknow",Unknown,Not Available,0,Execute standard death-over strategies: wide yorkers and back-of-a-length slower balls.,Vary pace and trajectory. Aim for the rough patches to induce a false shot.,Target this bowler aggressively. High economy rate suggests frequent boundary deliveries. Look for gaps early. ,"JM Sharma is a Middle Order Anchor. Strongest at Punjab Cricket Association IS Bindra Stadium, Mohali, Chandigarh. Beware of YS Chahal who owns this matchup.",YS Chahal,Not Available,147.8,172.5,0.0,0.0,0,0
GF Linde,Not Available,Not Available,New Addition,Death Over Finisher,Neutral Venues,Unknown,Not Available,0,Execute standard death-over strategies: wide yorkers and back-of-a-length slower balls.,Vary pace and trajectory. Aim for the rough patches to induce a false shot.,"Prime target for the death overs. Attack him aggressively late in the innings as he loses his length under pressure. Historically, JC Buttler completely owns this bowler. Emulate that aggressive footprint.",GF Linde is a Death Over Finisher. Strongest at most grounds.,Not Available,JC Buttler,147.6,147.6,8.92,24.0,1,37
Dhruv Jurel,Not Available,Not Available,Batsman,Middle Order Anchor,"Sawai Mansingh Stadium, Jaipur > Barsapara Cricket Stadium, Guwahati > Narendra Modi Stadium, Ahmedabad > MA Chidambaram Stadium, Chepauk, Chennai",Unknown,Not Available,0,Execute standard death-over strategies: wide yorkers and back-of-a-length slower balls.,Vary pace and trajectory. Aim for the rough patches to induce a false shot.,Target this bowler aggressively. High economy rate suggests frequent boundary deliveries. Look for gaps early. ,"Dhruv Jurel is a Middle Order Anchor. Strongest at Sawai Mansingh Stadium, Jaipur. Beware of CV Varun who owns this matchup.",CV Varun,Not Available,147.6,171.9,0.0,0.0,0,0
RR Rossouw,Not Available,Not Available,Batsman,Middle Order Anchor,"Himachal Pradesh Cricket Association Stadium, Dharamsala > MA Chidambaram Stadium, Chepauk, Chennai",Unknown,Not Available,0,Execute standard death-over strategies: wide yorkers and back-of-a-length slower balls.,Vary pace and trajectory. Aim for the rough patches to induce a false shot.,Target this bowler aggressively. High economy rate suggests frequent boundary deliveries. Look for gaps early. ,"RR Rossouw is a Middle Order Anchor. Strongest at Himachal Pradesh Cricket Association Stadium, Dharamsala. Beware of KV Sharma who owns this matchup.",KV Sharma,Not Available,147.4,195.2,0.0,0.0,0,0
LS Livingstone,Not Available,Not Available,All-Rounder,Middle Order Anchor,"Brabourne Stadium, Mumbai > Dr DY Patil Sports Academy, Mumbai > Wankhede Stadium, Mumbai > Maharaja Yadavindra Singh International Cricket Stadium, Mullanpur",Unknown,Not Available,0,Execute standard death-over strategies: wide yorkers and back-of-a-length slower balls.,Vary pace and trajectory. Aim for the rough patches to induce a false shot.,"Play out his deliveries on merit and wait for loose balls. Historically, Abhishek Sharma completely owns this bowler. Emulate that aggressive footprint.","LS Livingstone is a Middle Order Anchor. Strongest at Brabourne Stadium, Mumbai. Beware of I Sharma who owns this matchup. Keep away from Abhishek Sharma who hits them at will.",I Sharma,Abhishek Sharma,147.0,199.4,8.77,6.46,13,321
LH Ferguson,Not Available,Not Available,Bowler,Death Over Finisher,"Sharjah Cricket Stadium > Sheikh Zayed Stadium > Dr DY Patil Sports Academy, Mumbai > Maharaja Yadavindra Singh International Cricket Stadium, Mullanpur",Unknown,Not Available,0,Execute standard death-over strategies: wide yorkers and back-of-a-length slower balls.,Vary pace and trajectory. Aim for the rough patches to induce a false shot.,"Play out his deliveries on merit and wait for loose balls. Historically, RA Jadeja completely owns this bowler. Emulate that aggressive footprint.",LH Ferguson is a Death Over Finisher. Strongest at Sharjah Cricket Stadium. Keep away from RA Jadeja who hits them at will.,Not Available,RA Jadeja,146.9,146.9,8.64,10.06,54,1103
PJ Cummins,Not Available,Not Available,All-Rounder,Death Over Finisher,"Rajiv Gandhi International Stadium, Uppal, Hyderabad > Feroz Shah Kotla > Narendra Modi Stadium, Ahmedabad > MA Chidambaram Stadium, Chepauk, Chennai",Unknown,Not Available,0,Execute standard death-over strategies: wide yorkers and back-of-a-length slower balls.,Vary pace and trajectory. Aim for the rough patches to induce a false shot.,"Play out his deliveries on merit and wait for loose balls. Historically, BB McCullum completely owns this bowler. Emulate that aggressive footprint.","PJ Cummins is a Death Over Finisher. Strongest at Rajiv Gandhi International Stadium, Uppal, Hyderabad. Beware of TA Boult who owns this matchup. Keep away from BB McCullum who hits them at will.",TA Boult,BB McCullum,146.8,158.8,8.45,9.68,80,1731
SD Hope,Not Available,Not Available,Batsman,Top Order Aggressor,"Arun Jaitley Stadium, Delhi",Unknown,Not Available,0,Execute standard death-over strategies: wide yorkers and back-of-a-length slower balls.,Vary pace and trajectory. Aim for the rough patches to induce a false shot.,Target this bowler aggressively. High economy rate suggests frequent boundary deliveries. Look for gaps early. ,"SD Hope is a Top Order Aggressor. Strongest at Arun Jaitley Stadium, Delhi.",Not Available,Not Available,146.4,110.0,0.0,0.0,0,0
P Sahu,Not Available,Not Available,New Addition,Death Over Finisher,"Punjab Cricket Association IS Bindra Stadium, Mohali",Unknown,Not Available,0,Execute standard death-over strategies: wide yorkers and back-of-a-length slower balls.,Vary pace and trajectory. Aim for the rough patches to induce a false shot.,"Play out his deliveries on merit and wait for loose balls. Historically, F du Plessis completely owns this bowler. Emulate that aggressive footprint.","P Sahu is a Death Over Finisher. Strongest at Punjab Cricket Association IS Bindra Stadium, Mohali.",Not Available,F du Plessis,146.2,146.2,8.19,10.0,3,107
SA Yadav,Not Available,Not Available,Batsman,Middle Order Anchor,"Wankhede Stadium, Mumbai > Wankhede Stadium > Sheikh Zayed Stadium > Eden Gardens",Unknown,Not Available,0,Execute standard death-over strategies: wide yorkers and back-of-a-length slower balls.,Vary pace and trajectory. Aim for the rough patches to induce a false shot.,Play out his deliveries on merit and wait for loose balls. ,"SA Yadav is a Middle Order Anchor. Strongest at Wankhede Stadium, Mumbai. Beware of Sandeep Sharma who owns this matchup.",Sandeep Sharma,Not Available,145.1,176.7,8.0,0.0,0,6
JC Buttler,Not Available,Not Available,Batsman,Middle Order Anchor,"Narendra Modi Stadium, Ahmedabad > Sawai Mansingh Stadium > Wankhede Stadium, Mumbai > Wankhede Stadium",Unknown,Not Available,0,Execute standard death-over strategies: wide yorkers and back-of-a-length slower balls.,Vary pace and trajectory. Aim for the rough patches to induce a false shot.,Target this bowler aggressively. High economy rate suggests frequent boundary deliveries. Look for gaps early. ,"JC Buttler is a Middle Order Anchor. Strongest at Narendra Modi Stadium, Ahmedabad. Beware of Rashid Khan who owns this matchup.",Rashid Khan,Not Available,144.9,184.3,0.0,0.0,0,0
Umran Malik,Not Available,Not Available,Bowler,Death Over Finisher,"Wankhede Stadium, Mumbai > Maharashtra Cricket Association Stadium, Pune > Dr DY Patil Sports Academy, Mumbai > Rajiv Gandhi International Stadium, Uppal, Hyderabad",Unknown,Not Available,0,Target primary weakness: Exploit raw pace. Use well-directed bouncers at the body and yorkers to trap them.,Alternate Tactic (Spin): Toss it up wide of off-stump. Force them to generate their own power by taking the pace off.,"Play out his deliveries on merit and wait for loose balls. Historically, LS Livingstone completely owns this bowler. Emulate that aggressive footprint.","Umran Malik is a Death Over Finisher. Strongest at Wankhede Stadium, Mumbai. Keep away from LS Livingstone who hits them at will.",Not Available,LS Livingstone,143.8,143.8,8.92,10.08,29,519
PP Shaw,Not Available,Not Available,Batsman,Top Order Aggressor,"Arun Jaitley Stadium > Dubai International Cricket Stadium > Wankhede Stadium, Mumbai > Narendra Modi Stadium, Ahmedabad",Unknown,Not Available,0,Execute standard death-over strategies: wide yorkers and back-of-a-length slower balls.,Vary pace and trajectory. Aim for the rough patches to induce a false shot.,Target this bowler aggressively. High economy rate suggests frequent boundary deliveries. Look for gaps early. ,PP Shaw is a Top Order Aggressor. Strongest at Arun Jaitley Stadium. Beware of DL Chahar who owns this matchup.,DL Chahar,Not Available,143.2,136.4,0.0,0.0,0,0
MD Choudhary,Not Available,Not Available,Batsman,Death Over Finisher,"Eden Gardens, Kolkata",Unknown,Not Available,0,Execute standard death-over strategies: wide yorkers and back-of-a-length slower balls.,Vary pace and trajectory. Aim for the rough patches to induce a false shot.,Target this bowler aggressively. High economy rate suggests frequent boundary deliveries. Look for gaps early. ,"MD Choudhary is a Death Over Finisher. Strongest at Eden Gardens, Kolkata.",Not Available,Not Available,143.1,150.7,0.0,0.0,0,0
D Brevis,Not Available,Not Available,Batsman,Middle Order Anchor,"MA Chidambaram Stadium, Chepauk, Chennai > Maharashtra Cricket Association Stadium, Pune > Narendra Modi Stadium, Ahmedabad > Wankhede Stadium, Mumbai",Unknown,Not Available,0,Execute standard death-over strategies: wide yorkers and back-of-a-length slower balls.,Vary pace and trajectory. Aim for the rough patches to induce a false shot.,Prime target for the death overs. Attack him aggressively late in the innings as he loses his length under pressure. ,"D Brevis is a Middle Order Anchor. Strongest at MA Chidambaram Stadium, Chepauk, Chennai. Beware of CV Varun who owns this matchup.",CV Varun,Not Available,143.0,216.7,16.0,16.0,1,3
A Ashish Reddy,Not Available,Not Available,All-Rounder,Death Over Finisher,"Rajiv Gandhi International Stadium, Uppal > M Chinnaswamy Stadium > MA Chidambaram Stadium, Chepauk > Dr. Y.S. Rajasekhara Reddy ACA-VDCA Cricket Stadium",Unknown,Not Available,0,Execute standard death-over strategies: wide yorkers and back-of-a-length slower balls.,Vary pace and trajectory. Aim for the rough patches to induce a false shot.,"Play out his deliveries on merit and wait for loose balls. Historically, AB de Villiers completely owns this bowler. Emulate that aggressive footprint.","A Ashish Reddy is a Death Over Finisher. Strongest at Rajiv Gandhi International Stadium, Uppal. Beware of DJ Bravo who owns this matchup. Keep away from AB de Villiers who hits them at will.",DJ Bravo,AB de Villiers,142.9,144.6,8.8,9.54,18,270
MF Maharoof,Not Available,Not Available,All-Rounder,Death Over Finisher,"Feroz Shah Kotla > OUTsurance Oval > Wankhede Stadium > Punjab Cricket Association Stadium, Mohali",Unknown,Not Available,0,Execute standard death-over strategies: wide yorkers and back-of-a-length slower balls.,Vary pace and trajectory. Aim for the rough patches to induce a false shot.,"Play out his deliveries on merit and wait for loose balls. Historically, RG Sharma completely owns this bowler. Emulate that aggressive footprint.",MF Maharoof is a Death Over Finisher. Strongest at Feroz Shah Kotla. Keep away from RG Sharma who hits them at will.,Not Available,RG Sharma,142.7,150.0,7.07,8.74,27,441
Misbah-ul-Haq,Not Available,Not Available,Batsman,Middle Order Anchor,M Chinnaswamy Stadium,Unknown,Not Available,0,Execute standard death-over strategies: wide yorkers and back-of-a-length slower balls.,Vary pace and trajectory. Aim for the rough patches to induce a false shot.,Target this bowler aggressively. High economy rate suggests frequent boundary deliveries. Look for gaps early. ,Misbah-ul-Haq is a Middle Order Anchor. Strongest at M Chinnaswamy Stadium.,Not Available,Not Available,142.7,210.0,0.0,0.0,0,0
B Sai Sudharsan,Not Available,Not Available,Batsman,Middle Order Anchor,"Narendra Modi Stadium, Ahmedabad > Arun Jaitley Stadium, Delhi > M Chinnaswamy Stadium, Bengaluru > MA Chidambaram Stadium, Chepauk, Chennai",Unknown,Not Available,0,Execute standard death-over strategies: wide yorkers and back-of-a-length slower balls.,Vary pace and trajectory. Aim for the rough patches to induce a false shot.,Target this bowler aggressively. High economy rate suggests frequent boundary deliveries. Look for gaps early. ,"B Sai Sudharsan is a Middle Order Anchor. Strongest at Narendra Modi Stadium, Ahmedabad. Beware of JJ Bumrah who owns this matchup.",JJ Bumrah,Not Available,142.6,201.6,0.0,0.0,0,0
Abdul Samad,Not Available,Not Available,Batsman,Death Over Finisher,"Rajiv Gandhi International Stadium, Uppal, Hyderabad > Bharat Ratna Shri Atal Bihari Vajpayee Ekana Cricket Stadium, Lucknow > Dubai International Cricket Stadium > Sheikh Zayed Stadium",Unknown,Long On,2,Target primary weakness: Exploit raw pace. Use well-directed bouncers at the body and yorkers to trap them.,Alternate Tactic (Spin): Toss it up wide of off-stump. Force them to generate their own power by taking the pace off.,"Prime target for the death overs. Attack him aggressively late in the innings as he loses his length under pressure. Historically, MS Dhoni completely owns this bowler. Emulate that aggressive footprint.","Abdul Samad is a Death Over Finisher. Strongest at Rajiv Gandhi International Stadium, Uppal, Hyderabad. Beware of YS Chahal who owns this matchup.",YS Chahal,MS Dhoni,142.5,162.8,12.93,19.2,2,58
CH Gayle,Not Available,Not Available,All-Rounder,Top Order Aggressor,M Chinnaswamy Stadium > Eden Gardens > Punjab Cricket Association IS Bindra Stadium > Feroz Shah Kotla,Unknown,Not Available,0,Execute standard death-over strategies: wide yorkers and back-of-a-length slower balls.,Vary pace and trajectory. Aim for the rough patches to induce a false shot.,"Play out his deliveries on merit and wait for loose balls. Historically, PD Collingwood completely owns this bowler. Emulate that aggressive footprint.",CH Gayle is a Top Order Aggressor. Strongest at M Chinnaswamy Stadium. Beware of R Ashwin who owns this matchup. Keep away from PD Collingwood who hits them at will.,R Ashwin,PD Collingwood,142.1,191.1,7.49,8.39,18,584
JM Bairstow,Not Available,Not Available,Batsman,Top Order Aggressor,"Rajiv Gandhi International Stadium > MA Chidambaram Stadium, Chepauk, Chennai > Dubai International Cricket Stadium > Eden Gardens, Kolkata",Unknown,Not Available,0,Execute standard death-over strategies: wide yorkers and back-of-a-length slower balls.,Vary pace and trajectory. Aim for the rough patches to induce a false shot.,Target this bowler aggressively. High economy rate suggests frequent boundary deliveries. Look for gaps early. ,JM Bairstow is a Top Order Aggressor. Strongest at Rajiv Gandhi International Stadium. Beware of YS Chahal who owns this matchup.,YS Chahal,Not Available,141.7,131.6,0.0,0.0,0,0
Abishek Porel,Not Available,Not Available,Batsman,Middle Order Anchor,"Arun Jaitley Stadium, Delhi > Bharat Ratna Shri Atal Bihari Vajpayee Ekana Cricket Stadium, Lucknow",Unknown,Not Available,0,Target primary weakness: Exploit raw pace. Use well-directed bouncers at the body and yorkers to trap them.,Alternate Tactic (Spin): Toss it up wide of off-stump. Force them to generate their own power by taking the pace off.,Target this bowler aggressively. High economy rate suggests frequent boundary deliveries. Look for gaps early. ,"Abishek Porel is a Middle Order Anchor. Strongest at Arun Jaitley Stadium, Delhi. Beware of YS Chahal who owns this matchup.",YS Chahal,Not Available,141.6,167.6,0.0,0.0,0,0
MP Stoinis,Not Available,Not Available,All-Rounder,Middle Order Anchor,"Bharat Ratna Shri Atal Bihari Vajpayee Ekana Cricket Stadium, Lucknow > Dubai International Cricket Stadium > Sheikh Zayed Stadium > MA Chidambaram Stadium, Chepauk, Chennai",Unknown,Not Available,0,Execute standard death-over strategies: wide yorkers and back-of-a-length slower balls.,Vary pace and trajectory. Aim for the rough patches to induce a false shot.,"Prime target for the death overs. Attack him aggressively late in the innings as he loses his length under pressure. Historically, RA Tripathi completely owns this bowler. Emulate that aggressive footprint.","MP Stoinis is a Middle Order Anchor. Strongest at Bharat Ratna Shri Atal Bihari Vajpayee Ekana Cricket Stadium, Lucknow. Beware of JJ Bumrah who owns this matchup. Keep away from RA Tripathi who hits them at will.",JJ Bumrah,RA Tripathi,141.5,172.4,9.46,12.42,44,937
RR Pant,Not Available,Not Available,Batsman,Middle Order Anchor,"Arun Jaitley Stadium > Dubai International Cricket Stadium > Bharat Ratna Shri Atal Bihari Vajpayee Ekana Cricket Stadium, Lucknow > Feroz Shah Kotla",Unknown,Not Available,0,Execute standard death-over strategies: wide yorkers and back-of-a-length slower balls.,Vary pace and trajectory. Aim for the rough patches to induce a false shot.,Target this bowler aggressively. High economy rate suggests frequent boundary deliveries. Look for gaps early. ,RR Pant is a Middle Order Anchor. Strongest at Arun Jaitley Stadium. Beware of JJ Bumrah who owns this matchup.,JJ Bumrah,Not Available,141.4,190.6,0.0,0.0,0,0
SO Hetmyer,Not Available,Not Available,Batsman,Death Over Finisher,"Narendra Modi Stadium, Ahmedabad > Wankhede Stadium, Mumbai > Dubai International Cricket Stadium > Sawai Mansingh Stadium, Jaipur",Unknown,Not Available,0,Execute standard death-over strategies: wide yorkers and back-of-a-length slower balls.,Vary pace and trajectory. Aim for the rough patches to induce a false shot.,Target this bowler aggressively. High economy rate suggests frequent boundary deliveries. Look for gaps early. ,"SO Hetmyer is a Death Over Finisher. Strongest at Narendra Modi Stadium, Ahmedabad. Beware of JJ Bumrah who owns this matchup.",JJ Bumrah,Not Available,141.4,159.6,0.0,0.0,0,0
D Wiese,Not Available,Not Available,All-Rounder,Death Over Finisher,"M Chinnaswamy Stadium > MA Chidambaram Stadium, Chepauk",Unknown,Not Available,0,Execute standard death-over strategies: wide yorkers and back-of-a-length slower balls.,Vary pace and trajectory. Aim for the rough patches to induce a false shot.,"Play out his deliveries on merit and wait for loose balls. Historically, Q de Kock completely owns this bowler. Emulate that aggressive footprint.",D Wiese is a Death Over Finisher. Strongest at M Chinnaswamy Stadium. Beware of DJ Bravo who owns this matchup. Keep away from Q de Kock who hits them at will.,DJ Bravo,Q de Kock,141.0,156.2,8.6,9.69,16,307
HH Pandya,Not Available,Not Available,All-Rounder,Middle Order Anchor,"Wankhede Stadium > Wankhede Stadium, Mumbai > Narendra Modi Stadium, Ahmedabad > Eden Gardens",Unknown,Not Available,0,Execute standard death-over strategies: wide yorkers and back-of-a-length slower balls.,Vary pace and trajectory. Aim for the rough patches to induce a false shot.,"Prime target for the death overs. Attack him aggressively late in the innings as he loses his length under pressure. Historically, AB de Villiers completely owns this bowler. Emulate that aggressive footprint.",HH Pandya is a Middle Order Anchor. Strongest at Wankhede Stadium. Beware of YS Chahal who owns this matchup. Keep away from AB de Villiers who hits them at will.,YS Chahal,AB de Villiers,140.8,161.4,8.88,11.16,82,1839
Mohammad Nabi,Not Available,Not Available,All-Rounder,Death Over Finisher,"Rajiv Gandhi International Stadium > Wankhede Stadium > Arun Jaitley Stadium > MA Chidambaram Stadium, Chepauk, Chennai",Unknown,Long On,1,Execute standard death-over strategies: wide yorkers and back-of-a-length slower balls.,Vary pace and trajectory. Aim for the rough patches to induce a false shot.,"Play out his deliveries on merit and wait for loose balls. Historically, KL Rahul completely owns this bowler. Emulate that aggressive footprint.",Mohammad Nabi is a Death Over Finisher. Strongest at Rajiv Gandhi International Stadium. Beware of JJ Bumrah who owns this matchup. Keep away from KL Rahul who hits them at will.,JJ Bumrah,KL Rahul,140.8,140.2,7.4,10.0,15,419
Vivrant Sharma,Not Available,Not Available,Batsman,Middle Order Anchor,"Wankhede Stadium, Mumbai",Unknown,Not Available,0,Execute standard death-over strategies: wide yorkers and back-of-a-length slower balls.,Vary pace and trajectory. Aim for the rough patches to induce a false shot.,Target this bowler aggressively. High economy rate suggests frequent boundary deliveries. Look for gaps early. ,"Vivrant Sharma is a Middle Order Anchor. Strongest at Wankhede Stadium, Mumbai. Beware of JP Behrendorff who owns this matchup.",JP Behrendorff,Not Available,140.8,0.0,10.57,0.0,0,21
M Shahrukh Khan,Not Available,Not Available,Batsman,Middle Order Anchor,"Narendra Modi Stadium, Ahmedabad > Wankhede Stadium, Mumbai",Unknown,Not Available,0,Execute standard death-over strategies: wide yorkers and back-of-a-length slower balls.,Vary pace and trajectory. Aim for the rough patches to induce a false shot.,Target this bowler aggressively. High economy rate suggests frequent boundary deliveries. Look for gaps early. ,"M Shahrukh Khan is a Middle Order Anchor. Strongest at Narendra Modi Stadium, Ahmedabad. Beware of Avesh Khan who owns this matchup.",Avesh Khan,Not Available,140.7,154.9,9.33,7.0,1,18
KA Pollard,Not Available,Not Available,All-Rounder,Death Over Finisher,Wankhede Stadium > M Chinnaswamy Stadium > Eden Gardens > Dubai International Cricket Stadium,Unknown,Not Available,0,Execute standard death-over strategies: wide yorkers and back-of-a-length slower balls.,Vary pace and trajectory. Aim for the rough patches to induce a false shot.,"Play out his deliveries on merit and wait for loose balls. Historically, V Sehwag completely owns this bowler. Emulate that aggressive footprint.",KA Pollard is a Death Over Finisher. Strongest at Wankhede Stadium. Beware of R Ashwin who owns this matchup. Keep away from V Sehwag who hits them at will.,R Ashwin,V Sehwag,140.5,160.0,8.25,9.98,69,1586
MJ Lumb,Not Available,Not Available,Batsman,Top Order Aggressor,"Sawai Mansingh Stadium > Sardar Patel Stadium, Motera",Unknown,Not Available,0,Execute standard death-over strategies: wide yorkers and back-of-a-length slower balls.,Vary pace and trajectory. Aim for the rough patches to induce a false shot.,Target this bowler aggressively. High economy rate suggests frequent boundary deliveries. Look for gaps early. ,MJ Lumb is a Top Order Aggressor. Strongest at Sawai Mansingh Stadium. Beware of JA Morkel who owns this matchup.,JA Morkel,Not Available,140.4,0.0,0.0,0.0,0,0
Shivang Kumar,Not Available,Not Available,Bowler,Death Over Finisher,"Maharaja Yadavindra Singh International Cricket Stadium, New Chandigarh > Rajiv Gandhi International Stadium, Uppal, Hyderabad",Unknown,Not Available,0,Execute standard death-over strategies: wide yorkers and back-of-a-length slower balls.,Vary pace and trajectory. Aim for the rough patches to induce a false shot.,"Target this bowler aggressively. High economy rate suggests frequent boundary deliveries. Look for gaps early. Historically, D Ferreira completely owns this bowler. Emulate that aggressive footprint.","Shivang Kumar is a Death Over Finisher. Strongest at Maharaja Yadavindra Singh International Cricket Stadium, New Chandigarh. Keep away from D Ferreira who hits them at will.",Not Available,D Ferreira,140.0,140.0,9.43,0.0,5,133
V Viyaskanth,Not Available,Not Available,New Addition,Death Over Finisher,Neutral Venues,Unknown,Not Available,0,Execute standard death-over strategies: wide yorkers and back-of-a-length slower balls.,Vary pace and trajectory. Aim for the rough patches to induce a false shot.,"Play out his deliveries on merit and wait for loose balls. Historically, P Simran Singh completely owns this bowler. Emulate that aggressive footprint.",V Viyaskanth is a Death Over Finisher. Strongest at most grounds.,Not Available,P Simran Singh,140.0,140.0,8.6,0.0,1,60
Tilak Varma,Not Available,Not Available,Batsman,Middle Order Anchor,"Wankhede Stadium, Mumbai > Narendra Modi Stadium, Ahmedabad > Arun Jaitley Stadium, Delhi > Dr DY Patil Sports Academy, Mumbai",Unknown,Short Mid-Wicket,1,Execute standard death-over strategies: wide yorkers and back-of-a-length slower balls.,Vary pace and trajectory. Aim for the rough patches to induce a false shot.,Prime target for the death overs. Attack him aggressively late in the innings as he loses his length under pressure. ,"Tilak Varma is a Middle Order Anchor. Strongest at Wankhede Stadium, Mumbai. Beware of Mukesh Kumar who owns this matchup.",Mukesh Kumar,Not Available,140.0,181.0,7.3,12.0,0,23
A Raghuvanshi,Not Available,Not Available,Batsman,Middle Order Anchor,"Eden Gardens, Kolkata > Wankhede Stadium, Mumbai > Arun Jaitley Stadium, Delhi > Dr. Y.S. Rajasekhara Reddy ACA-VDCA Cricket Stadium, Visakhapatnam",Unknown,Not Available,0,Execute standard death-over strategies: wide yorkers and back-of-a-length slower balls.,Vary pace and trajectory. Aim for the rough patches to induce a false shot.,Target this bowler aggressively. High economy rate suggests frequent boundary deliveries. Look for gaps early. ,"A Raghuvanshi is a Middle Order Anchor. Strongest at Eden Gardens, Kolkata. Beware of Avesh Khan who owns this matchup.",Avesh Khan,Not Available,139.7,141.8,0.0,0.0,0,0
Sunny Singh,Not Available,Not Available,Batsman,Middle Order Anchor,Neutral Venues,Unknown,Not Available,0,Execute standard death-over strategies: wide yorkers and back-of-a-length slower balls.,Vary pace and trajectory. Aim for the rough patches to induce a false shot.,Target this bowler aggressively. High economy rate suggests frequent boundary deliveries. Look for gaps early. ,Sunny Singh is a Middle Order Anchor. Strongest at most grounds.,Not Available,Not Available,138.7,77.8,0.0,0.0,0,0
R Ravindra,Not Available,Not Available,Batsman,Top Order Aggressor,"MA Chidambaram Stadium, Chepauk, Chennai > M Chinnaswamy Stadium, Bengaluru",Unknown,Not Available,0,Execute standard death-over strategies: wide yorkers and back-of-a-length slower balls.,Vary pace and trajectory. Aim for the rough patches to induce a false shot.,Elite threat. Treat with immense respect. Focus on rotating the strike and do not take unnecessary aerial risks. ,"R Ravindra is a Top Order Aggressor. Strongest at MA Chidambaram Stadium, Chepauk, Chennai. Beware of GJ Maxwell who owns this matchup.",GJ Maxwell,Not Available,138.6,266.7,3.5,0.0,0,12
AJ Hosein,Not Available,Not Available,New Addition,Death Over Finisher,"Wankhede Stadium, Mumbai",Unknown,Not Available,0,Execute standard death-over strategies: wide yorkers and back-of-a-length slower balls.,Vary pace and trajectory. Aim for the rough patches to induce a false shot.,Prime target for the death overs. Attack him aggressively late in the innings as he loses his length under pressure. ,"AJ Hosein is a Death Over Finisher. Strongest at Wankhede Stadium, Mumbai.",Not Available,Not Available,138.5,138.5,8.28,12.0,7,108
Atharva Taide,Not Available,Not Available,Batsman,Top Order Aggressor,"Himachal Pradesh Cricket Association Stadium, Dharamsala > Punjab Cricket Association IS Bindra Stadium, Mohali, Chandigarh",Unknown,Deep Square Leg,1,Alternate Tactic (Pace): Bowl hard lengths outside off-stump. Use off-cutters rolling fingers over the seam to disrupt timing.,"Target primary weakness: Exploit the spinning ball, use variations in flight and turn away from the bat.",Prime target for the death overs. Attack him aggressively late in the innings as he loses his length under pressure. ,"Atharva Taide is a Top Order Aggressor. Strongest at Himachal Pradesh Cricket Association Stadium, Dharamsala. Beware of TA Boult who owns this matchup.",TA Boult,Not Available,138.3,0.0,24.0,24.0,0,1
JC Archer,Not Available,Not Available,All-Rounder,Death Over Finisher,"Sawai Mansingh Stadium > Dubai International Cricket Stadium > Sheikh Zayed Stadium > Barsapara Cricket Stadium, Guwahati",Unknown,Not Available,0,Execute standard death-over strategies: wide yorkers and back-of-a-length slower balls.,Vary pace and trajectory. Aim for the rough patches to induce a false shot.,"Play out his deliveries on merit and wait for loose balls. Historically, AB de Villiers completely owns this bowler. Emulate that aggressive footprint.",JC Archer is a Death Over Finisher. Strongest at Sawai Mansingh Stadium. Beware of JJ Bumrah who owns this matchup. Keep away from AB de Villiers who hits them at will.,JJ Bumrah,AB de Villiers,138.0,146.2,7.64,9.46,74,1509
YK Pathan,Not Available,Not Available,All-Rounder,Middle Order Anchor,"Eden Gardens > Sawai Mansingh Stadium > Wankhede Stadium > Rajiv Gandhi International Stadium, Uppal",Unknown,Not Available,0,Execute standard death-over strategies: wide yorkers and back-of-a-length slower balls.,Vary pace and trajectory. Aim for the rough patches to induce a false shot.,"Play out his deliveries on merit and wait for loose balls. Historically, R Dravid completely owns this bowler. Emulate that aggressive footprint.",YK Pathan is a Middle Order Anchor. Strongest at Eden Gardens. Beware of B Kumar who owns this matchup. Keep away from R Dravid who hits them at will.,B Kumar,R Dravid,138.0,153.8,7.17,9.19,42,1184
HM Amla,Not Available,Not Available,Batsman,Top Order Aggressor,"Punjab Cricket Association IS Bindra Stadium, Mohali > Holkar Cricket Stadium > Saurashtra Cricket Association Stadium",Unknown,Not Available,0,Execute standard death-over strategies: wide yorkers and back-of-a-length slower balls.,Vary pace and trajectory. Aim for the rough patches to induce a false shot.,Target this bowler aggressively. High economy rate suggests frequent boundary deliveries. Look for gaps early. ,"HM Amla is a Top Order Aggressor. Strongest at Punjab Cricket Association IS Bindra Stadium, Mohali. Beware of CH Morris who owns this matchup.",CH Morris,Not Available,138.0,225.9,0.0,0.0,0,0
Ishan Kishan,Not Available,Not Available,Batsman,Middle Order Anchor,"Wankhede Stadium, Mumbai > Rajiv Gandhi International Stadium, Uppal, Hyderabad > Dubai International Cricket Stadium > Bharat Ratna Shri Atal Bihari Vajpayee Ekana Cricket Stadium, Lucknow",Unknown,Wicketkeeper,7,Alternate Tactic (Pace): Bowl hard lengths outside off-stump. Use off-cutters rolling fingers over the seam to disrupt timing.,"Target primary weakness: Exploit the spinning ball, use variations in flight and turn away from the bat.",Prime target for the death overs. Attack him aggressively late in the innings as he loses his length under pressure. ,"Ishan Kishan is a Middle Order Anchor. Strongest at Wankhede Stadium, Mumbai. Beware of Imran Tahir who owns this matchup.",Imran Tahir,Not Available,137.9,181.8,24.0,24.0,0,1
PBB Rajapaksa,Not Available,Not Available,Batsman,Middle Order Anchor,"Wankhede Stadium, Mumbai > Dr DY Patil Sports Academy, Mumbai > Punjab Cricket Association IS Bindra Stadium, Mohali, Chandigarh",Unknown,Not Available,0,Execute standard death-over strategies: wide yorkers and back-of-a-length slower balls.,Vary pace and trajectory. Aim for the rough patches to induce a false shot.,Target this bowler aggressively. High economy rate suggests frequent boundary deliveries. Look for gaps early. ,"PBB Rajapaksa is a Middle Order Anchor. Strongest at Wankhede Stadium, Mumbai. Beware of AS Joseph who owns this matchup.",AS Joseph,Not Available,137.8,75.0,0.0,0.0,0,0
RK Singh,Not Available,Not Available,Batsman,Middle Order Anchor,"Eden Gardens, Kolkata > Wankhede Stadium, Mumbai > Bharat Ratna Shri Atal Bihari Vajpayee Ekana Cricket Stadium, Lucknow > Dr DY Patil Sports Academy, Mumbai",Unknown,Not Available,0,Execute standard death-over strategies: wide yorkers and back-of-a-length slower balls.,Vary pace and trajectory. Aim for the rough patches to induce a false shot.,Target this bowler aggressively. High economy rate suggests frequent boundary deliveries. Look for gaps early. ,"RK Singh is a Middle Order Anchor. Strongest at Eden Gardens, Kolkata. Beware of Noor Ahmad who owns this matchup.",Noor Ahmad,Not Available,137.7,175.9,0.0,0.0,0,0
MJ Guptill,Not Available,Not Available,Batsman,Top Order Aggressor,"Punjab Cricket Association IS Bindra Stadium, Mohali > Dr. Y.S. Rajasekhara Reddy ACA-VDCA Cricket Stadium > Wankhede Stadium",Unknown,Not Available,0,Execute standard death-over strategies: wide yorkers and back-of-a-length slower balls.,Vary pace and trajectory. Aim for the rough patches to induce a false shot.,Target this bowler aggressively. High economy rate suggests frequent boundary deliveries. Look for gaps early. ,"MJ Guptill is a Top Order Aggressor. Strongest at Punjab Cricket Association IS Bindra Stadium, Mohali. Beware of A Mishra who owns this matchup.",A Mishra,Not Available,137.6,0.0,0.0,0.0,0,0
Yudhvir Singh,Not Available,Not Available,Bowler,Death Over Finisher,"Arun Jaitley Stadium, Delhi > Bharat Ratna Shri Atal Bihari Vajpayee Ekana Cricket Stadium, Lucknow",Unknown,Not Available,0,Execute standard death-over strategies: wide yorkers and back-of-a-length slower balls.,Vary pace and trajectory. Aim for the rough patches to induce a false shot.,"Prime target for the death overs. Attack him aggressively late in the innings as he loses his length under pressure. Historically, Shubman Gill completely owns this bowler. Emulate that aggressive footprint.","Yudhvir Singh is a Death Over Finisher. Strongest at Arun Jaitley Stadium, Delhi. Keep away from Shubman Gill who hits them at will.",Not Available,Shubman Gill,137.5,166.7,10.47,12.0,8,145
D Salunkhe,Not Available,Not Available,New Addition,Death Over Finisher,Neutral Venues,Unknown,Not Available,0,Execute standard death-over strategies: wide yorkers and back-of-a-length slower balls.,Vary pace and trajectory. Aim for the rough patches to induce a false shot.,Target this bowler aggressively. High economy rate suggests frequent boundary deliveries. Look for gaps early. ,D Salunkhe is a Death Over Finisher. Strongest at most grounds.,Not Available,Not Available,137.5,147.1,9.18,7.0,1,51
Sediqullah Atal,Not Available,Not Available,New Addition,Middle Order Anchor,Neutral Venues,Unknown,Not Available,0,Execute standard death-over strategies: wide yorkers and back-of-a-length slower balls.,Vary pace and trajectory. Aim for the rough patches to induce a false shot.,Target this bowler aggressively. High economy rate suggests frequent boundary deliveries. Look for gaps early. ,Sediqullah Atal is a Middle Order Anchor. Strongest at most grounds.,Not Available,Not Available,137.5,0.0,0.0,0.0,0,0
KR Mayers,Not Available,Not Available,Batsman,Top Order Aggressor,"Bharat Ratna Shri Atal Bihari Vajpayee Ekana Cricket Stadium, Lucknow > MA Chidambaram Stadium, Chepauk, Chennai > Punjab Cricket Association IS Bindra Stadium, Mohali, Chandigarh > Sawai Mansingh Stadium, Jaipur",Unknown,Not Available,0,Execute standard death-over strategies: wide yorkers and back-of-a-length slower balls.,Vary pace and trajectory. Aim for the rough patches to induce a false shot.,Play out his deliveries on merit and wait for loose balls. ,"KR Mayers is a Top Order Aggressor. Strongest at Bharat Ratna Shri Atal Bihari Vajpayee Ekana Cricket Stadium, Lucknow. Beware of K Rabada who owns this matchup.",K Rabada,Not Available,137.3,0.0,7.7,0.0,0,46
MR Marsh,Not Available,Not Available,All-Rounder,Middle Order Anchor,"Bharat Ratna Shri Atal Bihari Vajpayee Ekana Cricket Stadium, Lucknow > Arun Jaitley Stadium, Delhi > Dr DY Patil Sports Academy, Mumbai > Rajiv Gandhi International Stadium, Uppal",Unknown,Not Available,0,Execute standard death-over strategies: wide yorkers and back-of-a-length slower balls.,Vary pace and trajectory. Aim for the rough patches to induce a false shot.,"Play out his deliveries on merit and wait for loose balls. Historically, CH Gayle completely owns this bowler. Emulate that aggressive footprint.","MR Marsh is a Middle Order Anchor. Strongest at Bharat Ratna Shri Atal Bihari Vajpayee Ekana Cricket Stadium, Lucknow. Beware of Arshdeep Singh who owns this matchup. Keep away from CH Gayle who hits them at will.",Arshdeep Singh,CH Gayle,137.0,149.7,8.04,10.28,37,593
RN ten Doeschate,Not Available,Not Available,Batsman,Death Over Finisher,Eden Gardens > Wankhede Stadium > JSCA International Stadium Complex,Unknown,Not Available,0,Execute standard death-over strategies: wide yorkers and back-of-a-length slower balls.,Vary pace and trajectory. Aim for the rough patches to induce a false shot.,Elite threat. Treat with immense respect. Focus on rotating the strike and do not take unnecessary aerial risks. ,RN ten Doeschate is a Death Over Finisher. Strongest at Eden Gardens. Beware of Harbhajan Singh who owns this matchup.,Harbhajan Singh,Not Available,137.0,149.3,6.8,10.29,2,83
JA Morkel,Not Available,Not Available,All-Rounder,Death Over Finisher,"MA Chidambaram Stadium, Chepauk > M Chinnaswamy Stadium > Eden Gardens > Dr DY Patil Sports Academy",Unknown,Not Available,0,Execute standard death-over strategies: wide yorkers and back-of-a-length slower balls.,Vary pace and trajectory. Aim for the rough patches to induce a false shot.,"Play out his deliveries on merit and wait for loose balls. Historically, PC Valthaty completely owns this bowler. Emulate that aggressive footprint.","JA Morkel is a Death Over Finisher. Strongest at MA Chidambaram Stadium, Chepauk. Beware of DW Steyn who owns this matchup. Keep away from PC Valthaty who hits them at will.",DW Steyn,PC Valthaty,136.9,149.9,7.83,9.0,85,1807
SV Samson,Not Available,Not Available,Batsman,Middle Order Anchor,"Wankhede Stadium, Mumbai > Sawai Mansingh Stadium, Jaipur > Sawai Mansingh Stadium > Feroz Shah Kotla",Unknown,Not Available,0,Execute standard death-over strategies: wide yorkers and back-of-a-length slower balls.,Vary pace and trajectory. Aim for the rough patches to induce a false shot.,Target this bowler aggressively. High economy rate suggests frequent boundary deliveries. Look for gaps early. ,"SV Samson is a Middle Order Anchor. Strongest at Wankhede Stadium, Mumbai. Beware of YS Chahal who owns this matchup.",YS Chahal,Not Available,136.9,182.7,0.0,0.0,0,0
I Udana,Not Available,Not Available,Bowler,Death Over Finisher,Dubai International Cricket Stadium > Sharjah Cricket Stadium > Sheikh Zayed Stadium,Unknown,Not Available,0,Execute standard death-over strategies: wide yorkers and back-of-a-length slower balls.,Vary pace and trajectory. Aim for the rough patches to induce a false shot.,Target this bowler aggressively. High economy rate suggests frequent boundary deliveries. Look for gaps early. ,I Udana is a Death Over Finisher. Strongest at Dubai International Cricket Stadium.,Not Available,Not Available,136.4,136.4,9.3,8.76,8,182
CA Lynn,Not Available,Not Available,Batsman,Top Order Aggressor,Eden Gardens > Rajiv Gandhi International Stadium > M.Chinnaswamy Stadium > Wankhede Stadium,Unknown,Not Available,0,Execute standard death-over strategies: wide yorkers and back-of-a-length slower balls.,Vary pace and trajectory. Aim for the rough patches to induce a false shot.,Target this bowler aggressively. High economy rate suggests frequent boundary deliveries. Look for gaps early. ,CA Lynn is a Top Order Aggressor. Strongest at Eden Gardens. Beware of Shakib Al Hasan who owns this matchup.,Shakib Al Hasan,Not Available,136.4,100.0,0.0,0.0,0,0
R Parag,Not Available,Not Available,All-Rounder,Middle Order Anchor,"Sawai Mansingh Stadium, Jaipur > Barsapara Cricket Stadium, Guwahati > Eden Gardens, Kolkata > Wankhede Stadium, Mumbai",Unknown,Not Available,0,Execute standard death-over strategies: wide yorkers and back-of-a-length slower balls.,Vary pace and trajectory. Aim for the rough patches to induce a false shot.,"Prime target for the death overs. Attack him aggressively late in the innings as he loses his length under pressure. Historically, RR Pant completely owns this bowler. Emulate that aggressive footprint.","R Parag is a Middle Order Anchor. Strongest at Sawai Mansingh Stadium, Jaipur. Beware of PJ Cummins who owns this matchup. Keep away from RR Pant who hits them at will.",PJ Cummins,RR Pant,136.2,153.5,9.25,12.4,9,334
R Powell,Not Available,Not Available,Batsman,Middle Order Anchor,"Wankhede Stadium, Mumbai > Eden Gardens, Kolkata > Brabourne Stadium, Mumbai",Unknown,Not Available,0,Execute standard death-over strategies: wide yorkers and back-of-a-length slower balls.,Vary pace and trajectory. Aim for the rough patches to induce a false shot.,Prime target for the death overs. Attack him aggressively late in the innings as he loses his length under pressure. ,"R Powell is a Middle Order Anchor. Strongest at Wankhede Stadium, Mumbai. Beware of Ravi Bishnoi who owns this matchup.",Ravi Bishnoi,Not Available,136.1,175.6,10.0,12.0,1,21
Shubman Gill,Not Available,Not Available,Batsman,Top Order Aggressor,"Narendra Modi Stadium, Ahmedabad > Eden Gardens > Sharjah Cricket Stadium > Dubai International Cricket Stadium",Unknown,Long On,3,Alternate Tactic (Pace): Bowl hard lengths outside off-stump. Use off-cutters rolling fingers over the seam to disrupt timing.,"Target primary weakness: Exploit the spinning ball, use variations in flight and turn away from the bat.",Target this bowler aggressively. High economy rate suggests frequent boundary deliveries. Look for gaps early. ,"Shubman Gill is a Top Order Aggressor. Strongest at Narendra Modi Stadium, Ahmedabad. Beware of B Kumar who owns this matchup.",B Kumar,Not Available,136.1,146.5,0.0,0.0,0,0
PR Veer,Not Available,Not Available,Batsman,Middle Order Anchor,Neutral Venues,Unknown,Not Available,0,Execute standard death-over strategies: wide yorkers and back-of-a-length slower balls.,Vary pace and trajectory. Aim for the rough patches to induce a false shot.,Target this bowler aggressively. High economy rate suggests frequent boundary deliveries. Look for gaps early. ,PR Veer is a Middle Order Anchor. Strongest at most grounds. Beware of Suyash Sharma who owns this matchup.,Suyash Sharma,Not Available,136.1,75.0,0.0,0.0,0,0
DP Conway,Not Available,Not Available,Batsman,Top Order Aggressor,"MA Chidambaram Stadium, Chepauk, Chennai > Maharashtra Cricket Association Stadium, Pune > Narendra Modi Stadium, Ahmedabad > Arun Jaitley Stadium, Delhi",Unknown,Not Available,0,Execute standard death-over strategies: wide yorkers and back-of-a-length slower balls.,Vary pace and trajectory. Aim for the rough patches to induce a false shot.,Target this bowler aggressively. High economy rate suggests frequent boundary deliveries. Look for gaps early. ,"DP Conway is a Top Order Aggressor. Strongest at MA Chidambaram Stadium, Chepauk, Chennai. Beware of Mohammed Shami who owns this matchup.",Mohammed Shami,Not Available,136.0,145.5,0.0,0.0,0,0
N Wadhera,Not Available,Not Available,Batsman,Middle Order Anchor,"Sawai Mansingh Stadium, Jaipur > Narendra Modi Stadium, Ahmedabad > Bharat Ratna Shri Atal Bihari Vajpayee Ekana Cricket Stadium, Lucknow > MA Chidambaram Stadium, Chepauk, Chennai",Unknown,Not Available,0,Execute standard death-over strategies: wide yorkers and back-of-a-length slower balls.,Vary pace and trajectory. Aim for the rough patches to induce a false shot.,Prime target for the death overs. Attack him aggressively late in the innings as he loses his length under pressure. ,"N Wadhera is a Middle Order Anchor. Strongest at Sawai Mansingh Stadium, Jaipur. Beware of Yash Thakur who owns this matchup.",Yash Thakur,Not Available,135.9,165.6,7.76,10.8,0,17
M Morkel,Not Available,Not Available,Bowler,Death Over Finisher,Feroz Shah Kotla > Eden Gardens > Himachal Pradesh Cricket Association Stadium > Wankhede Stadium,Unknown,Not Available,0,Execute standard death-over strategies: wide yorkers and back-of-a-length slower balls.,Vary pace and trajectory. Aim for the rough patches to induce a false shot.,"Play out his deliveries on merit and wait for loose balls. Historically, MS Dhoni completely owns this bowler. Emulate that aggressive footprint.",M Morkel is a Death Over Finisher. Strongest at Feroz Shah Kotla. Keep away from MS Dhoni who hits them at will.,Not Available,MS Dhoni,135.5,139.8,7.38,8.84,77,1699
S Dube,Not Available,Not Available,All-Rounder,Middle Order Anchor,"MA Chidambaram Stadium, Chepauk, Chennai > Wankhede Stadium, Mumbai > Dubai International Cricket Stadium > Dr DY Patil Sports Academy, Mumbai",Unknown,Not Available,0,Execute standard death-over strategies: wide yorkers and back-of-a-length slower balls.,Vary pace and trajectory. Aim for the rough patches to induce a false shot.,Prime target for the death overs. Attack him aggressively late in the innings as he loses his length under pressure. ,"S Dube is a Middle Order Anchor. Strongest at MA Chidambaram Stadium, Chepauk, Chennai. Beware of JJ Bumrah who owns this matchup.",JJ Bumrah,Not Available,135.5,154.2,10.07,10.6,6,149
MK Lomror,Not Available,Not Available,Batsman,Middle Order Anchor,"M Chinnaswamy Stadium, Bengaluru > Dubai International Cricket Stadium > Sheikh Zayed Stadium > Arun Jaitley Stadium, Delhi",Unknown,Not Available,0,Execute standard death-over strategies: wide yorkers and back-of-a-length slower balls.,Vary pace and trajectory. Aim for the rough patches to induce a false shot.,"Play out his deliveries on merit and wait for loose balls. Historically, KS Williamson completely owns this bowler. Emulate that aggressive footprint.","MK Lomror is a Middle Order Anchor. Strongest at M Chinnaswamy Stadium, Bengaluru. Beware of YS Chahal who owns this matchup.",YS Chahal,KS Williamson,135.5,150.3,8.11,0.0,1,94
DA Warner,Not Available,Not Available,Batsman,Top Order Aggressor,"Rajiv Gandhi International Stadium, Uppal > Feroz Shah Kotla > Rajiv Gandhi International Stadium > Dubai International Cricket Stadium",Unknown,Not Available,0,Execute standard death-over strategies: wide yorkers and back-of-a-length slower balls.,Vary pace and trajectory. Aim for the rough patches to induce a false shot.,Elite threat. Treat with immense respect. Focus on rotating the strike and do not take unnecessary aerial risks. ,"DA Warner is a Top Order Aggressor. Strongest at Rajiv Gandhi International Stadium, Uppal. Beware of UT Yadav who owns this matchup.",UT Yadav,Not Available,135.4,173.0,6.0,0.0,0,2
DL Chahar,Not Available,Not Available,Bowler,Death Over Finisher,"MA Chidambaram Stadium, Chepauk, Chennai > Wankhede Stadium, Mumbai > Dubai International Cricket Stadium > MA Chidambaram Stadium",Unknown,Not Available,0,Execute standard death-over strategies: wide yorkers and back-of-a-length slower balls.,Vary pace and trajectory. Aim for the rough patches to induce a false shot.,"Play out his deliveries on merit and wait for loose balls. Historically, YBK Jaiswal completely owns this bowler. Emulate that aggressive footprint.","DL Chahar is a Death Over Finisher. Strongest at MA Chidambaram Stadium, Chepauk, Chennai. Keep away from YBK Jaiswal who hits them at will.",Not Available,YBK Jaiswal,135.2,121.6,7.85,9.28,89,2051
KL Rahul,Not Available,Not Available,Batsman,Top Order Aggressor,"Dubai International Cricket Stadium > Bharat Ratna Shri Atal Bihari Vajpayee Ekana Cricket Stadium, Lucknow > Arun Jaitley Stadium, Delhi > Punjab Cricket Association IS Bindra Stadium",Unknown,Wicketkeeper,3,Alternate Tactic (Pace): Bowl hard lengths outside off-stump. Use off-cutters rolling fingers over the seam to disrupt timing.,"Target primary weakness: Exploit the spinning ball, use variations in flight and turn away from the bat.",Target this bowler aggressively. High economy rate suggests frequent boundary deliveries. Look for gaps early. ,KL Rahul is a Top Order Aggressor. Strongest at Dubai International Cricket Stadium. Beware of DS Kulkarni who owns this matchup.,DS Kulkarni,Not Available,135.2,169.2,0.0,0.0,0,0
MM Ali,Not Available,Not Available,All-Rounder,Middle Order Anchor,"Wankhede Stadium, Mumbai > MA Chidambaram Stadium, Chepauk, Chennai > M.Chinnaswamy Stadium > Brabourne Stadium, Mumbai",Unknown,Not Available,0,Execute standard death-over strategies: wide yorkers and back-of-a-length slower balls.,Vary pace and trajectory. Aim for the rough patches to induce a false shot.,"Play out his deliveries on merit and wait for loose balls. Historically, R Parag completely owns this bowler. Emulate that aggressive footprint.","MM Ali is a Middle Order Anchor. Strongest at Wankhede Stadium, Mumbai. Beware of Rashid Khan who owns this matchup. Keep away from R Parag who hits them at will.",Rashid Khan,R Parag,134.9,167.1,7.1,7.58,41,869
SE Rutherford,Not Available,Not Available,Batsman,Middle Order Anchor,"Narendra Modi Stadium, Ahmedabad > Wankhede Stadium, Mumbai > Arun Jaitley Stadium",Unknown,Not Available,0,Execute standard death-over strategies: wide yorkers and back-of-a-length slower balls.,Vary pace and trajectory. Aim for the rough patches to induce a false shot.,Play out his deliveries on merit and wait for loose balls. ,"SE Rutherford is a Middle Order Anchor. Strongest at Narendra Modi Stadium, Ahmedabad. Beware of V Nigam who owns this matchup.",V Nigam,Not Available,134.8,146.3,7.7,2.4,1,46
Nithish Kumar Reddy,Not Available,Not Available,All-Rounder,Middle Order Anchor,"Rajiv Gandhi International Stadium, Uppal, Hyderabad > Eden Gardens, Kolkata > Maharaja Yadavindra Singh International Cricket Stadium, Mullanpur > Arun Jaitley Stadium, Delhi",Unknown,Not Available,0,Execute standard death-over strategies: wide yorkers and back-of-a-length slower balls.,Vary pace and trajectory. Aim for the rough patches to induce a false shot.,"Prime target for the death overs. Attack him aggressively late in the innings as he loses his length under pressure. Historically, JM Sharma completely owns this bowler. Emulate that aggressive footprint.","Nithish Kumar Reddy is a Middle Order Anchor. Strongest at Rajiv Gandhi International Stadium, Uppal, Hyderabad. Beware of MA Starc who owns this matchup. Keep away from JM Sharma who hits them at will.",MA Starc,JM Sharma,134.5,179.4,10.11,12.0,11,286
SR Watson,Not Available,Not Available,All-Rounder,Middle Order Anchor,"Sawai Mansingh Stadium > M Chinnaswamy Stadium > Wankhede Stadium > Sardar Patel Stadium, Motera",Unknown,Not Available,0,Execute standard death-over strategies: wide yorkers and back-of-a-length slower balls.,Vary pace and trajectory. Aim for the rough patches to induce a false shot.,"Play out his deliveries on merit and wait for loose balls. Historically, BCJ Cutting completely owns this bowler. Emulate that aggressive footprint.",SR Watson is a Middle Order Anchor. Strongest at Sawai Mansingh Stadium. Beware of AR Patel who owns this matchup. Keep away from BCJ Cutting who hits them at will.,AR Patel,BCJ Cutting,134.2,180.5,7.53,9.03,92,2137
RA Tripathi,Not Available,Not Available,Batsman,Middle Order Anchor,"Wankhede Stadium, Mumbai > Rajiv Gandhi International Stadium, Uppal, Hyderabad > Maharashtra Cricket Association Stadium > Sawai Mansingh Stadium",Unknown,Not Available,0,Execute standard death-over strategies: wide yorkers and back-of-a-length slower balls.,Vary pace and trajectory. Aim for the rough patches to induce a false shot.,Target this bowler aggressively. High economy rate suggests frequent boundary deliveries. Look for gaps early. ,"RA Tripathi is a Middle Order Anchor. Strongest at Wankhede Stadium, Mumbai. Beware of Mohammed Shami who owns this matchup.",Mohammed Shami,Not Available,134.2,141.3,12.0,0.0,0,6
SN Khan,Not Available,Not Available,Batsman,Middle Order Anchor,"M Chinnaswamy Stadium > Dr DY Patil Sports Academy, Mumbai > MA Chidambaram Stadium > MA Chidambaram Stadium, Chepauk, Chennai",Unknown,Not Available,0,Execute standard death-over strategies: wide yorkers and back-of-a-length slower balls.,Vary pace and trajectory. Aim for the rough patches to induce a false shot.,Prime target for the death overs. Attack him aggressively late in the innings as he loses his length under pressure. ,SN Khan is a Middle Order Anchor. Strongest at M Chinnaswamy Stadium. Beware of RA Jadeja who owns this matchup.,RA Jadeja,Not Available,134.2,163.3,18.0,18.0,0,2
DA Miller,Not Available,Not Available,Batsman,Middle Order Anchor,"Punjab Cricket Association Stadium, Mohali > Narendra Modi Stadium, Ahmedabad > Wankhede Stadium, Mumbai > Arun Jaitley Stadium, Delhi",Unknown,Not Available,0,Execute standard death-over strategies: wide yorkers and back-of-a-length slower balls.,Vary pace and trajectory. Aim for the rough patches to induce a false shot.,Target this bowler aggressively. High economy rate suggests frequent boundary deliveries. Look for gaps early. ,"DA Miller is a Middle Order Anchor. Strongest at Punjab Cricket Association Stadium, Mohali. Beware of SL Malinga who owns this matchup.",SL Malinga,Not Available,134.1,165.8,0.0,0.0,0,0
ST Jayasuriya,Not Available,Not Available,All-Rounder,Top Order Aggressor,Wankhede Stadium > Feroz Shah Kotla > Kingsmead > St George's Park,Unknown,Not Available,0,Execute standard death-over strategies: wide yorkers and back-of-a-length slower balls.,Vary pace and trajectory. Aim for the rough patches to induce a false shot.,"Play out his deliveries on merit and wait for loose balls. Historically, V Sehwag completely owns this bowler. Emulate that aggressive footprint.",ST Jayasuriya is a Top Order Aggressor. Strongest at Wankhede Stadium. Beware of DW Steyn who owns this matchup. Keep away from V Sehwag who hits them at will.,DW Steyn,V Sehwag,134.0,0.0,7.77,8.46,13,301
JJ Roy,Not Available,Not Available,Batsman,Top Order Aggressor,"Eden Gardens, Kolkata > Wankhede Stadium > Zayed Cricket Stadium, Abu Dhabi > Dubai International Cricket Stadium",Unknown,Not Available,0,Execute standard death-over strategies: wide yorkers and back-of-a-length slower balls.,Vary pace and trajectory. Aim for the rough patches to induce a false shot.,Target this bowler aggressively. High economy rate suggests frequent boundary deliveries. Look for gaps early. ,"JJ Roy is a Top Order Aggressor. Strongest at Eden Gardens, Kolkata. Beware of YS Chahal who owns this matchup.",YS Chahal,Not Available,133.5,178.3,0.0,0.0,0,0
CRD Fernando,Not Available,Not Available,Bowler,Death Over Finisher,M Chinnaswamy Stadium > Dr DY Patil Sports Academy,Unknown,Not Available,0,Execute standard death-over strategies: wide yorkers and back-of-a-length slower balls.,Vary pace and trajectory. Aim for the rough patches to induce a false shot.,"Play out his deliveries on merit and wait for loose balls. Historically, V Kohli completely owns this bowler. Emulate that aggressive footprint.",CRD Fernando is a Death Over Finisher. Strongest at M Chinnaswamy Stadium. Keep away from V Kohli who hits them at will.,Not Available,V Kohli,133.3,133.3,7.18,8.53,17,249
VRV Singh,Not Available,Not Available,Bowler,Death Over Finisher,"Punjab Cricket Association Stadium, Mohali",Unknown,Not Available,0,Execute standard death-over strategies: wide yorkers and back-of-a-length slower balls.,Vary pace and trajectory. Aim for the rough patches to induce a false shot.,"Play out his deliveries on merit and wait for loose balls. Historically, MS Dhoni completely owns this bowler. Emulate that aggressive footprint.","VRV Singh is a Death Over Finisher. Strongest at Punjab Cricket Association Stadium, Mohali. Keep away from MS Dhoni who hits them at will.",Not Available,MS Dhoni,133.3,133.3,8.77,8.54,12,371
AN Ahmed,Not Available,Not Available,Bowler,Death Over Finisher,Eden Gardens > Wankhede Stadium,Unknown,Not Available,0,Execute standard death-over strategies: wide yorkers and back-of-a-length slower balls.,Vary pace and trajectory. Aim for the rough patches to induce a false shot.,"Play out his deliveries on merit and wait for loose balls. Historically, DA Warner completely owns this bowler. Emulate that aggressive footprint.",AN Ahmed is a Death Over Finisher. Strongest at Eden Gardens. Keep away from DA Warner who hits them at will.,Not Available,DA Warner,133.3,133.3,8.25,10.35,12,362
N Rana,Not Available,Not Available,All-Rounder,Middle Order Anchor,"Eden Gardens > Wankhede Stadium > Eden Gardens, Kolkata > MA Chidambaram Stadium, Chepauk, Chennai",Unknown,Not Available,0,Execute standard death-over strategies: wide yorkers and back-of-a-length slower balls.,Vary pace and trajectory. Aim for the rough patches to induce a false shot.,"Play out his deliveries on merit and wait for loose balls. Historically, Abhishek Sharma completely owns this bowler. Emulate that aggressive footprint.",N Rana is a Middle Order Anchor. Strongest at Eden Gardens. Beware of YS Chahal who owns this matchup. Keep away from Abhishek Sharma who hits them at will.,YS Chahal,Abhishek Sharma,133.3,171.5,8.74,6.75,10,223
B Akhil,Not Available,Not Available,Bowler,Death Over Finisher,SuperSport Park > Wankhede Stadium,Unknown,Not Available,0,Execute standard death-over strategies: wide yorkers and back-of-a-length slower balls.,Vary pace and trajectory. Aim for the rough patches to induce a false shot.,"Prime target for the death overs. Attack him aggressively late in the innings as he loses his length under pressure. Historically, AC Gilchrist completely owns this bowler. Emulate that aggressive footprint.",B Akhil is a Death Over Finisher. Strongest at SuperSport Park. Keep away from AC Gilchrist who hits them at will.,Not Available,AC Gilchrist,133.3,136.1,7.52,10.82,6,193
DAJ Bracewell,Not Available,Not Available,New Addition,Death Over Finisher,M Chinnaswamy Stadium,Unknown,Not Available,0,Execute standard death-over strategies: wide yorkers and back-of-a-length slower balls.,Vary pace and trajectory. Aim for the rough patches to induce a false shot.,Play out his deliveries on merit and wait for loose balls. ,DAJ Bracewell is a Death Over Finisher. Strongest at M Chinnaswamy Stadium.,Not Available,Not Available,133.3,133.3,7.68,10.0,3,25
JPR Scantlebury-Searles,Not Available,Not Available,New Addition,Death Over Finisher,Neutral Venues,Unknown,Not Available,0,Execute standard death-over strategies: wide yorkers and back-of-a-length slower balls.,Vary pace and trajectory. Aim for the rough patches to induce a false shot.,Prime target for the death overs. Attack him aggressively late in the innings as he loses his length under pressure. ,JPR Scantlebury-Searles is a Death Over Finisher. Strongest at most grounds.,Not Available,Not Available,133.3,133.3,11.87,17.14,2,45
P Chopra,Not Available,Not Available,New Addition,Middle Order Anchor,Neutral Venues,Unknown,Not Available,0,Execute standard death-over strategies: wide yorkers and back-of-a-length slower balls.,Vary pace and trajectory. Aim for the rough patches to induce a false shot.,Target this bowler aggressively. High economy rate suggests frequent boundary deliveries. Look for gaps early. ,P Chopra is a Middle Order Anchor. Strongest at most grounds.,Not Available,Not Available,133.3,0.0,0.0,0.0,0,0
K Upadhyay,Not Available,Not Available,New Addition,Death Over Finisher,Neutral Venues,Unknown,Not Available,0,Execute standard death-over strategies: wide yorkers and back-of-a-length slower balls.,Vary pace and trajectory. Aim for the rough patches to induce a false shot.,Play out his deliveries on merit and wait for loose balls. ,K Upadhyay is a Death Over Finisher. Strongest at most grounds.,Not Available,Not Available,133.3,133.3,8.68,0.0,0,56
AC Gilchrist,Not Available,Not Available,Batsman,Top Order Aggressor,"Himachal Pradesh Cricket Association Stadium > Punjab Cricket Association Stadium, Mohali > Rajiv Gandhi International Stadium, Uppal > Dr DY Patil Sports Academy",Unknown,Not Available,0,Execute standard death-over strategies: wide yorkers and back-of-a-length slower balls.,Vary pace and trajectory. Aim for the rough patches to induce a false shot.,Elite threat. Treat with immense respect. Focus on rotating the strike and do not take unnecessary aerial risks. ,AC Gilchrist is a Top Order Aggressor. Strongest at Himachal Pradesh Cricket Association Stadium. Beware of IK Pathan who owns this matchup.,IK Pathan,Not Available,133.1,196.9,0.0,0.0,1,1
JR Hopes,Not Available,Not Available,All-Rounder,Top Order Aggressor,"Feroz Shah Kotla > Punjab Cricket Association Stadium, Mohali > Wankhede Stadium",Unknown,Not Available,0,Execute standard death-over strategies: wide yorkers and back-of-a-length slower balls.,Vary pace and trajectory. Aim for the rough patches to induce a false shot.,"Prime target for the death overs. Attack him aggressively late in the innings as he loses his length under pressure. Historically, AT Rayudu completely owns this bowler. Emulate that aggressive footprint.",JR Hopes is a Top Order Aggressor. Strongest at Feroz Shah Kotla. Beware of Z Khan who owns this matchup. Keep away from AT Rayudu who hits them at will.,Z Khan,AT Rayudu,132.8,137.0,8.91,11.26,14,369
AK Markram,Not Available,Not Available,All-Rounder,Middle Order Anchor,"Bharat Ratna Shri Atal Bihari Vajpayee Ekana Cricket Stadium, Lucknow > Rajiv Gandhi International Stadium, Uppal, Hyderabad > Eden Gardens, Kolkata > Wankhede Stadium, Mumbai",Unknown,Not Available,0,Execute standard death-over strategies: wide yorkers and back-of-a-length slower balls.,Vary pace and trajectory. Aim for the rough patches to induce a false shot.,"Target this bowler aggressively. High economy rate suggests frequent boundary deliveries. Look for gaps early. Historically, DP Conway completely owns this bowler. Emulate that aggressive footprint.","AK Markram is a Middle Order Anchor. Strongest at Bharat Ratna Shri Atal Bihari Vajpayee Ekana Cricket Stadium, Lucknow. Beware of SP Narine who owns this matchup. Keep away from DP Conway who hits them at will.",SP Narine,DP Conway,132.7,168.5,9.11,8.73,6,226
MS Dhoni,Not Available,Not Available,Batsman,Death Over Finisher,"MA Chidambaram Stadium, Chepauk > Maharashtra Cricket Association Stadium > M Chinnaswamy Stadium > Eden Gardens",Unknown,Wicketkeeper,1,Target primary weakness: Exploit raw pace. Use well-directed bouncers at the body and yorkers to trap them.,Alternate Tactic (Spin): Toss it up wide of off-stump. Force them to generate their own power by taking the pace off.,Target this bowler aggressively. High economy rate suggests frequent boundary deliveries. Look for gaps early. ,"MS Dhoni is a Death Over Finisher. Strongest at MA Chidambaram Stadium, Chepauk. Beware of Z Khan who owns this matchup.",Z Khan,Not Available,132.6,166.5,0.0,0.0,0,0
RD Gaikwad,Not Available,Not Available,Batsman,Top Order Aggressor,"MA Chidambaram Stadium, Chepauk, Chennai > Dubai International Cricket Stadium > Wankhede Stadium, Mumbai > Maharashtra Cricket Association Stadium, Pune",Unknown,Not Available,0,Execute standard death-over strategies: wide yorkers and back-of-a-length slower balls.,Vary pace and trajectory. Aim for the rough patches to induce a false shot.,Target this bowler aggressively. High economy rate suggests frequent boundary deliveries. Look for gaps early. ,"RD Gaikwad is a Top Order Aggressor. Strongest at MA Chidambaram Stadium, Chepauk, Chennai. Beware of Arshdeep Singh who owns this matchup.",Arshdeep Singh,Not Available,132.6,171.0,0.0,0.0,0,0
SK Raina,Not Available,Not Available,All-Rounder,Middle Order Anchor,"MA Chidambaram Stadium, Chepauk > Wankhede Stadium > Eden Gardens > Saurashtra Cricket Association Stadium",Unknown,Not Available,0,Execute standard death-over strategies: wide yorkers and back-of-a-length slower balls.,Vary pace and trajectory. Aim for the rough patches to induce a false shot.,"Play out his deliveries on merit and wait for loose balls. Historically, RR Pant completely owns this bowler. Emulate that aggressive footprint.","SK Raina is a Middle Order Anchor. Strongest at MA Chidambaram Stadium, Chepauk. Beware of Harbhajan Singh who owns this matchup. Keep away from RR Pant who hits them at will.",Harbhajan Singh,RR Pant,132.5,165.3,7.21,8.31,25,930
VR Iyer,Not Available,Not Available,Batsman,Middle Order Anchor,"Eden Gardens, Kolkata > Wankhede Stadium, Mumbai > Sharjah Cricket Stadium > Dubai International Cricket Stadium",Unknown,Not Available,0,Execute standard death-over strategies: wide yorkers and back-of-a-length slower balls.,Vary pace and trajectory. Aim for the rough patches to induce a false shot.,"Target this bowler aggressively. High economy rate suggests frequent boundary deliveries. Look for gaps early. Historically, RR Pant completely owns this bowler. Emulate that aggressive footprint.","VR Iyer is a Middle Order Anchor. Strongest at Eden Gardens, Kolkata. Beware of M Jansen who owns this matchup.",M Jansen,RR Pant,132.5,150.4,10.21,9.43,3,84
F du Plessis,Not Available,Not Available,Batsman,Top Order Aggressor,"M Chinnaswamy Stadium, Bengaluru > Wankhede Stadium, Mumbai > MA Chidambaram Stadium, Chepauk > Dubai International Cricket Stadium",Unknown,Not Available,0,Execute standard death-over strategies: wide yorkers and back-of-a-length slower balls.,Vary pace and trajectory. Aim for the rough patches to induce a false shot.,Prime target for the death overs. Attack him aggressively late in the innings as he loses his length under pressure. ,"F du Plessis is a Top Order Aggressor. Strongest at M Chinnaswamy Stadium, Bengaluru. Beware of TA Boult who owns this matchup.",TA Boult,Not Available,132.4,170.6,16.0,16.0,0,6
DR Smith,Not Available,Not Available,All-Rounder,Top Order Aggressor,Wankhede Stadium > Feroz Shah Kotla > Eden Gardens > M Chinnaswamy Stadium,Unknown,Not Available,0,Execute standard death-over strategies: wide yorkers and back-of-a-length slower balls.,Vary pace and trajectory. Aim for the rough patches to induce a false shot.,"Prime target for the death overs. Attack him aggressively late in the innings as he loses his length under pressure. Historically, SK Raina completely owns this bowler. Emulate that aggressive footprint.",DR Smith is a Top Order Aggressor. Strongest at Wankhede Stadium. Beware of Harbhajan Singh who owns this matchup. Keep away from SK Raina who hits them at will.,Harbhajan Singh,SK Raina,132.3,147.4,8.73,12.4,26,557
C de Grandhomme,Not Available,Not Available,All-Rounder,Death Over Finisher,Eden Gardens > M.Chinnaswamy Stadium > Rajiv Gandhi International Stadium,Unknown,Not Available,0,Execute standard death-over strategies: wide yorkers and back-of-a-length slower balls.,Vary pace and trajectory. Aim for the rough patches to induce a false shot.,"Prime target for the death overs. Attack him aggressively late in the innings as he loses his length under pressure. Historically, SS Iyer completely owns this bowler. Emulate that aggressive footprint.",C de Grandhomme is a Death Over Finisher. Strongest at Eden Gardens. Beware of S Kaul who owns this matchup. Keep away from SS Iyer who hits them at will.,S Kaul,SS Iyer,132.3,136.8,8.32,12.43,6,230
Arshad Khan,Not Available,Not Available,Bowler,Death Over Finisher,"Narendra Modi Stadium, Ahmedabad > Arun Jaitley Stadium, Delhi > Wankhede Stadium, Mumbai > M Chinnaswamy Stadium, Bengaluru",Unknown,Not Available,0,Execute standard death-over strategies: wide yorkers and back-of-a-length slower balls.,Vary pace and trajectory. Aim for the rough patches to induce a false shot.,"Prime target for the death overs. Attack him aggressively late in the innings as he loses his length under pressure. Historically, Abishek Porel completely owns this bowler. Emulate that aggressive footprint.","Arshad Khan is a Death Over Finisher. Strongest at Narendra Modi Stadium, Ahmedabad. Keep away from Abishek Porel who hits them at will.",Kuldeep Yadav,Abishek Porel,132.2,135.6,10.04,12.42,17,336
BJ Rohrer,Not Available,Not Available,Batsman,Middle Order Anchor,Sawai Mansingh Stadium,Unknown,Not Available,0,Execute standard death-over strategies: wide yorkers and back-of-a-length slower balls.,Vary pace and trajectory. Aim for the rough patches to induce a false shot.,Target this bowler aggressively. High economy rate suggests frequent boundary deliveries. Look for gaps early. ,BJ Rohrer is a Middle Order Anchor. Strongest at Sawai Mansingh Stadium.,Not Available,Not Available,132.2,219.4,10.29,0.0,0,7
KP Pietersen,Not Available,Not Available,All-Rounder,Middle Order Anchor,"Feroz Shah Kotla > Punjab Cricket Association Stadium, Mohali > Sawai Mansingh Stadium > Newlands",Unknown,Not Available,0,Execute standard death-over strategies: wide yorkers and back-of-a-length slower balls.,Vary pace and trajectory. Aim for the rough patches to induce a false shot.,"Play out his deliveries on merit and wait for loose balls. Historically, KC Sangakkara completely owns this bowler. Emulate that aggressive footprint.",KP Pietersen is a Middle Order Anchor. Strongest at Feroz Shah Kotla. Beware of Harbhajan Singh who owns this matchup. Keep away from KC Sangakkara who hits them at will.,Harbhajan Singh,KC Sangakkara,132.1,175.7,7.17,9.75,7,180
ML Hayden,Not Available,Not Available,Batsman,Top Order Aggressor,"MA Chidambaram Stadium, Chepauk > Kingsmead > St George's Park > Feroz Shah Kotla",Unknown,Not Available,0,Execute standard death-over strategies: wide yorkers and back-of-a-length slower balls.,Vary pace and trajectory. Aim for the rough patches to induce a false shot.,Target this bowler aggressively. High economy rate suggests frequent boundary deliveries. Look for gaps early. ,"ML Hayden is a Top Order Aggressor. Strongest at MA Chidambaram Stadium, Chepauk. Beware of A Kumble who owns this matchup.",A Kumble,Not Available,131.9,181.1,0.0,0.0,0,0
AC Blizzard,Not Available,Not Available,Batsman,Top Order Aggressor,Wankhede Stadium,Unknown,Not Available,0,Execute standard death-over strategies: wide yorkers and back-of-a-length slower balls.,Vary pace and trajectory. Aim for the rough patches to induce a false shot.,Target this bowler aggressively. High economy rate suggests frequent boundary deliveries. Look for gaps early. ,AC Blizzard is a Top Order Aggressor. Strongest at Wankhede Stadium. Beware of M Morkel who owns this matchup.,M Morkel,Not Available,131.9,0.0,0.0,0.0,0,0
Q de Kock,Not Available,Not Available,Batsman,Top Order Aggressor,"Wankhede Stadium > Dubai International Cricket Stadium > Dr DY Patil Sports Academy, Mumbai > Sheikh Zayed Stadium",Unknown,Not Available,0,Execute standard death-over strategies: wide yorkers and back-of-a-length slower balls.,Vary pace and trajectory. Aim for the rough patches to induce a false shot.,Target this bowler aggressively. High economy rate suggests frequent boundary deliveries. Look for gaps early. ,Q de Kock is a Top Order Aggressor. Strongest at Wankhede Stadium. Beware of YS Chahal who owns this matchup.,YS Chahal,Not Available,131.6,195.1,0.0,0.0,0,0
KD Karthik,Not Available,Not Available,Batsman,Middle Order Anchor,"Eden Gardens > Feroz Shah Kotla > Wankhede Stadium > Wankhede Stadium, Mumbai",Unknown,Not Available,0,Execute standard death-over strategies: wide yorkers and back-of-a-length slower balls.,Vary pace and trajectory. Aim for the rough patches to induce a false shot.,Target this bowler aggressively. High economy rate suggests frequent boundary deliveries. Look for gaps early. ,KD Karthik is a Middle Order Anchor. Strongest at Eden Gardens. Beware of CH Morris who owns this matchup.,CH Morris,Not Available,131.4,165.4,0.0,0.0,0,0
A Badoni,Not Available,Not Available,Batsman,Middle Order Anchor,"Bharat Ratna Shri Atal Bihari Vajpayee Ekana Cricket Stadium, Lucknow > Wankhede Stadium, Mumbai > Eden Gardens, Kolkata > Himachal Pradesh Cricket Association Stadium, Dharamsala",Unknown,Not Available,0,Execute standard death-over strategies: wide yorkers and back-of-a-length slower balls.,Vary pace and trajectory. Aim for the rough patches to induce a false shot.,Target this bowler aggressively. High economy rate suggests frequent boundary deliveries. Look for gaps early. ,"A Badoni is a Middle Order Anchor. Strongest at Bharat Ratna Shri Atal Bihari Vajpayee Ekana Cricket Stadium, Lucknow. Beware of TA Boult who owns this matchup.",TA Boult,Not Available,131.2,153.7,9.22,7.12,4,41
E Lewis,Not Available,Not Available,Batsman,Top Order Aggressor,"Wankhede Stadium > Dubai International Cricket Stadium > Brabourne Stadium, Mumbai",Unknown,Not Available,0,Execute standard death-over strategies: wide yorkers and back-of-a-length slower balls.,Vary pace and trajectory. Aim for the rough patches to induce a false shot.,Target this bowler aggressively. High economy rate suggests frequent boundary deliveries. Look for gaps early. ,E Lewis is a Top Order Aggressor. Strongest at Wankhede Stadium. Beware of DJ Bravo who owns this matchup.,DJ Bravo,Not Available,131.1,133.3,0.0,0.0,0,0
Harbhajan Singh,Not Available,Not Available,All-Rounder,Death Over Finisher,Wankhede Stadium > Eden Gardens > MA Chidambaram Stadium > Feroz Shah Kotla,Unknown,Not Available,0,Execute standard death-over strategies: wide yorkers and back-of-a-length slower balls.,Vary pace and trajectory. Aim for the rough patches to induce a false shot.,"Play out his deliveries on merit and wait for loose balls. Historically, GJ Maxwell completely owns this bowler. Emulate that aggressive footprint.",Harbhajan Singh is a Death Over Finisher. Strongest at Wankhede Stadium. Beware of DJ Bravo who owns this matchup. Keep away from GJ Maxwell who hits them at will.,DJ Bravo,GJ Maxwell,131.0,143.8,6.92,8.04,150,3496
SM Curran,Not Available,Not Available,All-Rounder,Middle Order Anchor,"Maharaja Yadavindra Singh International Cricket Stadium, Mullanpur > Punjab Cricket Association IS Bindra Stadium > Wankhede Stadium, Mumbai > Himachal Pradesh Cricket Association Stadium, Dharamsala",Unknown,Not Available,0,Execute standard death-over strategies: wide yorkers and back-of-a-length slower balls.,Vary pace and trajectory. Aim for the rough patches to induce a false shot.,"Prime target for the death overs. Attack him aggressively late in the innings as he loses his length under pressure. Historically, PJ Cummins completely owns this bowler. Emulate that aggressive footprint.","SM Curran is a Middle Order Anchor. Strongest at Maharaja Yadavindra Singh International Cricket Stadium, Mullanpur. Beware of JJ Bumrah who owns this matchup. Keep away from PJ Cummins who hits them at will.",JJ Bumrah,PJ Cummins,131.0,170.8,9.33,10.73,59,1308
SS Iyer,Not Available,Not Available,Batsman,Middle Order Anchor,"Arun Jaitley Stadium > Feroz Shah Kotla > Dubai International Cricket Stadium > Narendra Modi Stadium, Ahmedabad",Unknown,Not Available,0,Execute standard death-over strategies: wide yorkers and back-of-a-length slower balls.,Vary pace and trajectory. Aim for the rough patches to induce a false shot.,Play out his deliveries on merit and wait for loose balls. ,SS Iyer is a Middle Order Anchor. Strongest at Arun Jaitley Stadium. Beware of AD Russell who owns this matchup.,AD Russell,Not Available,130.9,174.3,7.0,7.0,0,6
A Mithun,Not Available,Not Available,Bowler,Death Over Finisher,Feroz Shah Kotla > M Chinnaswamy Stadium,Unknown,Not Available,0,Execute standard death-over strategies: wide yorkers and back-of-a-length slower balls.,Vary pace and trajectory. Aim for the rough patches to induce a false shot.,"Prime target for the death overs. Attack him aggressively late in the innings as he loses his length under pressure. Historically, MS Dhoni completely owns this bowler. Emulate that aggressive footprint.",A Mithun is a Death Over Finisher. Strongest at Feroz Shah Kotla. Keep away from MS Dhoni who hits them at will.,Not Available,MS Dhoni,130.8,135.7,9.08,10.87,7,312
V Kohli,Not Available,Not Available,All-Rounder,Middle Order Anchor,"M Chinnaswamy Stadium > M Chinnaswamy Stadium, Bengaluru > M.Chinnaswamy Stadium > Wankhede Stadium",Unknown,Not Available,0,Execute standard death-over strategies: wide yorkers and back-of-a-length slower balls.,Vary pace and trajectory. Aim for the rough patches to induce a false shot.,"Prime target for the death overs. Attack him aggressively late in the innings as he loses his length under pressure. Historically, MS Bisla completely owns this bowler. Emulate that aggressive footprint.",V Kohli is a Middle Order Anchor. Strongest at M Chinnaswamy Stadium. Beware of Sandeep Sharma who owns this matchup. Keep away from MS Bisla who hits them at will.,Sandeep Sharma,MS Bisla,130.4,179.0,8.36,12.44,4,264
MS Gony,Not Available,Not Available,Bowler,Death Over Finisher,"MA Chidambaram Stadium, Chepauk > Punjab Cricket Association Stadium, Mohali > Rajiv Gandhi International Stadium, Uppal > M Chinnaswamy Stadium",Unknown,Not Available,0,Execute standard death-over strategies: wide yorkers and back-of-a-length slower balls.,Vary pace and trajectory. Aim for the rough patches to induce a false shot.,"Play out his deliveries on merit and wait for loose balls. Historically, CH Gayle completely owns this bowler. Emulate that aggressive footprint.","MS Gony is a Death Over Finisher. Strongest at MA Chidambaram Stadium, Chepauk. Keep away from CH Gayle who hits them at will.",Not Available,CH Gayle,130.3,149.2,8.35,10.06,37,925
BA Stokes,Not Available,Not Available,All-Rounder,Middle Order Anchor,Sawai Mansingh Stadium > Sheikh Zayed Stadium > Maharashtra Cricket Association Stadium > Eden Gardens,Unknown,Not Available,0,Execute standard death-over strategies: wide yorkers and back-of-a-length slower balls.,Vary pace and trajectory. Aim for the rough patches to induce a false shot.,"Play out his deliveries on merit and wait for loose balls. Historically, MK Pandey completely owns this bowler. Emulate that aggressive footprint.",BA Stokes is a Middle Order Anchor. Strongest at Sawai Mansingh Stadium. Beware of Rashid Khan who owns this matchup. Keep away from MK Pandey who hits them at will.,Rashid Khan,MK Pandey,130.2,156.8,8.23,9.03,28,723
NLTC Perera,Not Available,Not Available,All-Rounder,Death Over Finisher,"Rajiv Gandhi International Stadium, Uppal > Maharashtra Cricket Association Stadium > Feroz Shah Kotla > M Chinnaswamy Stadium",Unknown,Not Available,0,Execute standard death-over strategies: wide yorkers and back-of-a-length slower balls.,Vary pace and trajectory. Aim for the rough patches to induce a false shot.,"Prime target for the death overs. Attack him aggressively late in the innings as he loses his length under pressure. Historically, KA Pollard completely owns this bowler. Emulate that aggressive footprint.","NLTC Perera is a Death Over Finisher. Strongest at Rajiv Gandhi International Stadium, Uppal. Beware of PP Chawla who owns this matchup. Keep away from KA Pollard who hits them at will.",PP Chawla,KA Pollard,130.1,141.3,8.53,10.97,31,715
SE Marsh,Not Available,Not Available,Batsman,Middle Order Anchor,"Punjab Cricket Association Stadium, Mohali > Himachal Pradesh Cricket Association Stadium > Wankhede Stadium > Punjab Cricket Association IS Bindra Stadium, Mohali",Unknown,Not Available,0,Execute standard death-over strategies: wide yorkers and back-of-a-length slower balls.,Vary pace and trajectory. Aim for the rough patches to induce a false shot.,Target this bowler aggressively. High economy rate suggests frequent boundary deliveries. Look for gaps early. ,"SE Marsh is a Middle Order Anchor. Strongest at Punjab Cricket Association Stadium, Mohali. Beware of B Kumar who owns this matchup.",B Kumar,Not Available,130.1,151.4,0.0,0.0,0,0
JP Faulkner,Not Available,Not Available,All-Rounder,Death Over Finisher,Sawai Mansingh Stadium > Feroz Shah Kotla > Saurashtra Cricket Association Stadium > Brabourne Stadium,Unknown,Not Available,0,Execute standard death-over strategies: wide yorkers and back-of-a-length slower balls.,Vary pace and trajectory. Aim for the rough patches to induce a false shot.,"Play out his deliveries on merit and wait for loose balls. Historically, GJ Bailey completely owns this bowler. Emulate that aggressive footprint.",JP Faulkner is a Death Over Finisher. Strongest at Sawai Mansingh Stadium. Beware of JJ Bumrah who owns this matchup. Keep away from GJ Bailey who hits them at will.,JJ Bumrah,GJ Bailey,129.8,149.3,8.39,9.47,61,1287
R Tewatia,Not Available,Not Available,All-Rounder,Death Over Finisher,"Sharjah Cricket Stadium > Dubai International Cricket Stadium > Narendra Modi Stadium, Ahmedabad > Wankhede Stadium, Mumbai",Unknown,Not Available,0,Execute standard death-over strategies: wide yorkers and back-of-a-length slower balls.,Vary pace and trajectory. Aim for the rough patches to induce a false shot.,"Play out his deliveries on merit and wait for loose balls. Historically, Ishan Kishan completely owns this bowler. Emulate that aggressive footprint.",R Tewatia is a Death Over Finisher. Strongest at Sharjah Cricket Stadium. Beware of K Rabada who owns this matchup. Keep away from Ishan Kishan who hits them at will.,K Rabada,Ishan Kishan,129.6,154.3,7.7,7.17,32,866
JD Ryder,Not Available,Not Available,All-Rounder,Top Order Aggressor,Dr DY Patil Sports Academy > Subrata Roy Sahara Stadium > Feroz Shah Kotla > M Chinnaswamy Stadium,Unknown,Not Available,0,Execute standard death-over strategies: wide yorkers and back-of-a-length slower balls.,Vary pace and trajectory. Aim for the rough patches to induce a false shot.,"Prime target for the death overs. Attack him aggressively late in the innings as he loses his length under pressure. Historically, DJ Hussey completely owns this bowler. Emulate that aggressive footprint.",JD Ryder is a Top Order Aggressor. Strongest at Dr DY Patil Sports Academy. Beware of IK Pathan who owns this matchup. Keep away from DJ Hussey who hits them at will.,IK Pathan,DJ Hussey,129.6,160.7,7.54,12.69,8,241
Himmat Singh,Not Available,Not Available,New Addition,Middle Order Anchor,Neutral Venues,Unknown,Not Available,0,Execute standard death-over strategies: wide yorkers and back-of-a-length slower balls.,Vary pace and trajectory. Aim for the rough patches to induce a false shot.,Target this bowler aggressively. High economy rate suggests frequent boundary deliveries. Look for gaps early. ,Himmat Singh is a Middle Order Anchor. Strongest at most grounds.,Not Available,Not Available,129.6,181.8,0.0,0.0,0,0
AU Rashid,Not Available,Not Available,New Addition,Middle Order Anchor,"Bharat Ratna Shri Atal Bihari Vajpayee Ekana Cricket Stadium, Lucknow",Unknown,Not Available,0,Execute standard death-over strategies: wide yorkers and back-of-a-length slower balls.,Vary pace and trajectory. Aim for the rough patches to induce a false shot.,"Target this bowler aggressively. High economy rate suggests frequent boundary deliveries. Look for gaps early. Historically, SV Samson completely owns this bowler. Emulate that aggressive footprint.","AU Rashid is a Middle Order Anchor. Strongest at Bharat Ratna Shri Atal Bihari Vajpayee Ekana Cricket Stadium, Lucknow.",Not Available,SV Samson,129.4,133.3,9.1,10.0,2,60
PN Mankad,Not Available,Not Available,Batsman,Top Order Aggressor,"Rajiv Gandhi International Stadium, Uppal, Hyderabad",Unknown,Not Available,0,Execute standard death-over strategies: wide yorkers and back-of-a-length slower balls.,Vary pace and trajectory. Aim for the rough patches to induce a false shot.,Target this bowler aggressively. High economy rate suggests frequent boundary deliveries. Look for gaps early. ,"PN Mankad is a Top Order Aggressor. Strongest at Rajiv Gandhi International Stadium, Uppal, Hyderabad. Beware of T Natarajan who owns this matchup.",T Natarajan,Not Available,129.3,163.6,0.0,0.0,0,0
RG Sharma,Not Available,Not Available,All-Rounder,Middle Order Anchor,"Wankhede Stadium > Wankhede Stadium, Mumbai > Eden Gardens > Rajiv Gandhi International Stadium, Uppal",Unknown,Not Available,0,Execute standard death-over strategies: wide yorkers and back-of-a-length slower balls.,Vary pace and trajectory. Aim for the rough patches to induce a false shot.,"Play out his deliveries on merit and wait for loose balls. Historically, KC Sangakkara completely owns this bowler. Emulate that aggressive footprint.",RG Sharma is a Middle Order Anchor. Strongest at Wankhede Stadium. Beware of SP Narine who owns this matchup. Keep away from KC Sangakkara who hits them at will.,SP Narine,KC Sangakkara,129.2,174.3,7.79,8.52,15,349
MA Agarwal,Not Available,Not Available,Batsman,Top Order Aggressor,Dubai International Cricket Stadium > Punjab Cricket Association IS Bindra Stadium > M Chinnaswamy Stadium > Sharjah Cricket Stadium,Unknown,Not Available,0,Execute standard death-over strategies: wide yorkers and back-of-a-length slower balls.,Vary pace and trajectory. Aim for the rough patches to induce a false shot.,Target this bowler aggressively. High economy rate suggests frequent boundary deliveries. Look for gaps early. ,MA Agarwal is a Top Order Aggressor. Strongest at Dubai International Cricket Stadium. Beware of YS Chahal who owns this matchup.,YS Chahal,Not Available,128.8,203.2,0.0,0.0,0,0
KK Nair,Not Available,Not Available,Batsman,Middle Order Anchor,"Feroz Shah Kotla > Sardar Patel Stadium, Motera > Punjab Cricket Association IS Bindra Stadium > M Chinnaswamy Stadium",Unknown,Not Available,0,Execute standard death-over strategies: wide yorkers and back-of-a-length slower balls.,Vary pace and trajectory. Aim for the rough patches to induce a false shot.,Target this bowler aggressively. High economy rate suggests frequent boundary deliveries. Look for gaps early. ,KK Nair is a Middle Order Anchor. Strongest at Feroz Shah Kotla. Beware of Harbhajan Singh who owns this matchup.,Harbhajan Singh,Not Available,128.8,171.9,0.0,0.0,0,0
Azmatullah Omarzai,Not Available,Not Available,Bowler,Middle Order Anchor,"Narendra Modi Stadium, Ahmedabad > Sawai Mansingh Stadium, Jaipur",Unknown,Not Available,0,Execute standard death-over strategies: wide yorkers and back-of-a-length slower balls.,Vary pace and trajectory. Aim for the rough patches to induce a false shot.,"Prime target for the death overs. Attack him aggressively late in the innings as he loses his length under pressure. Historically, JM Bairstow completely owns this bowler. Emulate that aggressive footprint.","Azmatullah Omarzai is a Middle Order Anchor. Strongest at Narendra Modi Stadium, Ahmedabad. Keep away from JM Bairstow who hits them at will.",Not Available,JM Bairstow,128.6,145.0,9.3,11.88,12,300
SN Thakur,Not Available,Not Available,All-Rounder,Death Over Finisher,"Wankhede Stadium, Mumbai > Dubai International Cricket Stadium > Maharashtra Cricket Association Stadium > Eden Gardens, Kolkata",Unknown,Not Available,0,Execute standard death-over strategies: wide yorkers and back-of-a-length slower balls.,Vary pace and trajectory. Aim for the rough patches to induce a false shot.,"Play out his deliveries on merit and wait for loose balls. Historically, C Green completely owns this bowler. Emulate that aggressive footprint.","SN Thakur is a Death Over Finisher. Strongest at Wankhede Stadium, Mumbai. Beware of HV Patel who owns this matchup. Keep away from C Green who hits them at will.",HV Patel,C Green,128.4,133.5,8.95,9.8,114,2303
Rahmanullah Gurbaz,Not Available,Not Available,Batsman,Top Order Aggressor,"Eden Gardens, Kolkata",Unknown,Not Available,0,Execute standard death-over strategies: wide yorkers and back-of-a-length slower balls.,Vary pace and trajectory. Aim for the rough patches to induce a false shot.,Target this bowler aggressively. High economy rate suggests frequent boundary deliveries. Look for gaps early. ,"Rahmanullah Gurbaz is a Top Order Aggressor. Strongest at Eden Gardens, Kolkata. Beware of Mohammed Siraj who owns this matchup.",Mohammed Siraj,Not Available,128.3,0.0,0.0,0.0,0,0
DJ Mitchell,Not Available,Not Available,Batsman,Middle Order Anchor,"MA Chidambaram Stadium, Chepauk, Chennai > Narendra Modi Stadium, Ahmedabad",Unknown,Not Available,0,Execute standard death-over strategies: wide yorkers and back-of-a-length slower balls.,Vary pace and trajectory. Aim for the rough patches to induce a false shot.,"Target this bowler aggressively. High economy rate suggests frequent boundary deliveries. Look for gaps early. Historically, Shubman Gill completely owns this bowler. Emulate that aggressive footprint.","DJ Mitchell is a Middle Order Anchor. Strongest at MA Chidambaram Stadium, Chepauk, Chennai. Beware of K Kartikeya who owns this matchup.",K Kartikeya,Shubman Gill,128.1,115.0,11.41,0.0,1,51
AR Patel,Not Available,Not Available,All-Rounder,Middle Order Anchor,"Arun Jaitley Stadium, Delhi > Dubai International Cricket Stadium > Punjab Cricket Association Stadium, Mohali > M Chinnaswamy Stadium",Unknown,Not Available,0,Execute standard death-over strategies: wide yorkers and back-of-a-length slower balls.,Vary pace and trajectory. Aim for the rough patches to induce a false shot.,"Play out his deliveries on merit and wait for loose balls. Historically, Priyansh Arya completely owns this bowler. Emulate that aggressive footprint.","AR Patel is a Middle Order Anchor. Strongest at Arun Jaitley Stadium, Delhi. Beware of SP Narine who owns this matchup. Keep away from Priyansh Arya who hits them at will.",SP Narine,Priyansh Arya,128.0,145.8,7.31,8.4,136,3542
PHKD Mendis,Not Available,Not Available,Batsman,Middle Order Anchor,"MA Chidambaram Stadium, Chepauk, Chennai > Eden Gardens, Kolkata",Unknown,Not Available,0,Execute standard death-over strategies: wide yorkers and back-of-a-length slower balls.,Vary pace and trajectory. Aim for the rough patches to induce a false shot.,Play out his deliveries on merit and wait for loose balls. ,"PHKD Mendis is a Middle Order Anchor. Strongest at MA Chidambaram Stadium, Chepauk, Chennai.",Not Available,Not Available,127.8,100.0,8.57,0.0,2,42
PD Collingwood,Not Available,Not Available,Batsman,Middle Order Anchor,Feroz Shah Kotla,Unknown,Not Available,0,Execute standard death-over strategies: wide yorkers and back-of-a-length slower balls.,Vary pace and trajectory. Aim for the rough patches to induce a false shot.,"Elite threat. Treat with immense respect. Focus on rotating the strike and do not take unnecessary aerial risks. Historically, SS Tiwary completely owns this bowler. Emulate that aggressive footprint.",PD Collingwood is a Middle Order Anchor. Strongest at Feroz Shah Kotla. Beware of R Sharma who owns this matchup.,R Sharma,SS Tiwary,127.7,180.0,6.73,5.48,5,90
S Narwal,Not Available,Not Available,New Addition,Death Over Finisher,"Feroz Shah Kotla > Sardar Patel Stadium, Motera",Unknown,Not Available,0,Execute standard death-over strategies: wide yorkers and back-of-a-length slower balls.,Vary pace and trajectory. Aim for the rough patches to induce a false shot.,"Prime target for the death overs. Attack him aggressively late in the innings as he loses his length under pressure. Historically, M Vijay completely owns this bowler. Emulate that aggressive footprint.",S Narwal is a Death Over Finisher. Strongest at Feroz Shah Kotla.,Not Available,M Vijay,127.6,131.6,10.73,19.67,5,113
KH Pandya,Not Available,Not Available,All-Rounder,Middle Order Anchor,"Wankhede Stadium > Bharat Ratna Shri Atal Bihari Vajpayee Ekana Cricket Stadium, Lucknow > Wankhede Stadium, Mumbai > M Chinnaswamy Stadium, Bengaluru",Unknown,Not Available,0,Execute standard death-over strategies: wide yorkers and back-of-a-length slower balls.,Vary pace and trajectory. Aim for the rough patches to induce a false shot.,"Play out his deliveries on merit and wait for loose balls. Historically, MM Ali completely owns this bowler. Emulate that aggressive footprint.",KH Pandya is a Middle Order Anchor. Strongest at Wankhede Stadium. Beware of GJ Maxwell who owns this matchup. Keep away from MM Ali who hits them at will.,GJ Maxwell,MM Ali,127.4,149.1,7.35,8.26,102,2632
Sikandar Raza,Not Available,Not Available,Batsman,Middle Order Anchor,"Bharat Ratna Shri Atal Bihari Vajpayee Ekana Cricket Stadium, Lucknow > Punjab Cricket Association IS Bindra Stadium, Mohali, Chandigarh",Unknown,Not Available,0,Target primary weakness: Exploit raw pace. Use well-directed bouncers at the body and yorkers to trap them.,Alternate Tactic (Spin): Toss it up wide of off-stump. Force them to generate their own power by taking the pace off.,Target this bowler aggressively. High economy rate suggests frequent boundary deliveries. Look for gaps early. ,"Sikandar Raza is a Middle Order Anchor. Strongest at Bharat Ratna Shri Atal Bihari Vajpayee Ekana Cricket Stadium, Lucknow. Beware of K Gowtham who owns this matchup.",K Gowtham,Not Available,127.3,123.7,9.61,0.0,3,88
TR Birt,Not Available,Not Available,Batsman,Death Over Finisher,Neutral Venues,Unknown,Not Available,0,Execute standard death-over strategies: wide yorkers and back-of-a-length slower balls.,Vary pace and trajectory. Aim for the rough patches to induce a false shot.,Target this bowler aggressively. High economy rate suggests frequent boundary deliveries. Look for gaps early. ,TR Birt is a Death Over Finisher. Strongest at most grounds.,Not Available,Not Available,127.1,162.2,0.0,0.0,0,0
BB McCullum,Not Available,Not Available,Batsman,Top Order Aggressor,"Eden Gardens > MA Chidambaram Stadium, Chepauk > Saurashtra Cricket Association Stadium > M Chinnaswamy Stadium",Unknown,Not Available,0,Execute standard death-over strategies: wide yorkers and back-of-a-length slower balls.,Vary pace and trajectory. Aim for the rough patches to induce a false shot.,Target this bowler aggressively. High economy rate suggests frequent boundary deliveries. Look for gaps early. ,BB McCullum is a Top Order Aggressor. Strongest at Eden Gardens. Beware of AR Patel who owns this matchup.,AR Patel,Not Available,126.8,181.0,0.0,0.0,0,0
SM Pollock,Not Available,Not Available,All-Rounder,Middle Order Anchor,Wankhede Stadium > Dr DY Patil Sports Academy,Unknown,Not Available,0,Execute standard death-over strategies: wide yorkers and back-of-a-length slower balls.,Vary pace and trajectory. Aim for the rough patches to induce a false shot.,"Elite threat. Treat with immense respect. Focus on rotating the strike and do not take unnecessary aerial risks. Historically, KC Sangakkara completely owns this bowler. Emulate that aggressive footprint.",SM Pollock is a Middle Order Anchor. Strongest at Wankhede Stadium. Keep away from KC Sangakkara who hits them at will.,Not Available,KC Sangakkara,126.7,181.8,6.45,8.0,11,280
Gulbadin Naib,Not Available,Not Available,New Addition,Death Over Finisher,Neutral Venues,Unknown,Not Available,0,Execute standard death-over strategies: wide yorkers and back-of-a-length slower balls.,Vary pace and trajectory. Aim for the rough patches to induce a false shot.,Target this bowler aggressively. High economy rate suggests frequent boundary deliveries. Look for gaps early. ,Gulbadin Naib is a Death Over Finisher. Strongest at most grounds.,Not Available,Not Available,126.7,150.0,12.0,0.0,0,6
D Padikkal,Not Available,Not Available,Batsman,Middle Order Anchor,"Wankhede Stadium, Mumbai > M Chinnaswamy Stadium, Bengaluru > Dubai International Cricket Stadium > Sheikh Zayed Stadium",Unknown,Not Available,0,Execute standard death-over strategies: wide yorkers and back-of-a-length slower balls.,Vary pace and trajectory. Aim for the rough patches to induce a false shot.,Target this bowler aggressively. High economy rate suggests frequent boundary deliveries. Look for gaps early. ,"D Padikkal is a Middle Order Anchor. Strongest at Wankhede Stadium, Mumbai. Beware of Rashid Khan who owns this matchup.",Rashid Khan,Not Available,126.6,135.3,0.0,0.0,0,0
AC Voges,Not Available,Not Available,Batsman,Middle Order Anchor,"Sardar Patel Stadium, Motera > Sawai Mansingh Stadium",Unknown,Not Available,0,Execute standard death-over strategies: wide yorkers and back-of-a-length slower balls.,Vary pace and trajectory. Aim for the rough patches to induce a false shot.,Play out his deliveries on merit and wait for loose balls. ,"AC Voges is a Middle Order Anchor. Strongest at Sardar Patel Stadium, Motera.",Not Available,Not Available,126.6,151.8,8.14,5.0,0,56
RV Uthappa,Not Available,Not Available,Batsman,Middle Order Anchor,Eden Gardens > Subrata Roy Sahara Stadium > M Chinnaswamy Stadium > Wankhede Stadium,Unknown,Not Available,0,Execute standard death-over strategies: wide yorkers and back-of-a-length slower balls.,Vary pace and trajectory. Aim for the rough patches to induce a false shot.,Target this bowler aggressively. High economy rate suggests frequent boundary deliveries. Look for gaps early. ,RV Uthappa is a Middle Order Anchor. Strongest at Eden Gardens. Beware of R Ashwin who owns this matchup.,R Ashwin,Not Available,126.2,165.3,0.0,0.0,0,0
SM Katich,Not Available,Not Available,Batsman,Top Order Aggressor,"Punjab Cricket Association Stadium, Mohali",Unknown,Not Available,0,Execute standard death-over strategies: wide yorkers and back-of-a-length slower balls.,Vary pace and trajectory. Aim for the rough patches to induce a false shot.,Target this bowler aggressively. High economy rate suggests frequent boundary deliveries. Look for gaps early. ,"SM Katich is a Top Order Aggressor. Strongest at Punjab Cricket Association Stadium, Mohali. Beware of MF Maharoof who owns this matchup.",MF Maharoof,Not Available,126.2,125.0,0.0,0.0,0,0
Ankit Sharma,Not Available,Not Available,Bowler,Death Over Finisher,"JSCA International Stadium Complex > Sardar Patel Stadium, Motera > Barabati Stadium",Unknown,Not Available,0,Execute standard death-over strategies: wide yorkers and back-of-a-length slower balls.,Vary pace and trajectory. Aim for the rough patches to induce a false shot.,"Prime target for the death overs. Attack him aggressively late in the innings as he loses his length under pressure. Historically, AB de Villiers completely owns this bowler. Emulate that aggressive footprint.",Ankit Sharma is a Death Over Finisher. Strongest at JSCA International Stadium Complex. Keep away from AB de Villiers who hits them at will.,S Badree,AB de Villiers,126.1,137.1,7.2,11.31,12,375
S Vidyut,Not Available,Not Available,Batsman,Top Order Aggressor,"MA Chidambaram Stadium, Chepauk",Unknown,Not Available,0,Execute standard death-over strategies: wide yorkers and back-of-a-length slower balls.,Vary pace and trajectory. Aim for the rough patches to induce a false shot.,Target this bowler aggressively. High economy rate suggests frequent boundary deliveries. Look for gaps early. ,"S Vidyut is a Top Order Aggressor. Strongest at MA Chidambaram Stadium, Chepauk. Beware of PJ Sangwan who owns this matchup.",PJ Sangwan,Not Available,126.1,0.0,10.15,0.0,1,13
SW Billings,Not Available,Not Available,Batsman,Middle Order Anchor,"Feroz Shah Kotla > MA Chidambaram Stadium > Dr DY Patil Sports Academy, Mumbai > Maharashtra Cricket Association Stadium, Pune",Unknown,Not Available,0,Execute standard death-over strategies: wide yorkers and back-of-a-length slower balls.,Vary pace and trajectory. Aim for the rough patches to induce a false shot.,Target this bowler aggressively. High economy rate suggests frequent boundary deliveries. Look for gaps early. ,SW Billings is a Middle Order Anchor. Strongest at Feroz Shah Kotla. Beware of UT Yadav who owns this matchup.,UT Yadav,Not Available,126.1,166.2,0.0,0.0,0,0
STR Binny,Not Available,Not Available,All-Rounder,Middle Order Anchor,"Sawai Mansingh Stadium > M Chinnaswamy Stadium > Eden Gardens > Sardar Patel Stadium, Motera",Unknown,Not Available,0,Execute standard death-over strategies: wide yorkers and back-of-a-length slower balls.,Vary pace and trajectory. Aim for the rough patches to induce a false shot.,"Play out his deliveries on merit and wait for loose balls. Historically, MEK Hussey completely owns this bowler. Emulate that aggressive footprint.",STR Binny is a Middle Order Anchor. Strongest at Sawai Mansingh Stadium. Beware of MG Johnson who owns this matchup. Keep away from MEK Hussey who hits them at will.,MG Johnson,MEK Hussey,125.7,149.2,7.44,9.54,22,611
CL White,Not Available,Not Available,Batsman,Middle Order Anchor,"Rajiv Gandhi International Stadium, Uppal > M Chinnaswamy Stadium > MA Chidambaram Stadium, Chepauk > Punjab Cricket Association Stadium, Mohali",Unknown,Not Available,0,Execute standard death-over strategies: wide yorkers and back-of-a-length slower balls.,Vary pace and trajectory. Aim for the rough patches to induce a false shot.,Target this bowler aggressively. High economy rate suggests frequent boundary deliveries. Look for gaps early. ,"CL White is a Middle Order Anchor. Strongest at Rajiv Gandhi International Stadium, Uppal. Beware of MN Samuels who owns this matchup.",MN Samuels,Not Available,125.5,182.4,11.22,0.0,1,46
M Vohra,Not Available,Not Available,Batsman,Top Order Aggressor,"Rajiv Gandhi International Stadium, Uppal > Punjab Cricket Association Stadium, Mohali > Punjab Cricket Association IS Bindra Stadium, Mohali > Eden Gardens",Unknown,Not Available,0,Execute standard death-over strategies: wide yorkers and back-of-a-length slower balls.,Vary pace and trajectory. Aim for the rough patches to induce a false shot.,Target this bowler aggressively. High economy rate suggests frequent boundary deliveries. Look for gaps early. ,"M Vohra is a Top Order Aggressor. Strongest at Rajiv Gandhi International Stadium, Uppal. Beware of Imran Tahir who owns this matchup.",Imran Tahir,Not Available,125.5,221.4,0.0,0.0,0,0
V Shankar,Not Available,Not Available,All-Rounder,Middle Order Anchor,"MA Chidambaram Stadium, Chepauk, Chennai > Dubai International Cricket Stadium > Narendra Modi Stadium, Ahmedabad > Arun Jaitley Stadium",Unknown,Not Available,0,Execute standard death-over strategies: wide yorkers and back-of-a-length slower balls.,Vary pace and trajectory. Aim for the rough patches to induce a false shot.,"Play out his deliveries on merit and wait for loose balls. Historically, N Rana completely owns this bowler. Emulate that aggressive footprint.","V Shankar is a Middle Order Anchor. Strongest at MA Chidambaram Stadium, Chepauk, Chennai. Beware of PP Chawla who owns this matchup. Keep away from N Rana who hits them at will.",PP Chawla,N Rana,125.2,158.5,8.0,7.76,9,258
DJ Bravo,Not Available,Not Available,All-Rounder,Middle Order Anchor,"MA Chidambaram Stadium, Chepauk > Wankhede Stadium > Eden Gardens > Rajiv Gandhi International Stadium, Uppal",Unknown,Not Available,0,Execute standard death-over strategies: wide yorkers and back-of-a-length slower balls.,Vary pace and trajectory. Aim for the rough patches to induce a false shot.,"Play out his deliveries on merit and wait for loose balls. Historically, AD Russell completely owns this bowler. Emulate that aggressive footprint.","DJ Bravo is a Middle Order Anchor. Strongest at MA Chidambaram Stadium, Chepauk. Beware of JJ Bumrah who owns this matchup. Keep away from AD Russell who hits them at will.",JJ Bumrah,AD Russell,125.1,167.7,7.94,8.86,183,3296
A Choudhary,Not Available,Not Available,New Addition,Death Over Finisher,M Chinnaswamy Stadium,Unknown,Not Available,0,Execute standard death-over strategies: wide yorkers and back-of-a-length slower balls.,Vary pace and trajectory. Aim for the rough patches to induce a false shot.,Play out his deliveries on merit and wait for loose balls. ,A Choudhary is a Death Over Finisher. Strongest at M Chinnaswamy Stadium.,Not Available,Not Available,125.0,125.0,8.0,8.89,5,108
Arshad Khan (2),Not Available,Not Available,New Addition,Death Over Finisher,Neutral Venues,Unknown,Not Available,0,Execute standard death-over strategies: wide yorkers and back-of-a-length slower balls.,Vary pace and trajectory. Aim for the rough patches to induce a false shot.,Target this bowler aggressively. High economy rate suggests frequent boundary deliveries. Look for gaps early. ,Arshad Khan (2) is a Death Over Finisher. Strongest at most grounds.,Not Available,Not Available,125.0,125.0,11.08,0.0,0,13
OA Shah,Not Available,Not Available,Batsman,Middle Order Anchor,Sawai Mansingh Stadium > Wankhede Stadium > Eden Gardens > M Chinnaswamy Stadium,Unknown,Not Available,0,Execute standard death-over strategies: wide yorkers and back-of-a-length slower balls.,Vary pace and trajectory. Aim for the rough patches to induce a false shot.,Target this bowler aggressively. High economy rate suggests frequent boundary deliveries. Look for gaps early. ,OA Shah is a Middle Order Anchor. Strongest at Sawai Mansingh Stadium. Beware of SP Narine who owns this matchup.,SP Narine,Not Available,124.9,150.3,0.0,0.0,0,0
RA Jadeja,Not Available,Not Available,All-Rounder,Middle Order Anchor,"MA Chidambaram Stadium, Chepauk, Chennai > MA Chidambaram Stadium, Chepauk > Dubai International Cricket Stadium > Wankhede Stadium, Mumbai",Unknown,Not Available,0,Execute standard death-over strategies: wide yorkers and back-of-a-length slower balls.,Vary pace and trajectory. Aim for the rough patches to induce a false shot.,"Play out his deliveries on merit and wait for loose balls. Historically, CH Gayle completely owns this bowler. Emulate that aggressive footprint.","RA Jadeja is a Middle Order Anchor. Strongest at MA Chidambaram Stadium, Chepauk, Chennai. Beware of A Mishra who owns this matchup. Keep away from CH Gayle who hits them at will.",A Mishra,CH Gayle,124.8,143.0,7.54,8.55,177,4261
MC Henriques,Not Available,Not Available,All-Rounder,Middle Order Anchor,"Rajiv Gandhi International Stadium, Uppal > Feroz Shah Kotla > Dr. Y.S. Rajasekhara Reddy ACA-VDCA Cricket Stadium > M Chinnaswamy Stadium",Unknown,Not Available,0,Execute standard death-over strategies: wide yorkers and back-of-a-length slower balls.,Vary pace and trajectory. Aim for the rough patches to induce a false shot.,"Play out his deliveries on merit and wait for loose balls. Historically, AJ Finch completely owns this bowler. Emulate that aggressive footprint.","MC Henriques is a Middle Order Anchor. Strongest at Rajiv Gandhi International Stadium, Uppal. Beware of SR Watson who owns this matchup. Keep away from AJ Finch who hits them at will.",SR Watson,AJ Finch,124.8,164.2,7.9,9.15,42,979
Yuvraj Singh,Not Available,Not Available,All-Rounder,Middle Order Anchor,"M Chinnaswamy Stadium > Dr DY Patil Sports Academy > Punjab Cricket Association Stadium, Mohali > Rajiv Gandhi International Stadium, Uppal",Unknown,Not Available,0,Execute standard death-over strategies: wide yorkers and back-of-a-length slower balls.,Vary pace and trajectory. Aim for the rough patches to induce a false shot.,"Play out his deliveries on merit and wait for loose balls. Historically, YK Pathan completely owns this bowler. Emulate that aggressive footprint.",Yuvraj Singh is a Middle Order Anchor. Strongest at M Chinnaswamy Stadium. Beware of UT Yadav who owns this matchup. Keep away from YK Pathan who hits them at will.,UT Yadav,YK Pathan,124.8,169.3,7.33,8.0,36,882
Azhar Mahmood,Not Available,Not Available,All-Rounder,Middle Order Anchor,"Punjab Cricket Association Stadium, Mohali > Himachal Pradesh Cricket Association Stadium > M Chinnaswamy Stadium > MA Chidambaram Stadium, Chepauk",Unknown,Not Available,0,Execute standard death-over strategies: wide yorkers and back-of-a-length slower balls.,Vary pace and trajectory. Aim for the rough patches to induce a false shot.,"Play out his deliveries on merit and wait for loose balls. Historically, RG Sharma completely owns this bowler. Emulate that aggressive footprint.","Azhar Mahmood is a Middle Order Anchor. Strongest at Punjab Cricket Association Stadium, Mohali. Beware of Harbhajan Singh who owns this matchup. Keep away from RG Sharma who hits them at will.",Harbhajan Singh,RG Sharma,124.8,130.9,7.61,9.36,29,552
SPD Smith,Not Available,Not Available,Batsman,Middle Order Anchor,Maharashtra Cricket Association Stadium > Sawai Mansingh Stadium > Sharjah Cricket Stadium > Subrata Roy Sahara Stadium,Unknown,Not Available,0,Execute standard death-over strategies: wide yorkers and back-of-a-length slower balls.,Vary pace and trajectory. Aim for the rough patches to induce a false shot.,Prime target for the death overs. Attack him aggressively late in the innings as he loses his length under pressure. ,SPD Smith is a Middle Order Anchor. Strongest at Maharashtra Cricket Association Stadium. Beware of RA Jadeja who owns this matchup.,RA Jadeja,Not Available,124.8,159.7,15.0,15.0,0,2
A Symonds,Not Available,Not Available,All-Rounder,Middle Order Anchor,"Barabati Stadium > New Wanderers Stadium > Rajiv Gandhi International Stadium, Uppal > Eden Gardens",Unknown,Not Available,0,Execute standard death-over strategies: wide yorkers and back-of-a-length slower balls.,Vary pace and trajectory. Aim for the rough patches to induce a false shot.,"Play out his deliveries on merit and wait for loose balls. Historically, V Sehwag completely owns this bowler. Emulate that aggressive footprint.",A Symonds is a Middle Order Anchor. Strongest at Barabati Stadium. Beware of A Mishra who owns this matchup. Keep away from V Sehwag who hits them at will.,A Mishra,V Sehwag,124.7,148.7,7.49,10.24,20,540
AT Rayudu,Not Available,Not Available,Batsman,Middle Order Anchor,Wankhede Stadium > Dubai International Cricket Stadium > M Chinnaswamy Stadium > Maharashtra Cricket Association Stadium,Unknown,Not Available,0,Execute standard death-over strategies: wide yorkers and back-of-a-length slower balls.,Vary pace and trajectory. Aim for the rough patches to induce a false shot.,Target this bowler aggressively. High economy rate suggests frequent boundary deliveries. Look for gaps early. ,AT Rayudu is a Middle Order Anchor. Strongest at Wankhede Stadium. Beware of MM Sharma who owns this matchup.,MM Sharma,Not Available,124.6,162.6,0.0,0.0,0,0
AD Hales,Not Available,Not Available,Batsman,Top Order Aggressor,Neutral Venues,Unknown,Not Available,0,Execute standard death-over strategies: wide yorkers and back-of-a-length slower balls.,Vary pace and trajectory. Aim for the rough patches to induce a false shot.,Target this bowler aggressively. High economy rate suggests frequent boundary deliveries. Look for gaps early. ,AD Hales is a Top Order Aggressor. Strongest at most grounds. Beware of TA Boult who owns this matchup.,TA Boult,Not Available,124.4,0.0,0.0,0.0,0,0
JO Holder,Not Available,Not Available,All-Rounder,Death Over Finisher,"Sharjah Cricket Stadium > Dubai International Cricket Stadium > Dr DY Patil Sports Academy, Mumbai > Zayed Cricket Stadium, Abu Dhabi",Unknown,Not Available,0,Execute standard death-over strategies: wide yorkers and back-of-a-length slower balls.,Vary pace and trajectory. Aim for the rough patches to induce a false shot.,"Play out his deliveries on merit and wait for loose balls. Historically, SO Hetmyer completely owns this bowler. Emulate that aggressive footprint.",JO Holder is a Death Over Finisher. Strongest at Sharjah Cricket Stadium. Beware of HV Patel who owns this matchup. Keep away from SO Hetmyer who hits them at will.,HV Patel,SO Hetmyer,124.1,133.1,8.27,8.96,56,1122
WP Saha,Not Available,Not Available,Batsman,Top Order Aggressor,"Eden Gardens > Narendra Modi Stadium, Ahmedabad > M Chinnaswamy Stadium > Punjab Cricket Association Stadium, Mohali",Unknown,Not Available,0,Execute standard death-over strategies: wide yorkers and back-of-a-length slower balls.,Vary pace and trajectory. Aim for the rough patches to induce a false shot.,Target this bowler aggressively. High economy rate suggests frequent boundary deliveries. Look for gaps early. ,WP Saha is a Top Order Aggressor. Strongest at Eden Gardens. Beware of Mohammed Siraj who owns this matchup.,Mohammed Siraj,Not Available,123.9,153.9,0.0,0.0,0,0
MV Boucher,Not Available,Not Available,Batsman,Death Over Finisher,St George's Park > M Chinnaswamy Stadium,Unknown,Not Available,0,Execute standard death-over strategies: wide yorkers and back-of-a-length slower balls.,Vary pace and trajectory. Aim for the rough patches to induce a false shot.,Target this bowler aggressively. High economy rate suggests frequent boundary deliveries. Look for gaps early. ,MV Boucher is a Death Over Finisher. Strongest at St George's Park. Beware of PJ Sangwan who owns this matchup.,PJ Sangwan,Not Available,123.9,154.6,0.0,0.0,0,0
MN van Wyk,Not Available,Not Available,Batsman,Middle Order Anchor,Kingsmead,Unknown,Not Available,0,Execute standard death-over strategies: wide yorkers and back-of-a-length slower balls.,Vary pace and trajectory. Aim for the rough patches to induce a false shot.,Target this bowler aggressively. High economy rate suggests frequent boundary deliveries. Look for gaps early. ,MN van Wyk is a Middle Order Anchor. Strongest at Kingsmead. Beware of R Bhatia who owns this matchup.,R Bhatia,Not Available,123.7,153.5,0.0,0.0,0,0
Washington Sundar,Not Available,Not Available,All-Rounder,Death Over Finisher,"M.Chinnaswamy Stadium > Rajiv Gandhi International Stadium, Uppal, Hyderabad > Dubai International Cricket Stadium > Wankhede Stadium, Mumbai",Unknown,Deep Mid-Wicket,6,Alternate Tactic (Pace): Bowl hard lengths outside off-stump. Use off-cutters rolling fingers over the seam to disrupt timing.,"Target primary weakness: Exploit the spinning ball, use variations in flight and turn away from the bat.","Play out his deliveries on merit and wait for loose balls. Historically, SV Samson completely owns this bowler. Emulate that aggressive footprint.",Washington Sundar is a Death Over Finisher. Strongest at M.Chinnaswamy Stadium. Beware of Ravi Bishnoi who owns this matchup. Keep away from SV Samson who hits them at will.,Ravi Bishnoi,SV Samson,123.6,136.8,7.68,9.44,40,1162
S Dhawan,Not Available,Not Available,Batsman,Top Order Aggressor,"Rajiv Gandhi International Stadium, Uppal > Feroz Shah Kotla > Dubai International Cricket Stadium > Wankhede Stadium, Mumbai",Unknown,Not Available,0,Execute standard death-over strategies: wide yorkers and back-of-a-length slower balls.,Vary pace and trajectory. Aim for the rough patches to induce a false shot.,Play out his deliveries on merit and wait for loose balls. ,"S Dhawan is a Top Order Aggressor. Strongest at Rajiv Gandhi International Stadium, Uppal. Beware of Rashid Khan who owns this matchup.",Rashid Khan,Not Available,123.5,155.7,8.08,0.0,4,49
CJ Anderson,Not Available,Not Available,All-Rounder,Middle Order Anchor,Wankhede Stadium > Feroz Shah Kotla > Dubai International Cricket Stadium > Eden Gardens,Unknown,Not Available,0,Execute standard death-over strategies: wide yorkers and back-of-a-length slower balls.,Vary pace and trajectory. Aim for the rough patches to induce a false shot.,"Prime target for the death overs. Attack him aggressively late in the innings as he loses his length under pressure. Historically, F du Plessis completely owns this bowler. Emulate that aggressive footprint.",CJ Anderson is a Middle Order Anchor. Strongest at Wankhede Stadium. Beware of SP Narine who owns this matchup. Keep away from F du Plessis who hits them at will.,SP Narine,F du Plessis,123.4,159.1,9.87,12.06,11,315
DJ Hooda,Not Available,Not Available,All-Rounder,Middle Order Anchor,"Wankhede Stadium, Mumbai > Rajiv Gandhi International Stadium, Uppal > Bharat Ratna Shri Atal Bihari Vajpayee Ekana Cricket Stadium, Lucknow > MA Chidambaram Stadium, Chepauk, Chennai",Unknown,Not Available,0,Execute standard death-over strategies: wide yorkers and back-of-a-length slower balls.,Vary pace and trajectory. Aim for the rough patches to induce a false shot.,"Prime target for the death overs. Attack him aggressively late in the innings as he loses his length under pressure. Historically, SE Marsh completely owns this bowler. Emulate that aggressive footprint.","DJ Hooda is a Middle Order Anchor. Strongest at Wankhede Stadium, Mumbai. Beware of YS Chahal who owns this matchup. Keep away from SE Marsh who hits them at will.",YS Chahal,SE Marsh,123.4,137.1,8.38,13.26,10,391
AJ Finch,Not Available,Not Available,Batsman,Top Order Aggressor,"Dubai International Cricket Stadium > M Chinnaswamy Stadium > Rajiv Gandhi International Stadium, Uppal > Subrata Roy Sahara Stadium",Unknown,Not Available,0,Execute standard death-over strategies: wide yorkers and back-of-a-length slower balls.,Vary pace and trajectory. Aim for the rough patches to induce a false shot.,"Target this bowler aggressively. High economy rate suggests frequent boundary deliveries. Look for gaps early. Historically, SR Tendulkar completely owns this bowler. Emulate that aggressive footprint.",AJ Finch is a Top Order Aggressor. Strongest at Dubai International Cricket Stadium. Beware of MG Johnson who owns this matchup.,MG Johnson,SR Tendulkar,123.3,153.3,9.14,5.14,1,44
KS Williamson,Not Available,Not Available,Batsman,Middle Order Anchor,"Rajiv Gandhi International Stadium > Rajiv Gandhi International Stadium, Uppal > Dubai International Cricket Stadium > Sheikh Zayed Stadium",Unknown,Not Available,0,Execute standard death-over strategies: wide yorkers and back-of-a-length slower balls.,Vary pace and trajectory. Aim for the rough patches to induce a false shot.,Target this bowler aggressively. High economy rate suggests frequent boundary deliveries. Look for gaps early. ,KS Williamson is a Middle Order Anchor. Strongest at Rajiv Gandhi International Stadium. Beware of Mohammed Shami who owns this matchup.,Mohammed Shami,Not Available,123.0,160.3,10.33,0.0,0,18
LMP Simmons,Not Available,Not Available,Batsman,Top Order Aggressor,"Wankhede Stadium > Punjab Cricket Association Stadium, Mohali > Rajiv Gandhi International Stadium, Uppal > Feroz Shah Kotla",Unknown,Not Available,0,Execute standard death-over strategies: wide yorkers and back-of-a-length slower balls.,Vary pace and trajectory. Aim for the rough patches to induce a false shot.,Prime target for the death overs. Attack him aggressively late in the innings as he loses his length under pressure. ,LMP Simmons is a Top Order Aggressor. Strongest at Wankhede Stadium. Beware of Ankit Sharma who owns this matchup.,Ankit Sharma,Not Available,122.9,147.4,11.33,12.0,1,18
C Munro,Not Available,Not Available,Batsman,Top Order Aggressor,Neutral Venues,Unknown,Not Available,0,Execute standard death-over strategies: wide yorkers and back-of-a-length slower balls.,Vary pace and trajectory. Aim for the rough patches to induce a false shot.,Play out his deliveries on merit and wait for loose balls. ,C Munro is a Top Order Aggressor. Strongest at most grounds. Beware of Harbhajan Singh who owns this matchup.,Harbhajan Singh,Not Available,122.9,66.7,7.5,0.0,0,12
AS Roy,Not Available,Not Available,Bowler,Death Over Finisher,"Eden Gardens, Kolkata > Arun Jaitley Stadium, Delhi",Unknown,Not Available,0,Execute standard death-over strategies: wide yorkers and back-of-a-length slower balls.,Vary pace and trajectory. Aim for the rough patches to induce a false shot.,"Play out his deliveries on merit and wait for loose balls. Historically, SV Samson completely owns this bowler. Emulate that aggressive footprint.","AS Roy is a Death Over Finisher. Strongest at Eden Gardens, Kolkata. Keep away from SV Samson who hits them at will.",Not Available,SV Samson,122.6,160.0,7.96,7.38,11,270
AS Yadav,Not Available,Not Available,Batsman,Death Over Finisher,Neutral Venues,Unknown,Not Available,0,Execute standard death-over strategies: wide yorkers and back-of-a-length slower balls.,Vary pace and trajectory. Aim for the rough patches to induce a false shot.,Target this bowler aggressively. High economy rate suggests frequent boundary deliveries. Look for gaps early. ,AS Yadav is a Death Over Finisher. Strongest at most grounds.,Not Available,Not Available,122.5,130.0,0.0,0.0,0,0
DNT Zoysa,Not Available,Not Available,New Addition,Death Over Finisher,Neutral Venues,Unknown,Not Available,0,Execute standard death-over strategies: wide yorkers and back-of-a-length slower balls.,Vary pace and trajectory. Aim for the rough patches to induce a false shot.,"Play out his deliveries on merit and wait for loose balls. Historically, ST Jayasuriya completely owns this bowler. Emulate that aggressive footprint.",DNT Zoysa is a Death Over Finisher. Strongest at most grounds.,Not Available,ST Jayasuriya,122.2,125.0,8.61,9.9,2,69
SA Abbott,Not Available,Not Available,New Addition,Death Over Finisher,Neutral Venues,Unknown,Not Available,0,Execute standard death-over strategies: wide yorkers and back-of-a-length slower balls.,Vary pace and trajectory. Aim for the rough patches to induce a false shot.,"Prime target for the death overs. Attack him aggressively late in the innings as he loses his length under pressure. Historically, DA Warner completely owns this bowler. Emulate that aggressive footprint.",SA Abbott is a Death Over Finisher. Strongest at most grounds.,Not Available,DA Warner,122.2,146.7,10.58,15.43,1,59
AM Rahane,Not Available,Not Available,Batsman,Top Order Aggressor,"Sawai Mansingh Stadium > Eden Gardens, Kolkata > Maharashtra Cricket Association Stadium > Sardar Patel Stadium, Motera",Unknown,Not Available,0,Execute standard death-over strategies: wide yorkers and back-of-a-length slower balls.,Vary pace and trajectory. Aim for the rough patches to induce a false shot.,Elite threat. Treat with immense respect. Focus on rotating the strike and do not take unnecessary aerial risks. ,AM Rahane is a Top Order Aggressor. Strongest at Sawai Mansingh Stadium. Beware of B Kumar who owns this matchup.,B Kumar,Not Available,122.0,154.2,5.0,0.0,1,6
B Lee,Not Available,Not Available,All-Rounder,Death Over Finisher,"Punjab Cricket Association Stadium, Mohali > Sawai Mansingh Stadium > Eden Gardens > OUTsurance Oval",Unknown,Not Available,0,Execute standard death-over strategies: wide yorkers and back-of-a-length slower balls.,Vary pace and trajectory. Aim for the rough patches to induce a false shot.,"Play out his deliveries on merit and wait for loose balls. Historically, BJ Hodge completely owns this bowler. Emulate that aggressive footprint.","B Lee is a Death Over Finisher. Strongest at Punjab Cricket Association Stadium, Mohali. Keep away from BJ Hodge who hits them at will.",Not Available,BJ Hodge,121.6,121.7,7.17,8.34,25,916
BJ Hodge,Not Available,Not Available,All-Rounder,Middle Order Anchor,Sawai Mansingh Stadium > St George's Park > Holkar Cricket Stadium > Dr DY Patil Sports Academy,Unknown,Not Available,0,Execute standard death-over strategies: wide yorkers and back-of-a-length slower balls.,Vary pace and trajectory. Aim for the rough patches to induce a false shot.,"Play out his deliveries on merit and wait for loose balls. Historically, HH Gibbs completely owns this bowler. Emulate that aggressive footprint.",BJ Hodge is a Middle Order Anchor. Strongest at Sawai Mansingh Stadium. Beware of A Nehra who owns this matchup. Keep away from HH Gibbs who hits them at will.,A Nehra,HH Gibbs,121.4,157.4,7.64,7.67,17,238
P Negi,Not Available,Not Available,All-Rounder,Death Over Finisher,M Chinnaswamy Stadium > M.Chinnaswamy Stadium > Feroz Shah Kotla > Eden Gardens,Unknown,Not Available,0,Execute standard death-over strategies: wide yorkers and back-of-a-length slower balls.,Vary pace and trajectory. Aim for the rough patches to induce a false shot.,"Prime target for the death overs. Attack him aggressively late in the innings as he loses his length under pressure. Historically, HH Pandya completely owns this bowler. Emulate that aggressive footprint.",P Negi is a Death Over Finisher. Strongest at M Chinnaswamy Stadium. Beware of SL Malinga who owns this matchup. Keep away from HH Pandya who hits them at will.,SL Malinga,HH Pandya,121.3,134.6,7.69,10.52,34,733
UT Khawaja,Not Available,Not Available,Batsman,Top Order Aggressor,Dr. Y.S. Rajasekhara Reddy ACA-VDCA Cricket Stadium,Unknown,Not Available,0,Execute standard death-over strategies: wide yorkers and back-of-a-length slower balls.,Vary pace and trajectory. Aim for the rough patches to induce a false shot.,Target this bowler aggressively. High economy rate suggests frequent boundary deliveries. Look for gaps early. ,UT Khawaja is a Top Order Aggressor. Strongest at Dr. Y.S. Rajasekhara Reddy ACA-VDCA Cricket Stadium.,Not Available,Not Available,121.0,0.0,0.0,0.0,0,0
AD Mathews,Not Available,Not Available,All-Rounder,Middle Order Anchor,Eden Gardens > Subrata Roy Sahara Stadium > Feroz Shah Kotla > Sawai Mansingh Stadium,Unknown,Not Available,0,Execute standard death-over strategies: wide yorkers and back-of-a-length slower balls.,Vary pace and trajectory. Aim for the rough patches to induce a false shot.,"Play out his deliveries on merit and wait for loose balls. Historically, A Ashish Reddy completely owns this bowler. Emulate that aggressive footprint.",AD Mathews is a Middle Order Anchor. Strongest at Eden Gardens. Beware of UT Yadav who owns this matchup. Keep away from A Ashish Reddy who hits them at will.,UT Yadav,A Ashish Reddy,120.9,147.1,8.02,8.63,27,807
JP Duminy,Not Available,Not Available,All-Rounder,Middle Order Anchor,"Feroz Shah Kotla > Rajiv Gandhi International Stadium, Uppal > Dr. Y.S. Rajasekhara Reddy ACA-VDCA Cricket Stadium > Wankhede Stadium",Unknown,Not Available,0,Execute standard death-over strategies: wide yorkers and back-of-a-length slower balls.,Vary pace and trajectory. Aim for the rough patches to induce a false shot.,"Play out his deliveries on merit and wait for loose balls. Historically, MK Pandey completely owns this bowler. Emulate that aggressive footprint.",JP Duminy is a Middle Order Anchor. Strongest at Feroz Shah Kotla. Beware of IC Pandey who owns this matchup. Keep away from MK Pandey who hits them at will.,IC Pandey,MK Pandey,120.8,166.4,7.14,9.16,23,701
Mandeep Singh,Not Available,Not Available,Batsman,Top Order Aggressor,"Punjab Cricket Association Stadium, Mohali > M Chinnaswamy Stadium > M.Chinnaswamy Stadium > Eden Gardens",Unknown,Not Available,0,Execute standard death-over strategies: wide yorkers and back-of-a-length slower balls.,Vary pace and trajectory. Aim for the rough patches to induce a false shot.,Target this bowler aggressively. High economy rate suggests frequent boundary deliveries. Look for gaps early. ,"Mandeep Singh is a Top Order Aggressor. Strongest at Punjab Cricket Association Stadium, Mohali. Beware of AR Patel who owns this matchup.",AR Patel,Not Available,120.3,146.4,13.0,0.0,0,12
LA Pomersbach,Not Available,Not Available,Batsman,Middle Order Anchor,"Wankhede Stadium > Punjab Cricket Association Stadium, Mohali",Unknown,Not Available,0,Execute standard death-over strategies: wide yorkers and back-of-a-length slower balls.,Vary pace and trajectory. Aim for the rough patches to induce a false shot.,Target this bowler aggressively. High economy rate suggests frequent boundary deliveries. Look for gaps early. ,LA Pomersbach is a Middle Order Anchor. Strongest at Wankhede Stadium. Beware of A Kumble who owns this matchup.,A Kumble,Not Available,120.3,131.4,0.0,0.0,0,0
A Manohar,Not Available,Not Available,Batsman,Middle Order Anchor,"Narendra Modi Stadium, Ahmedabad > Dr DY Patil Sports Academy, Mumbai",Unknown,Not Available,0,Execute standard death-over strategies: wide yorkers and back-of-a-length slower balls.,Vary pace and trajectory. Aim for the rough patches to induce a false shot.,Target this bowler aggressively. High economy rate suggests frequent boundary deliveries. Look for gaps early. ,"A Manohar is a Middle Order Anchor. Strongest at Narendra Modi Stadium, Ahmedabad. Beware of Kuldeep Yadav who owns this matchup.",Kuldeep Yadav,Not Available,120.2,149.5,0.0,0.0,0,0
SA Asnodkar,Not Available,Not Available,Batsman,Top Order Aggressor,Sawai Mansingh Stadium > De Beers Diamond Oval > Dr DY Patil Sports Academy,Unknown,Not Available,0,Execute standard death-over strategies: wide yorkers and back-of-a-length slower balls.,Vary pace and trajectory. Aim for the rough patches to induce a false shot.,Target this bowler aggressively. High economy rate suggests frequent boundary deliveries. Look for gaps early. ,SA Asnodkar is a Top Order Aggressor. Strongest at Sawai Mansingh Stadium. Beware of JA Morkel who owns this matchup.,JA Morkel,Not Available,120.2,0.0,0.0,0.0,0,0
DJ Hussey,Not Available,Not Available,All-Rounder,Middle Order Anchor,"Punjab Cricket Association Stadium, Mohali > Eden Gardens > Rajiv Gandhi International Stadium, Uppal > Feroz Shah Kotla",Unknown,Not Available,0,Execute standard death-over strategies: wide yorkers and back-of-a-length slower balls.,Vary pace and trajectory. Aim for the rough patches to induce a false shot.,"Prime target for the death overs. Attack him aggressively late in the innings as he loses his length under pressure. Historically, AB de Villiers completely owns this bowler. Emulate that aggressive footprint.","DJ Hussey is a Middle Order Anchor. Strongest at Punjab Cricket Association Stadium, Mohali. Beware of SK Trivedi who owns this matchup. Keep away from AB de Villiers who hits them at will.",SK Trivedi,AB de Villiers,120.1,175.2,8.8,12.21,8,323
LRPL Taylor,Not Available,Not Available,Batsman,Middle Order Anchor,Feroz Shah Kotla > Sawai Mansingh Stadium > M Chinnaswamy Stadium > SuperSport Park,Unknown,Not Available,0,Execute standard death-over strategies: wide yorkers and back-of-a-length slower balls.,Vary pace and trajectory. Aim for the rough patches to induce a false shot.,Target this bowler aggressively. High economy rate suggests frequent boundary deliveries. Look for gaps early. ,LRPL Taylor is a Middle Order Anchor. Strongest at Feroz Shah Kotla. Beware of SL Malinga who owns this matchup.,SL Malinga,Not Available,120.1,152.9,11.08,0.0,0,13
GJ Bailey,Not Available,Not Available,Batsman,Middle Order Anchor,"Punjab Cricket Association Stadium, Mohali > Maharashtra Cricket Association Stadium > Wankhede Stadium > Eden Gardens",Unknown,Not Available,0,Execute standard death-over strategies: wide yorkers and back-of-a-length slower balls.,Vary pace and trajectory. Aim for the rough patches to induce a false shot.,Target this bowler aggressively. High economy rate suggests frequent boundary deliveries. Look for gaps early. ,"GJ Bailey is a Middle Order Anchor. Strongest at Punjab Cricket Association Stadium, Mohali. Beware of MC Henriques who owns this matchup.",MC Henriques,Not Available,120.1,172.1,0.0,0.0,0,0
Joginder Sharma,Not Available,Not Available,Bowler,Death Over Finisher,"MA Chidambaram Stadium, Chepauk",Unknown,Not Available,0,Execute standard death-over strategies: wide yorkers and back-of-a-length slower balls.,Vary pace and trajectory. Aim for the rough patches to induce a false shot.,"Prime target for the death overs. Attack him aggressively late in the innings as he loses his length under pressure. Historically, V Sehwag completely owns this bowler. Emulate that aggressive footprint.","Joginder Sharma is a Death Over Finisher. Strongest at MA Chidambaram Stadium, Chepauk. Keep away from V Sehwag who hits them at will.",Not Available,V Sehwag,120.0,128.6,9.24,11.45,12,272
MA Wood,Not Available,Not Available,Bowler,Death Over Finisher,"Bharat Ratna Shri Atal Bihari Vajpayee Ekana Cricket Stadium, Lucknow > MA Chidambaram Stadium, Chepauk, Chennai",Unknown,Not Available,0,Execute standard death-over strategies: wide yorkers and back-of-a-length slower balls.,Vary pace and trajectory. Aim for the rough patches to induce a false shot.,Prime target for the death overs. Attack him aggressively late in the innings as he loses his length under pressure. ,"MA Wood is a Death Over Finisher. Strongest at Bharat Ratna Shri Atal Bihari Vajpayee Ekana Cricket Stadium, Lucknow.",Not Available,Not Available,120.0,120.0,8.46,11.39,11,127
DA Payne,Not Available,Not Available,New Addition,Death Over Finisher,"M Chinnaswamy Stadium, Bengaluru",Unknown,Not Available,0,Execute standard death-over strategies: wide yorkers and back-of-a-length slower balls.,Vary pace and trajectory. Aim for the rough patches to induce a false shot.,Target this bowler aggressively. High economy rate suggests frequent boundary deliveries. Look for gaps early. ,"DA Payne is a Death Over Finisher. Strongest at M Chinnaswamy Stadium, Bengaluru.",Not Available,Not Available,120.0,120.0,13.55,0.0,2,31
DM Bravo,Not Available,Not Available,New Addition,Death Over Finisher,Neutral Venues,Unknown,Not Available,0,Execute standard death-over strategies: wide yorkers and back-of-a-length slower balls.,Vary pace and trajectory. Aim for the rough patches to induce a false shot.,Target this bowler aggressively. High economy rate suggests frequent boundary deliveries. Look for gaps early. ,DM Bravo is a Death Over Finisher. Strongest at most grounds.,Not Available,Not Available,120.0,120.0,0.0,0.0,0,0
MEK Hussey,Not Available,Not Available,Batsman,Top Order Aggressor,"MA Chidambaram Stadium, Chepauk > Punjab Cricket Association Stadium, Mohali > Wankhede Stadium > Feroz Shah Kotla",Unknown,Not Available,0,Execute standard death-over strategies: wide yorkers and back-of-a-length slower balls.,Vary pace and trajectory. Aim for the rough patches to induce a false shot.,Target this bowler aggressively. High economy rate suggests frequent boundary deliveries. Look for gaps early. ,"MEK Hussey is a Top Order Aggressor. Strongest at MA Chidambaram Stadium, Chepauk. Beware of SP Narine who owns this matchup.",SP Narine,Not Available,120.0,189.1,0.0,0.0,0,0
G Gambhir,Not Available,Not Available,Batsman,Top Order Aggressor,"Eden Gardens > Feroz Shah Kotla > M Chinnaswamy Stadium > Punjab Cricket Association Stadium, Mohali",Unknown,Not Available,0,Execute standard death-over strategies: wide yorkers and back-of-a-length slower balls.,Vary pace and trajectory. Aim for the rough patches to induce a false shot.,Target this bowler aggressively. High economy rate suggests frequent boundary deliveries. Look for gaps early. ,G Gambhir is a Top Order Aggressor. Strongest at Eden Gardens. Beware of Z Khan who owns this matchup.,Z Khan,Not Available,119.7,139.9,0.0,0.0,0,0
DH Yagnik,Not Available,Not Available,Batsman,Death Over Finisher,Sawai Mansingh Stadium,Unknown,Not Available,0,Execute standard death-over strategies: wide yorkers and back-of-a-length slower balls.,Vary pace and trajectory. Aim for the rough patches to induce a false shot.,Target this bowler aggressively. High economy rate suggests frequent boundary deliveries. Look for gaps early. ,DH Yagnik is a Death Over Finisher. Strongest at Sawai Mansingh Stadium. Beware of Harbhajan Singh who owns this matchup.,Harbhajan Singh,Not Available,119.7,123.1,0.0,0.0,0,0
Shakib Al Hasan,Not Available,Not Available,All-Rounder,Middle Order Anchor,Eden Gardens > Rajiv Gandhi International Stadium > Wankhede Stadium > Subrata Roy Sahara Stadium,Unknown,Not Available,0,Execute standard death-over strategies: wide yorkers and back-of-a-length slower balls.,Vary pace and trajectory. Aim for the rough patches to induce a false shot.,"Play out his deliveries on merit and wait for loose balls. Historically, AJ Finch completely owns this bowler. Emulate that aggressive footprint.",Shakib Al Hasan is a Middle Order Anchor. Strongest at Eden Gardens. Beware of SL Malinga who owns this matchup. Keep away from AJ Finch who hits them at will.,SL Malinga,AJ Finch,119.5,130.6,7.28,8.99,63,1515
HC Brook,Not Available,Not Available,Batsman,Top Order Aggressor,"Eden Gardens, Kolkata > Rajiv Gandhi International Stadium, Uppal, Hyderabad",Unknown,Not Available,0,Execute standard death-over strategies: wide yorkers and back-of-a-length slower balls.,Vary pace and trajectory. Aim for the rough patches to induce a false shot.,Target this bowler aggressively. High economy rate suggests frequent boundary deliveries. Look for gaps early. ,"HC Brook is a Top Order Aggressor. Strongest at Eden Gardens, Kolkata. Beware of CV Varun who owns this matchup.",CV Varun,Not Available,119.5,133.3,0.0,0.0,0,0
AB McDonald,Not Available,Not Available,All-Rounder,Death Over Finisher,"M Chinnaswamy Stadium > Feroz Shah Kotla > Brabourne Stadium > Punjab Cricket Association Stadium, Mohali",Unknown,Not Available,0,Execute standard death-over strategies: wide yorkers and back-of-a-length slower balls.,Vary pace and trajectory. Aim for the rough patches to induce a false shot.,"Play out his deliveries on merit and wait for loose balls. Historically, R Dravid completely owns this bowler. Emulate that aggressive footprint.",AB McDonald is a Death Over Finisher. Strongest at M Chinnaswamy Stadium. Keep away from R Dravid who hits them at will.,Not Available,R Dravid,119.4,117.6,8.33,10.2,11,188
KM Jadhav,Not Available,Not Available,Batsman,Middle Order Anchor,Feroz Shah Kotla > M Chinnaswamy Stadium > Wankhede Stadium > Shaheed Veer Narayan Singh International Stadium,Unknown,Not Available,0,Execute standard death-over strategies: wide yorkers and back-of-a-length slower balls.,Vary pace and trajectory. Aim for the rough patches to induce a false shot.,Target this bowler aggressively. High economy rate suggests frequent boundary deliveries. Look for gaps early. ,KM Jadhav is a Middle Order Anchor. Strongest at Feroz Shah Kotla. Beware of UT Yadav who owns this matchup.,UT Yadav,Not Available,119.4,135.5,0.0,0.0,0,0
T Taibu,Not Available,Not Available,New Addition,Middle Order Anchor,Neutral Venues,Unknown,Not Available,0,Execute standard death-over strategies: wide yorkers and back-of-a-length slower balls.,Vary pace and trajectory. Aim for the rough patches to induce a false shot.,Target this bowler aggressively. High economy rate suggests frequent boundary deliveries. Look for gaps early. ,T Taibu is a Middle Order Anchor. Strongest at most grounds.,Not Available,Not Available,119.2,150.0,0.0,0.0,0,0
EJG Morgan,Not Available,Not Available,Batsman,Middle Order Anchor,"Sheikh Zayed Stadium > Eden Gardens > Rajiv Gandhi International Stadium, Uppal > Dubai International Cricket Stadium",Unknown,Not Available,0,Execute standard death-over strategies: wide yorkers and back-of-a-length slower balls.,Vary pace and trajectory. Aim for the rough patches to induce a false shot.,Target this bowler aggressively. High economy rate suggests frequent boundary deliveries. Look for gaps early. ,EJG Morgan is a Middle Order Anchor. Strongest at Sheikh Zayed Stadium. Beware of Ravi Bishnoi who owns this matchup.,Ravi Bishnoi,Not Available,119.1,157.3,0.0,0.0,0,0
AP Tare,Not Available,Not Available,Batsman,Top Order Aggressor,Wankhede Stadium,Unknown,Not Available,0,Execute standard death-over strategies: wide yorkers and back-of-a-length slower balls.,Vary pace and trajectory. Aim for the rough patches to induce a false shot.,Target this bowler aggressively. High economy rate suggests frequent boundary deliveries. Look for gaps early. ,AP Tare is a Top Order Aggressor. Strongest at Wankhede Stadium. Beware of JA Morkel who owns this matchup.,JA Morkel,Not Available,118.9,153.8,0.0,0.0,0,0
Anmolpreet Singh,Not Available,Not Available,Batsman,Top Order Aggressor,Neutral Venues,Unknown,Not Available,0,Execute standard death-over strategies: wide yorkers and back-of-a-length slower balls.,Vary pace and trajectory. Aim for the rough patches to induce a false shot.,Target this bowler aggressively. High economy rate suggests frequent boundary deliveries. Look for gaps early. ,Anmolpreet Singh is a Top Order Aggressor. Strongest at most grounds. Beware of Sandeep Sharma who owns this matchup.,Sandeep Sharma,Not Available,118.8,0.0,0.0,0.0,0,0
DPMD Jayawardene,Not Available,Not Available,Batsman,Middle Order Anchor,"Feroz Shah Kotla > Eden Gardens > Himachal Pradesh Cricket Association Stadium > Punjab Cricket Association Stadium, Mohali",Unknown,Not Available,0,Execute standard death-over strategies: wide yorkers and back-of-a-length slower balls.,Vary pace and trajectory. Aim for the rough patches to induce a false shot.,Target this bowler aggressively. High economy rate suggests frequent boundary deliveries. Look for gaps early. ,DPMD Jayawardene is a Middle Order Anchor. Strongest at Feroz Shah Kotla. Beware of DL Vettori who owns this matchup.,DL Vettori,Not Available,118.8,152.0,0.0,0.0,0,0
M Vijay,Not Available,Not Available,Batsman,Top Order Aggressor,"MA Chidambaram Stadium, Chepauk > Punjab Cricket Association IS Bindra Stadium, Mohali > Punjab Cricket Association Stadium, Mohali > Feroz Shah Kotla",Unknown,Not Available,0,Execute standard death-over strategies: wide yorkers and back-of-a-length slower balls.,Vary pace and trajectory. Aim for the rough patches to induce a false shot.,Play out his deliveries on merit and wait for loose balls. ,"M Vijay is a Top Order Aggressor. Strongest at MA Chidambaram Stadium, Chepauk. Beware of S Aravind who owns this matchup.",S Aravind,Not Available,118.6,173.6,7.95,0.0,0,37
KS Bharat,Not Available,Not Available,Batsman,Middle Order Anchor,Dubai International Cricket Stadium,Unknown,Not Available,0,Execute standard death-over strategies: wide yorkers and back-of-a-length slower balls.,Vary pace and trajectory. Aim for the rough patches to induce a false shot.,Target this bowler aggressively. High economy rate suggests frequent boundary deliveries. Look for gaps early. ,KS Bharat is a Middle Order Anchor. Strongest at Dubai International Cricket Stadium. Beware of Avesh Khan who owns this matchup.,Avesh Khan,Not Available,118.5,152.4,0.0,0.0,0,0
KC Sangakkara,Not Available,Not Available,Batsman,Middle Order Anchor,"Punjab Cricket Association Stadium, Mohali > Rajiv Gandhi International Stadium, Uppal > Kingsmead > Eden Gardens",Unknown,Not Available,0,Execute standard death-over strategies: wide yorkers and back-of-a-length slower balls.,Vary pace and trajectory. Aim for the rough patches to induce a false shot.,Target this bowler aggressively. High economy rate suggests frequent boundary deliveries. Look for gaps early. ,"KC Sangakkara is a Middle Order Anchor. Strongest at Punjab Cricket Association Stadium, Mohali. Beware of R Sharma who owns this matchup.",R Sharma,Not Available,118.5,153.0,0.0,0.0,0,0
MG Bracewell,Not Available,Not Available,Batsman,Middle Order Anchor,"Sawai Mansingh Stadium, Jaipur > Rajiv Gandhi International Stadium, Uppal, Hyderabad > M Chinnaswamy Stadium, Bengaluru",Unknown,Not Available,0,Execute standard death-over strategies: wide yorkers and back-of-a-length slower balls.,Vary pace and trajectory. Aim for the rough patches to induce a false shot.,Play out his deliveries on merit and wait for loose balls. ,"MG Bracewell is a Middle Order Anchor. Strongest at Sawai Mansingh Stadium, Jaipur.",Not Available,Not Available,118.4,92.9,8.64,0.0,6,66
S Sohal,Not Available,Not Available,Batsman,Top Order Aggressor,"Rajiv Gandhi International Stadium, Uppal > Feroz Shah Kotla > MA Chidambaram Stadium, Chepauk",Unknown,Not Available,0,Execute standard death-over strategies: wide yorkers and back-of-a-length slower balls.,Vary pace and trajectory. Aim for the rough patches to induce a false shot.,Target this bowler aggressively. High economy rate suggests frequent boundary deliveries. Look for gaps early. ,"S Sohal is a Top Order Aggressor. Strongest at Rajiv Gandhi International Stadium, Uppal. Beware of RP Singh who owns this matchup.",RP Singh,Not Available,118.3,44.4,0.0,0.0,0,0
Harsh Dubey,Not Available,Not Available,Bowler,Death Over Finisher,"Rajiv Gandhi International Stadium, Uppal, Hyderabad > Arun Jaitley Stadium, Delhi",Unknown,Not Available,0,Execute standard death-over strategies: wide yorkers and back-of-a-length slower balls.,Vary pace and trajectory. Aim for the rough patches to induce a false shot.,"Target this bowler aggressively. High economy rate suggests frequent boundary deliveries. Look for gaps early. Historically, AK Markram completely owns this bowler. Emulate that aggressive footprint.","Harsh Dubey is a Death Over Finisher. Strongest at Rajiv Gandhi International Stadium, Uppal, Hyderabad. Keep away from AK Markram who hits them at will.",Not Available,AK Markram,118.2,118.2,9.35,5.75,13,186
R Bhatia,Not Available,Not Available,All-Rounder,Death Over Finisher,"Eden Gardens > Feroz Shah Kotla > Maharashtra Cricket Association Stadium > Sardar Patel Stadium, Motera",Unknown,Not Available,0,Execute standard death-over strategies: wide yorkers and back-of-a-length slower balls.,Vary pace and trajectory. Aim for the rough patches to induce a false shot.,"Play out his deliveries on merit and wait for loose balls. Historically, AJ Finch completely owns this bowler. Emulate that aggressive footprint.",R Bhatia is a Death Over Finisher. Strongest at Eden Gardens. Beware of RP Singh who owns this matchup. Keep away from AJ Finch who hits them at will.,RP Singh,AJ Finch,117.9,141.8,7.3,8.47,71,1661
GD Phillips,Not Available,Not Available,Batsman,Middle Order Anchor,Neutral Venues,Unknown,Not Available,0,Execute standard death-over strategies: wide yorkers and back-of-a-length slower balls.,Vary pace and trajectory. Aim for the rough patches to induce a false shot.,Play out his deliveries on merit and wait for loose balls. ,GD Phillips is a Middle Order Anchor. Strongest at most grounds.,Not Available,Not Available,117.9,155.1,7.74,0.0,2,31
MK Pandey,Not Available,Not Available,Batsman,Middle Order Anchor,Eden Gardens > Dubai International Cricket Stadium > M Chinnaswamy Stadium > Sheikh Zayed Stadium,Unknown,Not Available,0,Execute standard death-over strategies: wide yorkers and back-of-a-length slower balls.,Vary pace and trajectory. Aim for the rough patches to induce a false shot.,Target this bowler aggressively. High economy rate suggests frequent boundary deliveries. Look for gaps early. ,MK Pandey is a Middle Order Anchor. Strongest at Eden Gardens. Beware of YS Chahal who owns this matchup.,YS Chahal,Not Available,117.8,144.3,0.0,0.0,0,0
TK Curran,Not Available,Not Available,All-Rounder,Middle Order Anchor,Dubai International Cricket Stadium > Eden Gardens > Sharjah Cricket Stadium > MA Chidambaram Stadium,Unknown,Not Available,0,Execute standard death-over strategies: wide yorkers and back-of-a-length slower balls.,Vary pace and trajectory. Aim for the rough patches to induce a false shot.,"Prime target for the death overs. Attack him aggressively late in the innings as he loses his length under pressure. Historically, MS Dhoni completely owns this bowler. Emulate that aggressive footprint.",TK Curran is a Middle Order Anchor. Strongest at Dubai International Cricket Stadium. Beware of CV Varun who owns this matchup. Keep away from MS Dhoni who hits them at will.,CV Varun,MS Dhoni,117.6,138.0,10.24,11.75,13,252
DJG Sammy,Not Available,Not Available,All-Rounder,Middle Order Anchor,"Rajiv Gandhi International Stadium, Uppal > Punjab Cricket Association Stadium, Mohali > Feroz Shah Kotla > Sharjah Cricket Stadium",Unknown,Not Available,0,Execute standard death-over strategies: wide yorkers and back-of-a-length slower balls.,Vary pace and trajectory. Aim for the rough patches to induce a false shot.,"Prime target for the death overs. Attack him aggressively late in the innings as he loses his length under pressure. Historically, STR Binny completely owns this bowler. Emulate that aggressive footprint.","DJG Sammy is a Middle Order Anchor. Strongest at Rajiv Gandhi International Stadium, Uppal. Beware of Shakib Al Hasan who owns this matchup. Keep away from STR Binny who hits them at will.",Shakib Al Hasan,STR Binny,117.5,134.7,8.61,12.11,11,244
Gurkeerat Singh,Not Available,Not Available,Batsman,Middle Order Anchor,"Punjab Cricket Association Stadium, Mohali > Dr. Y.S. Rajasekhara Reddy ACA-VDCA Cricket Stadium > Eden Gardens > M.Chinnaswamy Stadium",Unknown,Not Available,0,Execute standard death-over strategies: wide yorkers and back-of-a-length slower balls.,Vary pace and trajectory. Aim for the rough patches to induce a false shot.,Play out his deliveries on merit and wait for loose balls. ,"Gurkeerat Singh is a Middle Order Anchor. Strongest at Punjab Cricket Association Stadium, Mohali. Beware of R Ashwin who owns this matchup.",R Ashwin,Not Available,117.2,149.4,7.1,0.0,5,82
Sachin Baby,Not Available,Not Available,Batsman,Death Over Finisher,M Chinnaswamy Stadium,Unknown,Not Available,0,Execute standard death-over strategies: wide yorkers and back-of-a-length slower balls.,Vary pace and trajectory. Aim for the rough patches to induce a false shot.,Elite threat. Treat with immense respect. Focus on rotating the strike and do not take unnecessary aerial risks. ,Sachin Baby is a Death Over Finisher. Strongest at M Chinnaswamy Stadium.,Not Available,Not Available,117.1,146.2,4.8,6.0,2,10
A Kamboj,Not Available,Not Available,Bowler,Death Over Finisher,"MA Chidambaram Stadium, Chepauk, Chennai > Rajiv Gandhi International Stadium, Uppal, Hyderabad > Narendra Modi Stadium, Ahmedabad > Barsapara Cricket Stadium, Guwahati",Unknown,Not Available,0,Execute standard death-over strategies: wide yorkers and back-of-a-length slower balls.,Vary pace and trajectory. Aim for the rough patches to induce a false shot.,"Play out his deliveries on merit and wait for loose balls. Historically, N Pooran completely owns this bowler. Emulate that aggressive footprint.","A Kamboj is a Death Over Finisher. Strongest at MA Chidambaram Stadium, Chepauk, Chennai. Keep away from N Pooran who hits them at will.",Not Available,N Pooran,117.0,117.0,8.44,7.54,24,372
PC Valthaty,Not Available,Not Available,All-Rounder,Top Order Aggressor,"Punjab Cricket Association Stadium, Mohali > Rajiv Gandhi International Stadium, Uppal > Himachal Pradesh Cricket Association Stadium",Unknown,Not Available,0,Execute standard death-over strategies: wide yorkers and back-of-a-length slower balls.,Vary pace and trajectory. Aim for the rough patches to induce a false shot.,"Play out his deliveries on merit and wait for loose balls. Historically, DB Ravi Teja completely owns this bowler. Emulate that aggressive footprint.","PC Valthaty is a Top Order Aggressor. Strongest at Punjab Cricket Association Stadium, Mohali. Beware of A Mishra who owns this matchup. Keep away from DB Ravi Teja who hits them at will.",A Mishra,DB Ravi Teja,116.9,209.1,8.04,9.0,7,153
IK Pathan,Not Available,Not Available,All-Rounder,Death Over Finisher,"Punjab Cricket Association Stadium, Mohali > Feroz Shah Kotla > Kingsmead > MA Chidambaram Stadium, Chepauk",Unknown,Not Available,0,Execute standard death-over strategies: wide yorkers and back-of-a-length slower balls.,Vary pace and trajectory. Aim for the rough patches to induce a false shot.,"Play out his deliveries on merit and wait for loose balls. Historically, BJ Hodge completely owns this bowler. Emulate that aggressive footprint.","IK Pathan is a Death Over Finisher. Strongest at Punjab Cricket Association Stadium, Mohali. Beware of Z Khan who owns this matchup. Keep away from BJ Hodge who hits them at will.",Z Khan,BJ Hodge,116.8,142.6,7.52,8.89,80,2113
MP Breetzke,Not Available,Not Available,New Addition,Top Order Aggressor,Neutral Venues,Unknown,Not Available,0,Execute standard death-over strategies: wide yorkers and back-of-a-length slower balls.,Vary pace and trajectory. Aim for the rough patches to induce a false shot.,Target this bowler aggressively. High economy rate suggests frequent boundary deliveries. Look for gaps early. ,MP Breetzke is a Top Order Aggressor. Strongest at most grounds.,Not Available,Not Available,116.7,0.0,0.0,0.0,0,0
PA Patel,Not Available,Not Available,Batsman,Top Order Aggressor,"Wankhede Stadium > Rajiv Gandhi International Stadium, Uppal > MA Chidambaram Stadium, Chepauk > M.Chinnaswamy Stadium",Unknown,Not Available,0,Execute standard death-over strategies: wide yorkers and back-of-a-length slower balls.,Vary pace and trajectory. Aim for the rough patches to induce a false shot.,Target this bowler aggressively. High economy rate suggests frequent boundary deliveries. Look for gaps early. ,PA Patel is a Top Order Aggressor. Strongest at Wankhede Stadium. Beware of B Kumar who owns this matchup.,B Kumar,Not Available,116.6,131.9,0.0,0.0,0,0
MJ McClenaghan,Not Available,Not Available,Bowler,Death Over Finisher,"Wankhede Stadium > Eden Gardens > Feroz Shah Kotla > Rajiv Gandhi International Stadium, Uppal",Unknown,Not Available,0,Execute standard death-over strategies: wide yorkers and back-of-a-length slower balls.,Vary pace and trajectory. Aim for the rough patches to induce a false shot.,"Play out his deliveries on merit and wait for loose balls. Historically, GJ Maxwell completely owns this bowler. Emulate that aggressive footprint.",MJ McClenaghan is a Death Over Finisher. Strongest at Wankhede Stadium. Keep away from GJ Maxwell who hits them at will.,Not Available,GJ Maxwell,116.4,107.7,8.04,8.79,71,1346
JD Unadkat,Not Available,Not Available,All-Rounder,Death Over Finisher,"Eden Gardens > Sawai Mansingh Stadium > M Chinnaswamy Stadium > Rajiv Gandhi International Stadium, Uppal",Unknown,Not Available,0,Execute standard death-over strategies: wide yorkers and back-of-a-length slower balls.,Vary pace and trajectory. Aim for the rough patches to induce a false shot.,"Play out his deliveries on merit and wait for loose balls. Historically, CH Gayle completely owns this bowler. Emulate that aggressive footprint.",JD Unadkat is a Death Over Finisher. Strongest at Eden Gardens. Beware of DJ Bravo who owns this matchup. Keep away from CH Gayle who hits them at will.,DJ Bravo,CH Gayle,116.2,122.8,8.69,10.47,114,2418
Sohail Tanvir,Not Available,Not Available,Bowler,Death Over Finisher,"Sawai Mansingh Stadium > Eden Gardens > MA Chidambaram Stadium, Chepauk",Unknown,Not Available,0,Execute standard death-over strategies: wide yorkers and back-of-a-length slower balls.,Vary pace and trajectory. Aim for the rough patches to induce a false shot.,"Elite threat. Treat with immense respect. Focus on rotating the strike and do not take unnecessary aerial risks. Historically, SK Raina completely owns this bowler. Emulate that aggressive footprint.",Sohail Tanvir is a Death Over Finisher. Strongest at Sawai Mansingh Stadium. Keep away from SK Raina who hits them at will.,Not Available,SK Raina,116.1,92.3,6.02,6.56,22,265
SS Tiwary,Not Available,Not Available,Batsman,Middle Order Anchor,Brabourne Stadium > M Chinnaswamy Stadium > Eden Gardens > Feroz Shah Kotla,Unknown,Not Available,0,Execute standard death-over strategies: wide yorkers and back-of-a-length slower balls.,Vary pace and trajectory. Aim for the rough patches to induce a false shot.,Target this bowler aggressively. High economy rate suggests frequent boundary deliveries. Look for gaps early. ,SS Tiwary is a Middle Order Anchor. Strongest at Brabourne Stadium. Beware of SB Jakati who owns this matchup.,SB Jakati,Not Available,115.7,138.8,0.0,0.0,0,0
S Badrinath,Not Available,Not Available,Batsman,Middle Order Anchor,"MA Chidambaram Stadium, Chepauk > Wankhede Stadium > Dr DY Patil Sports Academy > Eden Gardens",Unknown,Not Available,0,Execute standard death-over strategies: wide yorkers and back-of-a-length slower balls.,Vary pace and trajectory. Aim for the rough patches to induce a false shot.,Target this bowler aggressively. High economy rate suggests frequent boundary deliveries. Look for gaps early. ,"S Badrinath is a Middle Order Anchor. Strongest at MA Chidambaram Stadium, Chepauk. Beware of RP Singh who owns this matchup.",RP Singh,Not Available,115.7,149.1,0.0,0.0,0,0
JL Pattinson,Not Available,Not Available,Bowler,Death Over Finisher,Sheikh Zayed Stadium > Sharjah Cricket Stadium,Unknown,Not Available,0,Execute standard death-over strategies: wide yorkers and back-of-a-length slower balls.,Vary pace and trajectory. Aim for the rough patches to induce a false shot.,"Play out his deliveries on merit and wait for loose balls. Historically, D Padikkal completely owns this bowler. Emulate that aggressive footprint.",JL Pattinson is a Death Over Finisher. Strongest at Sheikh Zayed Stadium. Keep away from D Padikkal who hits them at will.,Not Available,D Padikkal,115.4,115.4,8.65,9.0,11,222
DB Ravi Teja,Not Available,Not Available,Batsman,Middle Order Anchor,"Rajiv Gandhi International Stadium, Uppal > Himachal Pradesh Cricket Association Stadium",Unknown,Not Available,0,Execute standard death-over strategies: wide yorkers and back-of-a-length slower balls.,Vary pace and trajectory. Aim for the rough patches to induce a false shot.,Target this bowler aggressively. High economy rate suggests frequent boundary deliveries. Look for gaps early. ,"DB Ravi Teja is a Middle Order Anchor. Strongest at Rajiv Gandhi International Stadium, Uppal. Beware of SL Malinga who owns this matchup.",SL Malinga,Not Available,115.4,134.1,9.33,0.0,1,18
SD Lad,Not Available,Not Available,New Addition,Top Order Aggressor,Neutral Venues,Unknown,Not Available,0,Execute standard death-over strategies: wide yorkers and back-of-a-length slower balls.,Vary pace and trajectory. Aim for the rough patches to induce a false shot.,Target this bowler aggressively. High economy rate suggests frequent boundary deliveries. Look for gaps early. ,SD Lad is a Top Order Aggressor. Strongest at most grounds.,Not Available,Not Available,115.4,0.0,0.0,0.0,0,0
AJ Tye,Not Available,Not Available,Bowler,Death Over Finisher,Saurashtra Cricket Association Stadium > Holkar Cricket Stadium > Punjab Cricket Association IS Bindra Stadium > Wankhede Stadium,Unknown,Not Available,0,Execute standard death-over strategies: wide yorkers and back-of-a-length slower balls.,Vary pace and trajectory. Aim for the rough patches to induce a false shot.,"Play out his deliveries on merit and wait for loose balls. Historically, F du Plessis completely owns this bowler. Emulate that aggressive footprint.",AJ Tye is a Death Over Finisher. Strongest at Saurashtra Cricket Association Stadium. Keep away from F du Plessis who hits them at will.,Not Available,F du Plessis,115.2,112.9,8.23,8.87,42,714
TL Suman,Not Available,Not Available,All-Rounder,Middle Order Anchor,SuperSport Park > De Beers Diamond Oval > M Chinnaswamy Stadium > New Wanderers Stadium,Unknown,Not Available,0,Execute standard death-over strategies: wide yorkers and back-of-a-length slower balls.,Vary pace and trajectory. Aim for the rough patches to induce a false shot.,"Prime target for the death overs. Attack him aggressively late in the innings as he loses his length under pressure. Historically, KC Sangakkara completely owns this bowler. Emulate that aggressive footprint.",TL Suman is a Middle Order Anchor. Strongest at SuperSport Park. Beware of Harbhajan Singh who owns this matchup. Keep away from KC Sangakkara who hits them at will.,Harbhajan Singh,KC Sangakkara,115.2,130.9,7.78,11.52,6,152
Anuj Rawat,Not Available,Not Available,Batsman,Middle Order Anchor,"M Chinnaswamy Stadium, Bengaluru > Maharashtra Cricket Association Stadium, Pune",Unknown,Deep Mid-Wicket,1,Execute standard death-over strategies: wide yorkers and back-of-a-length slower balls.,Vary pace and trajectory. Aim for the rough patches to induce a false shot.,Target this bowler aggressively. High economy rate suggests frequent boundary deliveries. Look for gaps early. ,"Anuj Rawat is a Middle Order Anchor. Strongest at M Chinnaswamy Stadium, Bengaluru. Beware of JD Unadkat who owns this matchup.",JD Unadkat,Not Available,115.2,167.1,0.0,0.0,0,0
KV Sharma,Not Available,Not Available,All-Rounder,Death Over Finisher,"Rajiv Gandhi International Stadium, Uppal > Wankhede Stadium > Eden Gardens > M Chinnaswamy Stadium",Unknown,Not Available,0,Execute standard death-over strategies: wide yorkers and back-of-a-length slower balls.,Vary pace and trajectory. Aim for the rough patches to induce a false shot.,"Play out his deliveries on merit and wait for loose balls. Historically, GJ Maxwell completely owns this bowler. Emulate that aggressive footprint.","KV Sharma is a Death Over Finisher. Strongest at Rajiv Gandhi International Stadium, Uppal. Beware of DJ Bravo who owns this matchup. Keep away from GJ Maxwell who hits them at will.",DJ Bravo,GJ Maxwell,114.7,129.2,8.25,10.42,83,1611
SP Fleming,Not Available,Not Available,Batsman,Top Order Aggressor,"MA Chidambaram Stadium, Chepauk",Unknown,Not Available,0,Execute standard death-over strategies: wide yorkers and back-of-a-length slower balls.,Vary pace and trajectory. Aim for the rough patches to induce a false shot.,Target this bowler aggressively. High economy rate suggests frequent boundary deliveries. Look for gaps early. ,"SP Fleming is a Top Order Aggressor. Strongest at MA Chidambaram Stadium, Chepauk. Beware of DP Vijaykumar who owns this matchup.",DP Vijaykumar,Not Available,114.6,0.0,0.0,0.0,0,0
R Ashwin,Not Available,Not Available,All-Rounder,Death Over Finisher,"MA Chidambaram Stadium, Chepauk > Wankhede Stadium > Dubai International Cricket Stadium > Punjab Cricket Association IS Bindra Stadium",Unknown,Not Available,0,Execute standard death-over strategies: wide yorkers and back-of-a-length slower balls.,Vary pace and trajectory. Aim for the rough patches to induce a false shot.,"Play out his deliveries on merit and wait for loose balls. Historically, SP Narine completely owns this bowler. Emulate that aggressive footprint.","R Ashwin is a Death Over Finisher. Strongest at MA Chidambaram Stadium, Chepauk. Beware of Harbhajan Singh who owns this matchup. Keep away from SP Narine who hits them at will.",Harbhajan Singh,SP Narine,114.4,127.6,6.97,7.91,187,4868
R Sathish,Not Available,Not Available,All-Rounder,Death Over Finisher,"Brabourne Stadium > Punjab Cricket Association Stadium, Mohali",Unknown,Not Available,0,Execute standard death-over strategies: wide yorkers and back-of-a-length slower balls.,Vary pace and trajectory. Aim for the rough patches to induce a false shot.,"Prime target for the death overs. Attack him aggressively late in the innings as he loses his length under pressure. Historically, BB McCullum completely owns this bowler. Emulate that aggressive footprint.",R Sathish is a Death Over Finisher. Strongest at Brabourne Stadium. Beware of JA Morkel who owns this matchup. Keep away from BB McCullum who hits them at will.,JA Morkel,BB McCullum,114.4,134.4,9.67,17.33,3,144
AM Nayar,Not Available,Not Available,All-Rounder,Middle Order Anchor,"Dr DY Patil Sports Academy > St George's Park > Rajiv Gandhi International Stadium, Uppal > MA Chidambaram Stadium, Chepauk",Unknown,Not Available,0,Execute standard death-over strategies: wide yorkers and back-of-a-length slower balls.,Vary pace and trajectory. Aim for the rough patches to induce a false shot.,"Play out his deliveries on merit and wait for loose balls. Historically, SK Raina completely owns this bowler. Emulate that aggressive footprint.",AM Nayar is a Middle Order Anchor. Strongest at Dr DY Patil Sports Academy. Beware of M Kartik who owns this matchup. Keep away from SK Raina who hits them at will.,M Kartik,SK Raina,114.3,155.0,8.08,9.0,9,239
KC Cariappa,Not Available,Not Available,Bowler,Death Over Finisher,"Punjab Cricket Association IS Bindra Stadium, Mohali > Saurashtra Cricket Association Stadium",Unknown,Not Available,0,Execute standard death-over strategies: wide yorkers and back-of-a-length slower balls.,Vary pace and trajectory. Aim for the rough patches to induce a false shot.,"Target this bowler aggressively. High economy rate suggests frequent boundary deliveries. Look for gaps early. Historically, V Kohli completely owns this bowler. Emulate that aggressive footprint.","KC Cariappa is a Death Over Finisher. Strongest at Punjab Cricket Association IS Bindra Stadium, Mohali. Keep away from V Kohli who hits them at will.",Not Available,V Kohli,114.3,92.3,9.32,7.26,8,224
NV Ojha,Not Available,Not Available,Batsman,Middle Order Anchor,"Rajiv Gandhi International Stadium, Uppal > Feroz Shah Kotla > Sardar Patel Stadium, Motera > MA Chidambaram Stadium, Chepauk",Unknown,Not Available,0,Execute standard death-over strategies: wide yorkers and back-of-a-length slower balls.,Vary pace and trajectory. Aim for the rough patches to induce a false shot.,Target this bowler aggressively. High economy rate suggests frequent boundary deliveries. Look for gaps early. ,"NV Ojha is a Middle Order Anchor. Strongest at Rajiv Gandhi International Stadium, Uppal. Beware of RP Singh who owns this matchup.",RP Singh,Not Available,114.3,133.4,0.0,0.0,0,0
SR Tendulkar,Not Available,Not Available,Batsman,Top Order Aggressor,Wankhede Stadium > Brabourne Stadium > Feroz Shah Kotla > Sawai Mansingh Stadium,Unknown,Not Available,0,Execute standard death-over strategies: wide yorkers and back-of-a-length slower balls.,Vary pace and trajectory. Aim for the rough patches to induce a false shot.,Prime target for the death overs. Attack him aggressively late in the innings as he loses his length under pressure. ,SR Tendulkar is a Top Order Aggressor. Strongest at Wankhede Stadium. Beware of R Bhatia who owns this matchup.,R Bhatia,Not Available,114.2,156.6,9.41,19.0,0,37
Shahbaz Ahmed,Not Available,Not Available,All-Rounder,Middle Order Anchor,"MA Chidambaram Stadium, Chepauk, Chennai > Rajiv Gandhi International Stadium, Uppal, Hyderabad > Narendra Modi Stadium, Ahmedabad > Dr DY Patil Sports Academy, Mumbai",Unknown,Not Available,0,Execute standard death-over strategies: wide yorkers and back-of-a-length slower balls.,Vary pace and trajectory. Aim for the rough patches to induce a false shot.,"Target this bowler aggressively. High economy rate suggests frequent boundary deliveries. Look for gaps early. Historically, H Klaasen completely owns this bowler. Emulate that aggressive footprint.","Shahbaz Ahmed is a Middle Order Anchor. Strongest at MA Chidambaram Stadium, Chepauk, Chennai. Beware of TA Boult who owns this matchup. Keep away from H Klaasen who hits them at will.",TA Boult,H Klaasen,114.1,133.7,9.38,7.57,22,611
LA Carseldine,Not Available,Not Available,Batsman,Top Order Aggressor,Neutral Venues,Unknown,Not Available,0,Execute standard death-over strategies: wide yorkers and back-of-a-length slower balls.,Vary pace and trajectory. Aim for the rough patches to induce a false shot.,Elite threat. Treat with immense respect. Focus on rotating the strike and do not take unnecessary aerial risks. ,LA Carseldine is a Top Order Aggressor. Strongest at most grounds.,Not Available,Not Available,114.1,153.8,5.14,0.0,1,7
Harpreet Brar,Not Available,Not Available,All-Rounder,Death Over Finisher,"Sawai Mansingh Stadium, Jaipur > Narendra Modi Stadium, Ahmedabad > Maharaja Yadavindra Singh International Cricket Stadium, Mullanpur > Arun Jaitley Stadium, Delhi",Unknown,Deep Mid-Wicket,1,Execute standard death-over strategies: wide yorkers and back-of-a-length slower balls.,Vary pace and trajectory. Aim for the rough patches to induce a false shot.,"Play out his deliveries on merit and wait for loose balls. Historically, Nithish Kumar Reddy completely owns this bowler. Emulate that aggressive footprint.","Harpreet Brar is a Death Over Finisher. Strongest at Sawai Mansingh Stadium, Jaipur. Beware of HV Patel who owns this matchup. Keep away from Nithish Kumar Reddy who hits them at will.",HV Patel,Nithish Kumar Reddy,114.0,127.5,7.84,10.32,35,850
Y Venugopal Rao,Not Available,Not Available,All-Rounder,Middle Order Anchor,"Rajiv Gandhi International Stadium, Uppal > Feroz Shah Kotla > Sawai Mansingh Stadium > MA Chidambaram Stadium, Chepauk",Unknown,Not Available,0,Execute standard death-over strategies: wide yorkers and back-of-a-length slower balls.,Vary pace and trajectory. Aim for the rough patches to induce a false shot.,"Prime target for the death overs. Attack him aggressively late in the innings as he loses his length under pressure. Historically, SE Marsh completely owns this bowler. Emulate that aggressive footprint.","Y Venugopal Rao is a Middle Order Anchor. Strongest at Rajiv Gandhi International Stadium, Uppal. Beware of PP Chawla who owns this matchup. Keep away from SE Marsh who hits them at will.",PP Chawla,SE Marsh,113.9,148.8,9.11,13.25,6,222
DB Das,Not Available,Not Available,Batsman,Middle Order Anchor,Eden Gardens,Unknown,Not Available,0,Execute standard death-over strategies: wide yorkers and back-of-a-length slower balls.,Vary pace and trajectory. Aim for the rough patches to induce a false shot.,Target this bowler aggressively. High economy rate suggests frequent boundary deliveries. Look for gaps early. ,DB Das is a Middle Order Anchor. Strongest at Eden Gardens. Beware of DJ Bravo who owns this matchup.,DJ Bravo,Not Available,113.9,117.0,0.0,0.0,0,0
MK Tiwary,Not Available,Not Available,Batsman,Middle Order Anchor,"Eden Gardens > Feroz Shah Kotla > Wankhede Stadium > Punjab Cricket Association Stadium, Mohali",Unknown,Not Available,0,Execute standard death-over strategies: wide yorkers and back-of-a-length slower balls.,Vary pace and trajectory. Aim for the rough patches to induce a false shot.,Prime target for the death overs. Attack him aggressively late in the innings as he loses his length under pressure. ,MK Tiwary is a Middle Order Anchor. Strongest at Eden Gardens. Beware of M Morkel who owns this matchup.,M Morkel,Not Available,113.8,140.1,11.07,12.92,1,45
Kartik Sharma,Not Available,Not Available,Batsman,Middle Order Anchor,Neutral Venues,Unknown,Not Available,0,Execute standard death-over strategies: wide yorkers and back-of-a-length slower balls.,Vary pace and trajectory. Aim for the rough patches to induce a false shot.,Target this bowler aggressively. High economy rate suggests frequent boundary deliveries. Look for gaps early. ,Kartik Sharma is a Middle Order Anchor. Strongest at most grounds.,Not Available,Not Available,113.7,115.4,0.0,0.0,0,0
Sanvir Singh,Not Available,Not Available,New Addition,Death Over Finisher,Neutral Venues,Unknown,Not Available,0,Execute standard death-over strategies: wide yorkers and back-of-a-length slower balls.,Vary pace and trajectory. Aim for the rough patches to induce a false shot.,Target this bowler aggressively. High economy rate suggests frequent boundary deliveries. Look for gaps early. ,Sanvir Singh is a Death Over Finisher. Strongest at most grounds.,Not Available,Not Available,113.6,120.0,0.0,0.0,0,0
RS Bopara,Not Available,Not Available,All-Rounder,Middle Order Anchor,"Dr. Y.S. Rajasekhara Reddy ACA-VDCA Cricket Stadium > M Chinnaswamy Stadium > Punjab Cricket Association Stadium, Mohali > Brabourne Stadium",Unknown,Not Available,0,Execute standard death-over strategies: wide yorkers and back-of-a-length slower balls.,Vary pace and trajectory. Aim for the rough patches to induce a false shot.,"Play out his deliveries on merit and wait for loose balls. Historically, CH Gayle completely owns this bowler. Emulate that aggressive footprint.",RS Bopara is a Middle Order Anchor. Strongest at Dr. Y.S. Rajasekhara Reddy ACA-VDCA Cricket Stadium. Beware of JA Morkel who owns this matchup. Keep away from CH Gayle who hits them at will.,JA Morkel,CH Gayle,113.5,168.9,8.23,9.71,11,213
R Dravid,Not Available,Not Available,Batsman,Middle Order Anchor,"Sawai Mansingh Stadium > M Chinnaswamy Stadium > Feroz Shah Kotla > MA Chidambaram Stadium, Chepauk",Unknown,Not Available,0,Execute standard death-over strategies: wide yorkers and back-of-a-length slower balls.,Vary pace and trajectory. Aim for the rough patches to induce a false shot.,Target this bowler aggressively. High economy rate suggests frequent boundary deliveries. Look for gaps early. ,R Dravid is a Middle Order Anchor. Strongest at Sawai Mansingh Stadium. Beware of Harbhajan Singh who owns this matchup.,Harbhajan Singh,Not Available,113.3,166.7,0.0,0.0,0,0
LR Shukla,Not Available,Not Available,All-Rounder,Middle Order Anchor,"Eden Gardens > St George's Park > MA Chidambaram Stadium, Chepauk > Sawai Mansingh Stadium",Unknown,Not Available,0,Execute standard death-over strategies: wide yorkers and back-of-a-length slower balls.,Vary pace and trajectory. Aim for the rough patches to induce a false shot.,"Play out his deliveries on merit and wait for loose balls. Historically, AJ Finch completely owns this bowler. Emulate that aggressive footprint.",LR Shukla is a Middle Order Anchor. Strongest at Eden Gardens. Beware of M Muralitharan who owns this matchup. Keep away from AJ Finch who hits them at will.,M Muralitharan,AJ Finch,113.1,128.1,8.23,8.93,15,326
NL McCullum,Not Available,Not Available,New Addition,Death Over Finisher,Neutral Venues,Unknown,Not Available,0,Execute standard death-over strategies: wide yorkers and back-of-a-length slower balls.,Vary pace and trajectory. Aim for the rough patches to induce a false shot.,Elite threat. Treat with immense respect. Focus on rotating the strike and do not take unnecessary aerial risks. ,NL McCullum is a Death Over Finisher. Strongest at most grounds.,Not Available,Not Available,113.0,111.1,6.8,0.0,0,30
AP Majumdar,Not Available,Not Available,Batsman,Middle Order Anchor,Subrata Roy Sahara Stadium,Unknown,Not Available,0,Execute standard death-over strategies: wide yorkers and back-of-a-length slower balls.,Vary pace and trajectory. Aim for the rough patches to induce a false shot.,Target this bowler aggressively. High economy rate suggests frequent boundary deliveries. Look for gaps early. ,AP Majumdar is a Middle Order Anchor. Strongest at Subrata Roy Sahara Stadium.,Not Available,Not Available,113.0,66.7,0.0,0.0,0,0
J Suchith,Not Available,Not Available,Bowler,Death Over Finisher,"Wankhede Stadium > Wankhede Stadium, Mumbai > Brabourne Stadium, Mumbai > MA Chidambaram Stadium",Unknown,Not Available,0,Execute standard death-over strategies: wide yorkers and back-of-a-length slower balls.,Vary pace and trajectory. Aim for the rough patches to induce a false shot.,"Prime target for the death overs. Attack him aggressively late in the innings as he loses his length under pressure. Historically, RD Gaikwad completely owns this bowler. Emulate that aggressive footprint.",J Suchith is a Death Over Finisher. Strongest at Wankhede Stadium. Keep away from RD Gaikwad who hits them at will.,Not Available,RD Gaikwad,112.9,175.0,8.32,13.5,19,434
AS Raut,Not Available,Not Available,Batsman,Death Over Finisher,Sawai Mansingh Stadium,Unknown,Not Available,0,Execute standard death-over strategies: wide yorkers and back-of-a-length slower balls.,Vary pace and trajectory. Aim for the rough patches to induce a false shot.,Play out his deliveries on merit and wait for loose balls. ,AS Raut is a Death Over Finisher. Strongest at Sawai Mansingh Stadium.,Not Available,Not Available,112.8,111.1,8.8,6.5,0,30
DT Christian,Not Available,Not Available,All-Rounder,Death Over Finisher,"Rajiv Gandhi International Stadium, Uppal > Maharashtra Cricket Association Stadium > Feroz Shah Kotla > Dr. Y.S. Rajasekhara Reddy ACA-VDCA Cricket Stadium",Unknown,Not Available,0,Execute standard death-over strategies: wide yorkers and back-of-a-length slower balls.,Vary pace and trajectory. Aim for the rough patches to induce a false shot.,"Play out his deliveries on merit and wait for loose balls. Historically, AC Gilchrist completely owns this bowler. Emulate that aggressive footprint.","DT Christian is a Death Over Finisher. Strongest at Rajiv Gandhi International Stadium, Uppal. Beware of UT Yadav who owns this matchup. Keep away from AC Gilchrist who hits them at will.",UT Yadav,AC Gilchrist,112.7,134.9,7.76,9.95,38,922
DJM Short,Not Available,Not Available,Batsman,Top Order Aggressor,Neutral Venues,Unknown,Not Available,0,Execute standard death-over strategies: wide yorkers and back-of-a-length slower balls.,Vary pace and trajectory. Aim for the rough patches to induce a false shot.,Elite threat. Treat with immense respect. Focus on rotating the strike and do not take unnecessary aerial risks. ,DJM Short is a Top Order Aggressor. Strongest at most grounds.,Not Available,Not Available,112.7,0.0,6.33,0.0,1,18
R Sai Kishore,Not Available,Not Available,Bowler,Death Over Finisher,"Narendra Modi Stadium, Ahmedabad > Maharaja Yadavindra Singh International Cricket Stadium, Mullanpur > Wankhede Stadium, Mumbai",Unknown,Not Available,0,Execute standard death-over strategies: wide yorkers and back-of-a-length slower balls.,Vary pace and trajectory. Aim for the rough patches to induce a false shot.,"Play out his deliveries on merit and wait for loose balls. Historically, WG Jacks completely owns this bowler. Emulate that aggressive footprint.","R Sai Kishore is a Death Over Finisher. Strongest at Narendra Modi Stadium, Ahmedabad. Keep away from WG Jacks who hits them at will.",Not Available,WG Jacks,112.5,112.5,8.62,10.21,32,453
Saurav Chauhan,Not Available,Not Available,New Addition,Death Over Finisher,Neutral Venues,Unknown,Deep Mid-Wicket,1,Execute standard death-over strategies: wide yorkers and back-of-a-length slower balls.,Vary pace and trajectory. Aim for the rough patches to induce a false shot.,Target this bowler aggressively. High economy rate suggests frequent boundary deliveries. Look for gaps early. ,Saurav Chauhan is a Death Over Finisher. Strongest at most grounds.,Not Available,Not Available,112.5,121.4,0.0,0.0,0,0
AA Kulkarni,Not Available,Not Available,New Addition,Top Order Aggressor,Neutral Venues,Unknown,Not Available,0,Execute standard death-over strategies: wide yorkers and back-of-a-length slower balls.,Vary pace and trajectory. Aim for the rough patches to induce a false shot.,Target this bowler aggressively. High economy rate suggests frequent boundary deliveries. Look for gaps early. ,AA Kulkarni is a Top Order Aggressor. Strongest at most grounds.,Not Available,Not Available,112.5,0.0,0.0,0.0,0,0
J Botha,Not Available,Not Available,All-Rounder,Middle Order Anchor,"Sawai Mansingh Stadium > Rajiv Gandhi International Stadium, Uppal > Eden Gardens > Punjab Cricket Association Stadium, Mohali",Unknown,Not Available,0,Execute standard death-over strategies: wide yorkers and back-of-a-length slower balls.,Vary pace and trajectory. Aim for the rough patches to induce a false shot.,"Elite threat. Treat with immense respect. Focus on rotating the strike and do not take unnecessary aerial risks. Historically, M Vijay completely owns this bowler. Emulate that aggressive footprint.",J Botha is a Middle Order Anchor. Strongest at Sawai Mansingh Stadium. Beware of R Ashwin who owns this matchup. Keep away from M Vijay who hits them at will.,R Ashwin,M Vijay,112.4,129.3,6.77,7.56,25,709
S Anirudha,Not Available,Not Available,Batsman,Death Over Finisher,"MA Chidambaram Stadium, Chepauk",Unknown,Not Available,0,Execute standard death-over strategies: wide yorkers and back-of-a-length slower balls.,Vary pace and trajectory. Aim for the rough patches to induce a false shot.,Target this bowler aggressively. High economy rate suggests frequent boundary deliveries. Look for gaps early. ,"S Anirudha is a Death Over Finisher. Strongest at MA Chidambaram Stadium, Chepauk.",Not Available,Not Available,112.4,135.7,0.0,0.0,0,0
Salman Butt,Not Available,Not Available,Batsman,Top Order Aggressor,Eden Gardens,Unknown,Not Available,0,Execute standard death-over strategies: wide yorkers and back-of-a-length slower balls.,Vary pace and trajectory. Aim for the rough patches to induce a false shot.,Target this bowler aggressively. High economy rate suggests frequent boundary deliveries. Look for gaps early. ,Salman Butt is a Top Order Aggressor. Strongest at Eden Gardens. Beware of S Sreesanth who owns this matchup.,S Sreesanth,Not Available,112.2,266.7,0.0,0.0,0,0
RE Levi,Not Available,Not Available,Batsman,Top Order Aggressor,Neutral Venues,Unknown,Not Available,0,Execute standard death-over strategies: wide yorkers and back-of-a-length slower balls.,Vary pace and trajectory. Aim for the rough patches to induce a false shot.,Target this bowler aggressively. High economy rate suggests frequent boundary deliveries. Look for gaps early. ,RE Levi is a Top Order Aggressor. Strongest at most grounds.,Not Available,Not Available,112.2,0.0,0.0,0.0,0,0
CA Ingram,Not Available,Not Available,Batsman,Middle Order Anchor,Arun Jaitley Stadium,Unknown,Not Available,0,Execute standard death-over strategies: wide yorkers and back-of-a-length slower balls.,Vary pace and trajectory. Aim for the rough patches to induce a false shot.,Target this bowler aggressively. High economy rate suggests frequent boundary deliveries. Look for gaps early. ,CA Ingram is a Middle Order Anchor. Strongest at Arun Jaitley Stadium. Beware of R Ashwin who owns this matchup.,R Ashwin,Not Available,112.0,146.5,0.0,0.0,0,0
AB Agarkar,Not Available,Not Available,All-Rounder,Death Over Finisher,Eden Gardens > Feroz Shah Kotla > Kingsmead > M Chinnaswamy Stadium,Unknown,Not Available,0,Execute standard death-over strategies: wide yorkers and back-of-a-length slower balls.,Vary pace and trajectory. Aim for the rough patches to induce a false shot.,"Play out his deliveries on merit and wait for loose balls. Historically, AC Gilchrist completely owns this bowler. Emulate that aggressive footprint.",AB Agarkar is a Death Over Finisher. Strongest at Eden Gardens. Keep away from AC Gilchrist who hits them at will.,Not Available,AC Gilchrist,111.9,127.6,8.42,9.61,29,820
HV Patel,Not Available,Not Available,All-Rounder,Death Over Finisher,"MA Chidambaram Stadium, Chepauk, Chennai > Rajiv Gandhi International Stadium, Uppal, Hyderabad > Maharaja Yadavindra Singh International Cricket Stadium, Mullanpur > M Chinnaswamy Stadium",Unknown,Not Available,0,Execute standard death-over strategies: wide yorkers and back-of-a-length slower balls.,Vary pace and trajectory. Aim for the rough patches to induce a false shot.,"Play out his deliveries on merit and wait for loose balls. Historically, PD Salt completely owns this bowler. Emulate that aggressive footprint.","HV Patel is a Death Over Finisher. Strongest at MA Chidambaram Stadium, Chepauk, Chennai. Beware of DJ Bravo who owns this matchup. Keep away from PD Salt who hits them at will.",DJ Bravo,PD Salt,111.8,124.7,8.42,9.3,151,2617
R Bishnoi,Not Available,Not Available,New Addition,Top Order Aggressor,Neutral Venues,Unknown,Not Available,0,Execute standard death-over strategies: wide yorkers and back-of-a-length slower balls.,Vary pace and trajectory. Aim for the rough patches to induce a false shot.,Target this bowler aggressively. High economy rate suggests frequent boundary deliveries. Look for gaps early. ,R Bishnoi is a Top Order Aggressor. Strongest at most grounds.,Not Available,Not Available,111.8,50.0,0.0,0.0,0,0
R Dhawan,Not Available,Not Available,All-Rounder,Death Over Finisher,"Punjab Cricket Association Stadium, Mohali > Wankhede Stadium, Mumbai > Rajiv Gandhi International Stadium, Uppal > Dubai International Cricket Stadium",Unknown,Not Available,0,Execute standard death-over strategies: wide yorkers and back-of-a-length slower balls.,Vary pace and trajectory. Aim for the rough patches to induce a false shot.,"Play out his deliveries on merit and wait for loose balls. Historically, DA Warner completely owns this bowler. Emulate that aggressive footprint.","R Dhawan is a Death Over Finisher. Strongest at Punjab Cricket Association Stadium, Mohali. Beware of PP Chawla who owns this matchup. Keep away from DA Warner who hits them at will.",PP Chawla,DA Warner,111.7,126.3,7.71,9.5,25,693
SS Prabhudessai,Not Available,Not Available,Batsman,Middle Order Anchor,Neutral Venues,Unknown,Not Available,0,Execute standard death-over strategies: wide yorkers and back-of-a-length slower balls.,Vary pace and trajectory. Aim for the rough patches to induce a false shot.,Target this bowler aggressively. High economy rate suggests frequent boundary deliveries. Look for gaps early. ,SS Prabhudessai is a Middle Order Anchor. Strongest at most grounds.,Not Available,Not Available,111.5,104.3,0.0,0.0,0,0
VH Zol,Not Available,Not Available,New Addition,Top Order Aggressor,Neutral Venues,Unknown,Not Available,0,Execute standard death-over strategies: wide yorkers and back-of-a-length slower balls.,Vary pace and trajectory. Aim for the rough patches to induce a false shot.,Target this bowler aggressively. High economy rate suggests frequent boundary deliveries. Look for gaps early. ,VH Zol is a Top Order Aggressor. Strongest at most grounds.,Not Available,Not Available,111.5,0.0,0.0,0.0,0,0
MD Mishra,Not Available,Not Available,Batsman,Top Order Aggressor,"Vidarbha Cricket Association Stadium, Jamtha > Dr DY Patil Sports Academy",Unknown,Not Available,0,Execute standard death-over strategies: wide yorkers and back-of-a-length slower balls.,Vary pace and trajectory. Aim for the rough patches to induce a false shot.,Target this bowler aggressively. High economy rate suggests frequent boundary deliveries. Look for gaps early. ,"MD Mishra is a Top Order Aggressor. Strongest at Vidarbha Cricket Association Stadium, Jamtha. Beware of DE Bollinger who owns this matchup.",DE Bollinger,Not Available,111.3,142.1,0.0,0.0,0,0
TG Southee,Not Available,Not Available,All-Rounder,Death Over Finisher,"Dr DY Patil Sports Academy, Mumbai > Maharashtra Cricket Association Stadium > Wankhede Stadium > Wankhede Stadium, Mumbai",Unknown,Not Available,0,Execute standard death-over strategies: wide yorkers and back-of-a-length slower balls.,Vary pace and trajectory. Aim for the rough patches to induce a false shot.,"Play out his deliveries on merit and wait for loose balls. Historically, AD Russell completely owns this bowler. Emulate that aggressive footprint.","TG Southee is a Death Over Finisher. Strongest at Dr DY Patil Sports Academy, Mumbai. Beware of DJ Bravo who owns this matchup. Keep away from AD Russell who hits them at will.",DJ Bravo,AD Russell,111.1,130.9,8.28,9.93,47,1262
RR Raje,Not Available,Not Available,Bowler,Death Over Finisher,Dr DY Patil Sports Academy,Unknown,Not Available,0,Execute standard death-over strategies: wide yorkers and back-of-a-length slower balls.,Vary pace and trajectory. Aim for the rough patches to induce a false shot.,Play out his deliveries on merit and wait for loose balls. ,RR Raje is a Death Over Finisher. Strongest at Dr DY Patil Sports Academy.,Not Available,Not Available,111.1,111.1,8.71,10.11,6,144
KAJ Roach,Not Available,Not Available,New Addition,Death Over Finisher,Neutral Venues,Unknown,Not Available,0,Execute standard death-over strategies: wide yorkers and back-of-a-length slower balls.,Vary pace and trajectory. Aim for the rough patches to induce a false shot.,"Prime target for the death overs. Attack him aggressively late in the innings as he loses his length under pressure. Historically, SC Ganguly completely owns this bowler. Emulate that aggressive footprint.",KAJ Roach is a Death Over Finisher. Strongest at most grounds.,Not Available,SC Ganguly,111.1,71.4,9.23,13.89,0,52
BR Dunk,Not Available,Not Available,Batsman,Top Order Aggressor,Neutral Venues,Unknown,Not Available,0,Execute standard death-over strategies: wide yorkers and back-of-a-length slower balls.,Vary pace and trajectory. Aim for the rough patches to induce a false shot.,Target this bowler aggressively. High economy rate suggests frequent boundary deliveries. Look for gaps early. ,BR Dunk is a Top Order Aggressor. Strongest at most grounds.,Not Available,Not Available,111.1,0.0,0.0,0.0,0,0
WPUJC Vaas,Not Available,Not Available,Bowler,Death Over Finisher,"Rajiv Gandhi International Stadium, Uppal > Barabati Stadium > MA Chidambaram Stadium, Chepauk > De Beers Diamond Oval",Unknown,Not Available,0,Execute standard death-over strategies: wide yorkers and back-of-a-length slower balls.,Vary pace and trajectory. Aim for the rough patches to induce a false shot.,"Prime target for the death overs. Attack him aggressively late in the innings as he loses his length under pressure. Historically, YK Pathan completely owns this bowler. Emulate that aggressive footprint.","WPUJC Vaas is a Death Over Finisher. Strongest at Rajiv Gandhi International Stadium, Uppal. Keep away from YK Pathan who hits them at will.",Not Available,YK Pathan,111.0,111.3,7.4,11.51,18,288
S Rana,Not Available,Not Available,Batsman,Death Over Finisher,Neutral Venues,Unknown,Not Available,0,Execute standard death-over strategies: wide yorkers and back-of-a-length slower balls.,Vary pace and trajectory. Aim for the rough patches to induce a false shot.,Elite threat. Treat with immense respect. Focus on rotating the strike and do not take unnecessary aerial risks. ,S Rana is a Death Over Finisher. Strongest at most grounds.,Not Available,Not Available,111.0,136.0,6.75,3.0,0,16
MW Short,Not Available,Not Available,Batsman,Top Order Aggressor,"Punjab Cricket Association IS Bindra Stadium, Mohali, Chandigarh",Unknown,Not Available,0,Execute standard death-over strategies: wide yorkers and back-of-a-length slower balls.,Vary pace and trajectory. Aim for the rough patches to induce a false shot.,Play out his deliveries on merit and wait for loose balls. ,"MW Short is a Top Order Aggressor. Strongest at Punjab Cricket Association IS Bindra Stadium, Mohali, Chandigarh.",Not Available,Not Available,110.9,0.0,8.53,0.0,0,45
PK Garg,Not Available,Not Available,Batsman,Middle Order Anchor,Dubai International Cricket Stadium,Unknown,Not Available,0,Execute standard death-over strategies: wide yorkers and back-of-a-length slower balls.,Vary pace and trajectory. Aim for the rough patches to induce a false shot.,Target this bowler aggressively. High economy rate suggests frequent boundary deliveries. Look for gaps early. ,PK Garg is a Middle Order Anchor. Strongest at Dubai International Cricket Stadium. Beware of KV Sharma who owns this matchup.,KV Sharma,Not Available,110.5,158.5,0.0,0.0,0,0
RE van der Merwe,Not Available,Not Available,All-Rounder,Middle Order Anchor,Kingsmead > New Wanderers Stadium > Eden Gardens > Feroz Shah Kotla,Unknown,Not Available,0,Execute standard death-over strategies: wide yorkers and back-of-a-length slower balls.,Vary pace and trajectory. Aim for the rough patches to induce a false shot.,"Elite threat. Treat with immense respect. Focus on rotating the strike and do not take unnecessary aerial risks. Historically, DJ Bravo completely owns this bowler. Emulate that aggressive footprint.",RE van der Merwe is a Middle Order Anchor. Strongest at Kingsmead. Beware of RP Singh who owns this matchup. Keep away from DJ Bravo who hits them at will.,RP Singh,DJ Bravo,110.4,112.8,6.57,7.65,21,455
AT Carey,Not Available,Not Available,New Addition,Death Over Finisher,Neutral Venues,Unknown,Not Available,0,Execute standard death-over strategies: wide yorkers and back-of-a-length slower balls.,Vary pace and trajectory. Aim for the rough patches to induce a false shot.,Target this bowler aggressively. High economy rate suggests frequent boundary deliveries. Look for gaps early. ,AT Carey is a Death Over Finisher. Strongest at most grounds.,Not Available,Not Available,110.3,110.3,0.0,0.0,0,0
TM Dilshan,Not Available,Not Available,All-Rounder,Middle Order Anchor,M Chinnaswamy Stadium > SuperSport Park > Sawai Mansingh Stadium > Kingsmead,Unknown,Not Available,0,Execute standard death-over strategies: wide yorkers and back-of-a-length slower balls.,Vary pace and trajectory. Aim for the rough patches to induce a false shot.,"Play out his deliveries on merit and wait for loose balls. Historically, KC Sangakkara completely owns this bowler. Emulate that aggressive footprint.",TM Dilshan is a Middle Order Anchor. Strongest at M Chinnaswamy Stadium. Beware of S Sreesanth who owns this matchup. Keep away from KC Sangakkara who hits them at will.,S Sreesanth,KC Sangakkara,110.1,160.5,7.99,7.44,5,275
XC Bartlett,Not Available,Not Available,Bowler,Middle Order Anchor,Neutral Venues,Unknown,Not Available,0,Execute standard death-over strategies: wide yorkers and back-of-a-length slower balls.,Vary pace and trajectory. Aim for the rough patches to induce a false shot.,"Target this bowler aggressively. High economy rate suggests frequent boundary deliveries. Look for gaps early. Historically, N Rana completely owns this bowler. Emulate that aggressive footprint.",XC Bartlett is a Middle Order Anchor. Strongest at most grounds. Keep away from N Rana who hits them at will.,Not Available,N Rana,110.0,200.0,10.67,9.86,7,221
B Chipli,Not Available,Not Available,Batsman,Middle Order Anchor,"Rajiv Gandhi International Stadium, Uppal",Unknown,Not Available,0,Execute standard death-over strategies: wide yorkers and back-of-a-length slower balls.,Vary pace and trajectory. Aim for the rough patches to induce a false shot.,Target this bowler aggressively. High economy rate suggests frequent boundary deliveries. Look for gaps early. ,"B Chipli is a Middle Order Anchor. Strongest at Rajiv Gandhi International Stadium, Uppal. Beware of RP Singh who owns this matchup.",RP Singh,Not Available,109.4,178.6,20.0,0.0,0,6
NM Coulter-Nile,Not Available,Not Available,Bowler,Death Over Finisher,Feroz Shah Kotla > Eden Gardens > Sharjah Cricket Stadium > Dubai International Cricket Stadium,Unknown,Not Available,0,Execute standard death-over strategies: wide yorkers and back-of-a-length slower balls.,Vary pace and trajectory. Aim for the rough patches to induce a false shot.,"Play out his deliveries on merit and wait for loose balls. Historically, EJG Morgan completely owns this bowler. Emulate that aggressive footprint.",NM Coulter-Nile is a Death Over Finisher. Strongest at Feroz Shah Kotla. Keep away from EJG Morgan who hits them at will.,Not Available,EJG Morgan,109.3,123.7,7.4,9.1,48,892
AL Menaria,Not Available,Not Available,Batsman,Middle Order Anchor,"Sawai Mansingh Stadium > Punjab Cricket Association Stadium, Mohali",Unknown,Not Available,0,Execute standard death-over strategies: wide yorkers and back-of-a-length slower balls.,Vary pace and trajectory. Aim for the rough patches to induce a false shot.,"Prime target for the death overs. Attack him aggressively late in the innings as he loses his length under pressure. Historically, MEK Hussey completely owns this bowler. Emulate that aggressive footprint.",AL Menaria is a Middle Order Anchor. Strongest at Sawai Mansingh Stadium. Beware of R Ashwin who owns this matchup.,R Ashwin,MEK Hussey,109.3,116.9,7.65,13.71,3,113
M Markande,Not Available,Not Available,Bowler,Death Over Finisher,"Wankhede Stadium > Rajiv Gandhi International Stadium, Uppal, Hyderabad > Rajiv Gandhi International Stadium > Eden Gardens, Kolkata",Unknown,Not Available,0,Execute standard death-over strategies: wide yorkers and back-of-a-length slower balls.,Vary pace and trajectory. Aim for the rough patches to induce a false shot.,"Prime target for the death overs. Attack him aggressively late in the innings as he loses his length under pressure. Historically, RM Patidar completely owns this bowler. Emulate that aggressive footprint.",M Markande is a Death Over Finisher. Strongest at Wankhede Stadium. Keep away from RM Patidar who hits them at will.,Not Available,RM Patidar,109.1,111.6,8.95,10.62,37,768
AA Chavan,Not Available,Not Available,Bowler,Death Over Finisher,Sawai Mansingh Stadium,Unknown,Not Available,0,Execute standard death-over strategies: wide yorkers and back-of-a-length slower balls.,Vary pace and trajectory. Aim for the rough patches to induce a false shot.,"Prime target for the death overs. Attack him aggressively late in the innings as he loses his length under pressure. Historically, Mandeep Singh completely owns this bowler. Emulate that aggressive footprint.",AA Chavan is a Death Over Finisher. Strongest at Sawai Mansingh Stadium. Keep away from Mandeep Singh who hits them at will.,Not Available,Mandeep Singh,109.1,137.5,7.67,13.71,8,255
MA Khote,Not Available,Not Available,New Addition,Death Over Finisher,"MA Chidambaram Stadium, Chepauk",Unknown,Not Available,0,Execute standard death-over strategies: wide yorkers and back-of-a-length slower balls.,Vary pace and trajectory. Aim for the rough patches to induce a false shot.,Prime target for the death overs. Attack him aggressively late in the innings as he loses his length under pressure. ,"MA Khote is a Death Over Finisher. Strongest at MA Chidambaram Stadium, Chepauk.",Not Available,Not Available,109.1,120.0,10.2,11.5,2,30
A Flintoff,Not Available,Not Available,Batsman,Middle Order Anchor,Neutral Venues,Unknown,Not Available,0,Execute standard death-over strategies: wide yorkers and back-of-a-length slower balls.,Vary pace and trajectory. Aim for the rough patches to induce a false shot.,"Prime target for the death overs. Attack him aggressively late in the innings as he loses his length under pressure. Historically, AB de Villiers completely owns this bowler. Emulate that aggressive footprint.",A Flintoff is a Middle Order Anchor. Strongest at most grounds.,Not Available,AB de Villiers,108.8,138.9,9.55,14.5,2,66
MS Bisla,Not Available,Not Available,Batsman,Top Order Aggressor,"Eden Gardens > MA Chidambaram Stadium, Chepauk > M Chinnaswamy Stadium > Punjab Cricket Association Stadium, Mohali",Unknown,Not Available,0,Execute standard death-over strategies: wide yorkers and back-of-a-length slower balls.,Vary pace and trajectory. Aim for the rough patches to induce a false shot.,Target this bowler aggressively. High economy rate suggests frequent boundary deliveries. Look for gaps early. ,MS Bisla is a Top Order Aggressor. Strongest at Eden Gardens. Beware of PP Chawla who owns this matchup.,PP Chawla,Not Available,108.3,157.6,0.0,0.0,0,0
PVD Chameera,Not Available,Not Available,Bowler,Death Over Finisher,"Wankhede Stadium, Mumbai > Maharashtra Cricket Association Stadium, Pune > Arun Jaitley Stadium, Delhi > Dr DY Patil Sports Academy, Mumbai",Unknown,Not Available,0,Execute standard death-over strategies: wide yorkers and back-of-a-length slower balls.,Vary pace and trajectory. Aim for the rough patches to induce a false shot.,"Prime target for the death overs. Attack him aggressively late in the innings as he loses his length under pressure. Historically, RM Patidar completely owns this bowler. Emulate that aggressive footprint.","PVD Chameera is a Death Over Finisher. Strongest at Wankhede Stadium, Mumbai. Keep away from RM Patidar who hits them at will.",Not Available,RM Patidar,108.2,108.3,9.26,10.65,13,420
DJ Harris,Not Available,Not Available,Batsman,Top Order Aggressor,Neutral Venues,Unknown,Not Available,0,Execute standard death-over strategies: wide yorkers and back-of-a-length slower balls.,Vary pace and trajectory. Aim for the rough patches to induce a false shot.,Play out his deliveries on merit and wait for loose balls. ,DJ Harris is a Top Order Aggressor. Strongest at most grounds. Beware of M Muralitharan who owns this matchup.,M Muralitharan,Not Available,107.8,0.0,8.67,10.0,0,18
BB Samantray,Not Available,Not Available,Batsman,Middle Order Anchor,"Rajiv Gandhi International Stadium, Uppal",Unknown,Not Available,0,Execute standard death-over strategies: wide yorkers and back-of-a-length slower balls.,Vary pace and trajectory. Aim for the rough patches to induce a false shot.,Target this bowler aggressively. High economy rate suggests frequent boundary deliveries. Look for gaps early. ,"BB Samantray is a Middle Order Anchor. Strongest at Rajiv Gandhi International Stadium, Uppal. Beware of JP Faulkner who owns this matchup.",JP Faulkner,Not Available,107.8,135.5,0.0,0.0,0,0
Vijaykumar Vyshak,Not Available,Not Available,Bowler,Death Over Finisher,"M Chinnaswamy Stadium, Bengaluru > Maharaja Yadavindra Singh International Cricket Stadium, New Chandigarh > Wankhede Stadium, Mumbai",Unknown,Not Available,0,Execute standard death-over strategies: wide yorkers and back-of-a-length slower balls.,Vary pace and trajectory. Aim for the rough patches to induce a false shot.,"Prime target for the death overs. Attack him aggressively late in the innings as he loses his length under pressure. Historically, KL Rahul completely owns this bowler. Emulate that aggressive footprint.","Vijaykumar Vyshak is a Death Over Finisher. Strongest at M Chinnaswamy Stadium, Bengaluru. Keep away from KL Rahul who hits them at will.",Not Available,KL Rahul,107.7,107.7,9.88,11.56,23,483
MDKJ Perera,Not Available,Not Available,New Addition,Top Order Aggressor,Neutral Venues,Unknown,Not Available,0,Execute standard death-over strategies: wide yorkers and back-of-a-length slower balls.,Vary pace and trajectory. Aim for the rough patches to induce a false shot.,Target this bowler aggressively. High economy rate suggests frequent boundary deliveries. Look for gaps early. ,MDKJ Perera is a Top Order Aggressor. Strongest at most grounds.,Not Available,Not Available,107.7,0.0,0.0,0.0,0,0
F Behardien,Not Available,Not Available,New Addition,Death Over Finisher,Neutral Venues,Unknown,Not Available,0,Execute standard death-over strategies: wide yorkers and back-of-a-length slower balls.,Vary pace and trajectory. Aim for the rough patches to induce a false shot.,Target this bowler aggressively. High economy rate suggests frequent boundary deliveries. Look for gaps early. ,F Behardien is a Death Over Finisher. Strongest at most grounds.,Not Available,Not Available,107.7,116.7,0.0,0.0,0,0
PP Chawla,Not Available,Not Available,All-Rounder,Death Over Finisher,"Eden Gardens > Punjab Cricket Association Stadium, Mohali > M Chinnaswamy Stadium > Wankhede Stadium, Mumbai",Unknown,Not Available,0,Execute standard death-over strategies: wide yorkers and back-of-a-length slower balls.,Vary pace and trajectory. Aim for the rough patches to induce a false shot.,"Play out his deliveries on merit and wait for loose balls. Historically, Abhishek Sharma completely owns this bowler. Emulate that aggressive footprint.",PP Chawla is a Death Over Finisher. Strongest at Eden Gardens. Beware of JA Morkel who owns this matchup. Keep away from Abhishek Sharma who hits them at will.,JA Morkel,Abhishek Sharma,107.6,117.1,7.87,8.51,192,3895
SD Chitnis,Not Available,Not Available,Batsman,Middle Order Anchor,Wankhede Stadium,Unknown,Not Available,0,Execute standard death-over strategies: wide yorkers and back-of-a-length slower balls.,Vary pace and trajectory. Aim for the rough patches to induce a false shot.,"Target this bowler aggressively. High economy rate suggests frequent boundary deliveries. Look for gaps early. Historically, SE Marsh completely owns this bowler. Emulate that aggressive footprint.",SD Chitnis is a Middle Order Anchor. Strongest at Wankhede Stadium. Beware of VR Aaron who owns this matchup.,VR Aaron,SE Marsh,107.6,113.2,9.47,7.71,2,38
J Syed Mohammad,Not Available,Not Available,Bowler,Death Over Finisher,"MA Chidambaram Stadium, Chepauk",Unknown,Not Available,0,Execute standard death-over strategies: wide yorkers and back-of-a-length slower balls.,Vary pace and trajectory. Aim for the rough patches to induce a false shot.,"Prime target for the death overs. Attack him aggressively late in the innings as he loses his length under pressure. Historically, KD Karthik completely owns this bowler. Emulate that aggressive footprint.","J Syed Mohammad is a Death Over Finisher. Strongest at MA Chidambaram Stadium, Chepauk. Keep away from KD Karthik who hits them at will.",Not Available,KD Karthik,107.4,125.0,8.66,11.0,8,196
R Vinay Kumar,Not Available,Not Available,All-Rounder,Death Over Finisher,M Chinnaswamy Stadium > Eden Gardens > Wankhede Stadium > Nehru Stadium,Unknown,Not Available,0,Execute standard death-over strategies: wide yorkers and back-of-a-length slower balls.,Vary pace and trajectory. Aim for the rough patches to induce a false shot.,"Play out his deliveries on merit and wait for loose balls. Historically, DA Miller completely owns this bowler. Emulate that aggressive footprint.",R Vinay Kumar is a Death Over Finisher. Strongest at M Chinnaswamy Stadium. Beware of A Singh who owns this matchup. Keep away from DA Miller who hits them at will.,A Singh,DA Miller,107.3,109.6,8.2,10.11,105,2186
SP Jackson,Not Available,Not Available,Batsman,Death Over Finisher,Neutral Venues,Unknown,Not Available,0,Execute standard death-over strategies: wide yorkers and back-of-a-length slower balls.,Vary pace and trajectory. Aim for the rough patches to induce a false shot.,Target this bowler aggressively. High economy rate suggests frequent boundary deliveries. Look for gaps early. ,SP Jackson is a Death Over Finisher. Strongest at most grounds.,Not Available,Not Available,107.0,113.3,0.0,0.0,0,0
CM Gautam,Not Available,Not Available,Batsman,Top Order Aggressor,Wankhede Stadium,Unknown,Not Available,0,Execute standard death-over strategies: wide yorkers and back-of-a-length slower balls.,Vary pace and trajectory. Aim for the rough patches to induce a false shot.,Target this bowler aggressively. High economy rate suggests frequent boundary deliveries. Look for gaps early. ,CM Gautam is a Top Order Aggressor. Strongest at Wankhede Stadium. Beware of AB Dinda who owns this matchup.,AB Dinda,Not Available,107.0,122.2,0.0,0.0,0,0
GC Smith,Not Available,Not Available,Batsman,Top Order Aggressor,"Sawai Mansingh Stadium > Kingsmead > MA Chidambaram Stadium, Chepauk > Rajiv Gandhi International Stadium, Uppal",Unknown,Not Available,0,Execute standard death-over strategies: wide yorkers and back-of-a-length slower balls.,Vary pace and trajectory. Aim for the rough patches to induce a false shot.,Target this bowler aggressively. High economy rate suggests frequent boundary deliveries. Look for gaps early. ,GC Smith is a Top Order Aggressor. Strongest at Sawai Mansingh Stadium. Beware of P Kumar who owns this matchup.,P Kumar,Not Available,106.9,161.0,0.0,0.0,0,0
Shoaib Malik,Not Available,Not Available,Batsman,Middle Order Anchor,Neutral Venues,Unknown,Not Available,0,Execute standard death-over strategies: wide yorkers and back-of-a-length slower balls.,Vary pace and trajectory. Aim for the rough patches to induce a false shot.,Play out his deliveries on merit and wait for loose balls. ,Shoaib Malik is a Middle Order Anchor. Strongest at most grounds.,Not Available,Not Available,106.1,114.3,8.79,9.38,2,58
SK Rasheed,Not Available,Not Available,Batsman,Top Order Aggressor,Neutral Venues,Unknown,Not Available,0,Execute standard death-over strategies: wide yorkers and back-of-a-length slower balls.,Vary pace and trajectory. Aim for the rough patches to induce a false shot.,Target this bowler aggressively. High economy rate suggests frequent boundary deliveries. Look for gaps early. ,SK Rasheed is a Top Order Aggressor. Strongest at most grounds. Beware of DL Chahar who owns this matchup.,DL Chahar,Not Available,106.0,0.0,0.0,0.0,0,0
JH Kallis,Not Available,Not Available,All-Rounder,Middle Order Anchor,"Eden Gardens > M Chinnaswamy Stadium > MA Chidambaram Stadium, Chepauk > Feroz Shah Kotla",Unknown,Not Available,0,Execute standard death-over strategies: wide yorkers and back-of-a-length slower balls.,Vary pace and trajectory. Aim for the rough patches to induce a false shot.,"Play out his deliveries on merit and wait for loose balls. Historically, JP Duminy completely owns this bowler. Emulate that aggressive footprint.",JH Kallis is a Middle Order Anchor. Strongest at Eden Gardens. Beware of RP Singh who owns this matchup. Keep away from JP Duminy who hits them at will.,RP Singh,JP Duminy,105.9,170.6,7.65,9.77,65,1799
JJ van der Wath,Not Available,Not Available,New Addition,Death Over Finisher,"MA Chidambaram Stadium, Chepauk",Unknown,Not Available,0,Execute standard death-over strategies: wide yorkers and back-of-a-length slower balls.,Vary pace and trajectory. Aim for the rough patches to induce a false shot.,"Prime target for the death overs. Attack him aggressively late in the innings as he loses his length under pressure. Historically, SE Marsh completely owns this bowler. Emulate that aggressive footprint.","JJ van der Wath is a Death Over Finisher. Strongest at MA Chidambaram Stadium, Chepauk.",Not Available,SE Marsh,105.9,116.7,10.18,11.0,3,76
HH Gibbs,Not Available,Not Available,Batsman,Top Order Aggressor,"Kingsmead > Eden Gardens > New Wanderers Stadium > Rajiv Gandhi International Stadium, Uppal",Unknown,Not Available,0,Execute standard death-over strategies: wide yorkers and back-of-a-length slower balls.,Vary pace and trajectory. Aim for the rough patches to induce a false shot.,Target this bowler aggressively. High economy rate suggests frequent boundary deliveries. Look for gaps early. ,HH Gibbs is a Top Order Aggressor. Strongest at Kingsmead. Beware of Z Khan who owns this matchup.,Z Khan,Not Available,105.9,156.5,0.0,0.0,0,0
JEC Franklin,Not Available,Not Available,All-Rounder,Middle Order Anchor,"Wankhede Stadium > Eden Gardens > MA Chidambaram Stadium, Chepauk",Unknown,Not Available,0,Execute standard death-over strategies: wide yorkers and back-of-a-length slower balls.,Vary pace and trajectory. Aim for the rough patches to induce a false shot.,"Play out his deliveries on merit and wait for loose balls. Historically, RV Uthappa completely owns this bowler. Emulate that aggressive footprint.",JEC Franklin is a Middle Order Anchor. Strongest at Wankhede Stadium. Beware of B Kumar who owns this matchup. Keep away from RV Uthappa who hits them at will.,B Kumar,RV Uthappa,105.8,138.6,8.52,10.5,9,155
M Manhas,Not Available,Not Available,Batsman,Middle Order Anchor,"Feroz Shah Kotla > Subrata Roy Sahara Stadium > Dr DY Patil Sports Academy > Punjab Cricket Association Stadium, Mohali",Unknown,Not Available,0,Execute standard death-over strategies: wide yorkers and back-of-a-length slower balls.,Vary pace and trajectory. Aim for the rough patches to induce a false shot.,Elite threat. Treat with immense respect. Focus on rotating the strike and do not take unnecessary aerial risks. ,M Manhas is a Middle Order Anchor. Strongest at Feroz Shah Kotla. Beware of P Kumar who owns this matchup.,P Kumar,Not Available,105.8,128.4,6.0,8.0,0,42
RA Bawa,Not Available,Not Available,New Addition,Middle Order Anchor,Neutral Venues,Unknown,Not Available,0,Execute standard death-over strategies: wide yorkers and back-of-a-length slower balls.,Vary pace and trajectory. Aim for the rough patches to induce a false shot.,Target this bowler aggressively. High economy rate suggests frequent boundary deliveries. Look for gaps early. ,RA Bawa is a Middle Order Anchor. Strongest at most grounds.,Not Available,Not Available,105.6,200.0,0.0,0.0,0,0
Y Gnaneswara Rao,Not Available,Not Available,New Addition,Top Order Aggressor,Neutral Venues,Unknown,Not Available,0,Execute standard death-over strategies: wide yorkers and back-of-a-length slower balls.,Vary pace and trajectory. Aim for the rough patches to induce a false shot.,Play out his deliveries on merit and wait for loose balls. ,Y Gnaneswara Rao is a Top Order Aggressor. Strongest at most grounds.,Not Available,Not Available,105.6,0.0,7.0,0.0,0,6
Aman Hakim Khan,Not Available,Not Available,Batsman,Middle Order Anchor,"Narendra Modi Stadium, Ahmedabad",Unknown,Not Available,0,Execute standard death-over strategies: wide yorkers and back-of-a-length slower balls.,Vary pace and trajectory. Aim for the rough patches to induce a false shot.,Target this bowler aggressively. High economy rate suggests frequent boundary deliveries. Look for gaps early. ,"Aman Hakim Khan is a Middle Order Anchor. Strongest at Narendra Modi Stadium, Ahmedabad. Beware of Rashid Khan who owns this matchup.",Rashid Khan,Not Available,105.5,134.1,13.0,0.0,0,6
P Kumar,Not Available,Not Available,All-Rounder,Death Over Finisher,"M Chinnaswamy Stadium > Punjab Cricket Association Stadium, Mohali > Wankhede Stadium > Rajiv Gandhi International Stadium, Uppal",Unknown,Not Available,0,Execute standard death-over strategies: wide yorkers and back-of-a-length slower balls.,Vary pace and trajectory. Aim for the rough patches to induce a false shot.,"Play out his deliveries on merit and wait for loose balls. Historically, KM Jadhav completely owns this bowler. Emulate that aggressive footprint.",P Kumar is a Death Over Finisher. Strongest at M Chinnaswamy Stadium. Beware of SL Malinga who owns this matchup. Keep away from KM Jadhav who hits them at will.,SL Malinga,KM Jadhav,105.3,109.7,7.4,9.92,90,2637
AC Thomas,Not Available,Not Available,Bowler,Death Over Finisher,"Dr DY Patil Sports Academy > Feroz Shah Kotla > MA Chidambaram Stadium, Chepauk",Unknown,Not Available,0,Execute standard death-over strategies: wide yorkers and back-of-a-length slower balls.,Vary pace and trajectory. Aim for the rough patches to induce a false shot.,"Play out his deliveries on merit and wait for loose balls. Historically, DA Warner completely owns this bowler. Emulate that aggressive footprint.",AC Thomas is a Death Over Finisher. Strongest at Dr DY Patil Sports Academy. Keep away from DA Warner who hits them at will.,Not Available,DA Warner,105.3,105.3,7.45,9.81,14,327
J Yadav,Not Available,Not Available,Bowler,Death Over Finisher,Shaheed Veer Narayan Singh International Stadium,Unknown,Not Available,0,Execute standard death-over strategies: wide yorkers and back-of-a-length slower balls.,Vary pace and trajectory. Aim for the rough patches to induce a false shot.,"Elite threat. Treat with immense respect. Focus on rotating the strike and do not take unnecessary aerial risks. Historically, DA Warner completely owns this bowler. Emulate that aggressive footprint.",J Yadav is a Death Over Finisher. Strongest at Shaheed Veer Narayan Singh International Stadium. Keep away from DA Warner who hits them at will.,Not Available,DA Warner,105.3,106.9,6.71,6.95,8,398
RV Patel,Not Available,Not Available,Batsman,Death Over Finisher,Neutral Venues,Unknown,Not Available,0,Execute standard death-over strategies: wide yorkers and back-of-a-length slower balls.,Vary pace and trajectory. Aim for the rough patches to induce a false shot.,Elite threat. Treat with immense respect. Focus on rotating the strike and do not take unnecessary aerial risks. ,RV Patel is a Death Over Finisher. Strongest at most grounds. Beware of RA Jadeja who owns this matchup.,RA Jadeja,Not Available,105.3,118.2,6.6,9.43,0,20
Y Nagar,Not Available,Not Available,Batsman,Death Over Finisher,Feroz Shah Kotla > New Wanderers Stadium,Unknown,Not Available,0,Execute standard death-over strategies: wide yorkers and back-of-a-length slower balls.,Vary pace and trajectory. Aim for the rough patches to induce a false shot.,Target this bowler aggressively. High economy rate suggests frequent boundary deliveries. Look for gaps early. ,Y Nagar is a Death Over Finisher. Strongest at Feroz Shah Kotla. Beware of R Vinay Kumar who owns this matchup.,R Vinay Kumar,Not Available,105.2,132.6,10.42,0.0,4,72
YV Takawale,Not Available,Not Available,Batsman,Top Order Aggressor,Neutral Venues,Unknown,Not Available,0,Execute standard death-over strategies: wide yorkers and back-of-a-length slower balls.,Vary pace and trajectory. Aim for the rough patches to induce a false shot.,Target this bowler aggressively. High economy rate suggests frequent boundary deliveries. Look for gaps early. ,YV Takawale is a Top Order Aggressor. Strongest at most grounds. Beware of SP Narine who owns this matchup.,SP Narine,Not Available,104.9,223.1,0.0,0.0,0,0
RR Powar,Not Available,Not Available,Bowler,Death Over Finisher,Kingsmead,Unknown,Not Available,0,Execute standard death-over strategies: wide yorkers and back-of-a-length slower balls.,Vary pace and trajectory. Aim for the rough patches to induce a false shot.,"Play out his deliveries on merit and wait for loose balls. Historically, NV Ojha completely owns this bowler. Emulate that aggressive footprint.",RR Powar is a Death Over Finisher. Strongest at Kingsmead. Keep away from NV Ojha who hits them at will.,L Balaji,NV Ojha,104.7,111.7,7.14,8.75,13,443
RJ Harris,Not Available,Not Available,All-Rounder,Death Over Finisher,"Himachal Pradesh Cricket Association Stadium > Punjab Cricket Association Stadium, Mohali > Vidarbha Cricket Association Stadium, Jamtha > M Chinnaswamy Stadium",Unknown,Not Available,0,Execute standard death-over strategies: wide yorkers and back-of-a-length slower balls.,Vary pace and trajectory. Aim for the rough patches to induce a false shot.,"Play out his deliveries on merit and wait for loose balls. Historically, MS Dhoni completely owns this bowler. Emulate that aggressive footprint.",RJ Harris is a Death Over Finisher. Strongest at Himachal Pradesh Cricket Association Stadium. Keep away from MS Dhoni who hits them at will.,Not Available,MS Dhoni,104.5,111.5,7.26,9.05,45,865
N Jagadeesan,Not Available,Not Available,Batsman,Middle Order Anchor,"Eden Gardens, Kolkata",Unknown,Not Available,0,Execute standard death-over strategies: wide yorkers and back-of-a-length slower balls.,Vary pace and trajectory. Aim for the rough patches to induce a false shot.,Target this bowler aggressively. High economy rate suggests frequent boundary deliveries. Look for gaps early. ,"N Jagadeesan is a Middle Order Anchor. Strongest at Eden Gardens, Kolkata. Beware of Mohammed Shami who owns this matchup.",Mohammed Shami,Not Available,104.5,68.8,0.0,0.0,0,0
KA Jamieson,Not Available,Not Available,Bowler,Death Over Finisher,"Narendra Modi Stadium, Ahmedabad > MA Chidambaram Stadium, Chepauk, Chennai",Unknown,Not Available,0,Execute standard death-over strategies: wide yorkers and back-of-a-length slower balls.,Vary pace and trajectory. Aim for the rough patches to induce a false shot.,"Prime target for the death overs. Attack him aggressively late in the innings as he loses his length under pressure. Historically, R Parag completely owns this bowler. Emulate that aggressive footprint.","KA Jamieson is a Death Over Finisher. Strongest at Narendra Modi Stadium, Ahmedabad. Keep away from R Parag who hits them at will.",Not Available,R Parag,104.1,139.5,9.64,12.36,16,315
VVS Laxman,Not Available,Not Available,Batsman,Top Order Aggressor,"Rajiv Gandhi International Stadium, Uppal > Dr DY Patil Sports Academy > M Chinnaswamy Stadium",Unknown,Not Available,0,Execute standard death-over strategies: wide yorkers and back-of-a-length slower balls.,Vary pace and trajectory. Aim for the rough patches to induce a false shot.,Target this bowler aggressively. High economy rate suggests frequent boundary deliveries. Look for gaps early. ,"VVS Laxman is a Top Order Aggressor. Strongest at Rajiv Gandhi International Stadium, Uppal. Beware of S Sreesanth who owns this matchup.",S Sreesanth,Not Available,104.1,50.0,0.0,0.0,0,0
S Gopal,Not Available,Not Available,All-Rounder,Death Over Finisher,Sawai Mansingh Stadium > Sheikh Zayed Stadium > M.Chinnaswamy Stadium > Dubai International Cricket Stadium,Unknown,Not Available,0,Execute standard death-over strategies: wide yorkers and back-of-a-length slower balls.,Vary pace and trajectory. Aim for the rough patches to induce a false shot.,"Play out his deliveries on merit and wait for loose balls. Historically, DJ Hooda completely owns this bowler. Emulate that aggressive footprint.",S Gopal is a Death Over Finisher. Strongest at Sawai Mansingh Stadium. Keep away from DJ Hooda who hits them at will.,Not Available,DJ Hooda,104.0,125.0,8.09,6.64,52,1000
JM Kemp,Not Available,Not Available,New Addition,Middle Order Anchor,Eden Gardens,Unknown,Not Available,0,Execute standard death-over strategies: wide yorkers and back-of-a-length slower balls.,Vary pace and trajectory. Aim for the rough patches to induce a false shot.,Play out his deliveries on merit and wait for loose balls. ,JM Kemp is a Middle Order Anchor. Strongest at Eden Gardens.,PP Ojha,Not Available,104.0,44.4,6.89,6.0,3,47
M Kartik,Not Available,Not Available,All-Rounder,Death Over Finisher,Eden Gardens > M Chinnaswamy Stadium > Wankhede Stadium,Unknown,Not Available,0,Execute standard death-over strategies: wide yorkers and back-of-a-length slower balls.,Vary pace and trajectory. Aim for the rough patches to induce a false shot.,"Play out his deliveries on merit and wait for loose balls. Historically, SV Samson completely owns this bowler. Emulate that aggressive footprint.",M Kartik is a Death Over Finisher. Strongest at Eden Gardens. Beware of M Muralitharan who owns this matchup. Keep away from SV Samson who hits them at will.,M Muralitharan,SV Samson,103.7,101.3,7.05,7.97,31,1182
Harpreet Singh,Not Available,Not Available,Batsman,Middle Order Anchor,Neutral Venues,Unknown,Not Available,0,Execute standard death-over strategies: wide yorkers and back-of-a-length slower balls.,Vary pace and trajectory. Aim for the rough patches to induce a false shot.,Target this bowler aggressively. High economy rate suggests frequent boundary deliveries. Look for gaps early. ,Harpreet Singh is a Middle Order Anchor. Strongest at most grounds. Beware of HR Shokeen who owns this matchup.,HR Shokeen,Not Available,103.4,131.6,0.0,0.0,0,0
MJ Santner,Not Available,Not Available,All-Rounder,Death Over Finisher,"Wankhede Stadium, Mumbai > Arun Jaitley Stadium, Delhi > MA Chidambaram Stadium > Narendra Modi Stadium, Ahmedabad",Unknown,Not Available,0,Execute standard death-over strategies: wide yorkers and back-of-a-length slower balls.,Vary pace and trajectory. Aim for the rough patches to induce a false shot.,"Play out his deliveries on merit and wait for loose balls. Historically, N Rana completely owns this bowler. Emulate that aggressive footprint.","MJ Santner is a Death Over Finisher. Strongest at Wankhede Stadium, Mumbai. Keep away from N Rana who hits them at will.",Not Available,N Rana,103.0,128.8,7.33,8.53,30,704
DW Steyn,Not Available,Not Available,All-Rounder,Death Over Finisher,"Rajiv Gandhi International Stadium, Uppal > Feroz Shah Kotla > Eden Gardens > Dr. Y.S. Rajasekhara Reddy ACA-VDCA Cricket Stadium",Unknown,Not Available,0,Execute standard death-over strategies: wide yorkers and back-of-a-length slower balls.,Vary pace and trajectory. Aim for the rough patches to induce a false shot.,"Elite threat. Treat with immense respect. Focus on rotating the strike and do not take unnecessary aerial risks. Historically, KL Rahul completely owns this bowler. Emulate that aggressive footprint.","DW Steyn is a Death Over Finisher. Strongest at Rajiv Gandhi International Stadium, Uppal. Keep away from KL Rahul who hits them at will.",Not Available,KL Rahul,102.5,105.8,6.63,7.95,97,2282
DL Vettori,Not Available,Not Available,All-Rounder,Death Over Finisher,"M Chinnaswamy Stadium > Feroz Shah Kotla > Eden Gardens > MA Chidambaram Stadium, Chepauk",Unknown,Not Available,0,Execute standard death-over strategies: wide yorkers and back-of-a-length slower balls.,Vary pace and trajectory. Aim for the rough patches to induce a false shot.,"Elite threat. Treat with immense respect. Focus on rotating the strike and do not take unnecessary aerial risks. Historically, YK Pathan completely owns this bowler. Emulate that aggressive footprint.",DL Vettori is a Death Over Finisher. Strongest at M Chinnaswamy Stadium. Keep away from YK Pathan who hits them at will.,Not Available,YK Pathan,102.5,119.4,6.72,7.99,28,785
Iqbal Abdulla,Not Available,Not Available,Bowler,Death Over Finisher,"Eden Gardens > M Chinnaswamy Stadium > Wankhede Stadium > Rajiv Gandhi International Stadium, Uppal",Unknown,Not Available,0,Execute standard death-over strategies: wide yorkers and back-of-a-length slower balls.,Vary pace and trajectory. Aim for the rough patches to induce a false shot.,"Play out his deliveries on merit and wait for loose balls. Historically, G Gambhir completely owns this bowler. Emulate that aggressive footprint.",Iqbal Abdulla is a Death Over Finisher. Strongest at Eden Gardens. Keep away from G Gambhir who hits them at will.,DJ Bravo,G Gambhir,102.3,114.8,7.06,8.32,40,943
TL Seifert,Not Available,Not Available,Batsman,Top Order Aggressor,Neutral Venues,Unknown,Not Available,0,Execute standard death-over strategies: wide yorkers and back-of-a-length slower balls.,Vary pace and trajectory. Aim for the rough patches to induce a false shot.,Target this bowler aggressively. High economy rate suggests frequent boundary deliveries. Look for gaps early. ,TL Seifert is a Top Order Aggressor. Strongest at most grounds.,Not Available,Not Available,102.3,40.0,0.0,0.0,0,0
FY Fazal,Not Available,Not Available,Batsman,Top Order Aggressor,"Sardar Patel Stadium, Motera",Unknown,Not Available,0,Execute standard death-over strategies: wide yorkers and back-of-a-length slower balls.,Vary pace and trajectory. Aim for the rough patches to induce a false shot.,Target this bowler aggressively. High economy rate suggests frequent boundary deliveries. Look for gaps early. ,"FY Fazal is a Top Order Aggressor. Strongest at Sardar Patel Stadium, Motera. Beware of RP Singh who owns this matchup.",RP Singh,Not Available,102.2,115.2,10.0,10.0,0,12
MJ Clarke,Not Available,Not Available,Batsman,Top Order Aggressor,Subrata Roy Sahara Stadium,Unknown,Not Available,0,Execute standard death-over strategies: wide yorkers and back-of-a-length slower balls.,Vary pace and trajectory. Aim for the rough patches to induce a false shot.,"Elite threat. Treat with immense respect. Focus on rotating the strike and do not take unnecessary aerial risks. Historically, BB McCullum completely owns this bowler. Emulate that aggressive footprint.",MJ Clarke is a Top Order Aggressor. Strongest at Subrata Roy Sahara Stadium.,Not Available,BB McCullum,102.1,0.0,6.09,9.0,2,66
OF Smith,Not Available,Not Available,Batsman,Death Over Finisher,"Maharashtra Cricket Association Stadium, Pune",Unknown,Not Available,0,Execute standard death-over strategies: wide yorkers and back-of-a-length slower balls.,Vary pace and trajectory. Aim for the rough patches to induce a false shot.,Prime target for the death overs. Attack him aggressively late in the innings as he loses his length under pressure. ,"OF Smith is a Death Over Finisher. Strongest at Maharashtra Cricket Association Stadium, Pune.",Not Available,Not Available,102.0,120.0,11.24,13.5,6,95
SC Ganguly,Not Available,Not Available,All-Rounder,Middle Order Anchor,"Eden Gardens > Rajiv Gandhi International Stadium, Uppal > M Chinnaswamy Stadium > Feroz Shah Kotla",Unknown,Not Available,0,Execute standard death-over strategies: wide yorkers and back-of-a-length slower balls.,Vary pace and trajectory. Aim for the rough patches to induce a false shot.,"Prime target for the death overs. Attack him aggressively late in the innings as he loses his length under pressure. Historically, V Sehwag completely owns this bowler. Emulate that aggressive footprint.",SC Ganguly is a Middle Order Anchor. Strongest at Eden Gardens. Beware of R Vinay Kumar who owns this matchup. Keep away from V Sehwag who hits them at will.,R Vinay Kumar,V Sehwag,101.7,174.3,7.78,16.0,10,280
RD Chahar,Not Available,Not Available,All-Rounder,Death Over Finisher,"MA Chidambaram Stadium, Chepauk, Chennai > Sheikh Zayed Stadium > Brabourne Stadium, Mumbai > Dubai International Cricket Stadium",Unknown,Not Available,0,Execute standard death-over strategies: wide yorkers and back-of-a-length slower balls.,Vary pace and trajectory. Aim for the rough patches to induce a false shot.,"Play out his deliveries on merit and wait for loose balls. Historically, RM Patidar completely owns this bowler. Emulate that aggressive footprint.","RD Chahar is a Death Over Finisher. Strongest at MA Chidambaram Stadium, Chepauk, Chennai. Keep away from RM Patidar who hits them at will.",Not Available,RM Patidar,101.6,112.6,7.62,7.97,75,1728
M Jansen,Not Available,Not Available,All-Rounder,Death Over Finisher,"Rajiv Gandhi International Stadium, Uppal, Hyderabad > Maharaja Yadavindra Singh International Cricket Stadium, Mullanpur > Sawai Mansingh Stadium, Jaipur > MA Chidambaram Stadium, Chepauk, Chennai",Unknown,Not Available,0,Execute standard death-over strategies: wide yorkers and back-of-a-length slower balls.,Vary pace and trajectory. Aim for the rough patches to induce a false shot.,"Play out his deliveries on merit and wait for loose balls. Historically, Abhishek Sharma completely owns this bowler. Emulate that aggressive footprint.","M Jansen is a Death Over Finisher. Strongest at Rajiv Gandhi International Stadium, Uppal, Hyderabad. Beware of M Pathirana who owns this matchup. Keep away from Abhishek Sharma who hits them at will.",M Pathirana,Abhishek Sharma,101.3,101.7,8.82,10.07,41,956
CR Woakes,Not Available,Not Available,Bowler,Death Over Finisher,"Eden Gardens > Wankhede Stadium, Mumbai > M.Chinnaswamy Stadium > Wankhede Stadium",Unknown,Not Available,0,Execute standard death-over strategies: wide yorkers and back-of-a-length slower balls.,Vary pace and trajectory. Aim for the rough patches to induce a false shot.,"Play out his deliveries on merit and wait for loose balls. Historically, SV Samson completely owns this bowler. Emulate that aggressive footprint.",CR Woakes is a Death Over Finisher. Strongest at Eden Gardens. Keep away from SV Samson who hits them at will.,Not Available,SV Samson,101.3,112.5,8.53,10.05,30,463
Lalit Yadav,Not Available,Not Available,All-Rounder,Middle Order Anchor,"Brabourne Stadium, Mumbai > Wankhede Stadium, Mumbai > MA Chidambaram Stadium, Chepauk, Chennai",Unknown,Backward Point,2,Execute standard death-over strategies: wide yorkers and back-of-a-length slower balls.,Vary pace and trajectory. Aim for the rough patches to induce a false shot.,"Play out his deliveries on merit and wait for loose balls. Historically, JC Buttler completely owns this bowler. Emulate that aggressive footprint.","Lalit Yadav is a Middle Order Anchor. Strongest at Brabourne Stadium, Mumbai. Beware of SP Narine who owns this matchup. Keep away from JC Buttler who hits them at will.",SP Narine,JC Buttler,101.3,110.6,8.67,9.86,10,294
K Rabada,Not Available,Not Available,All-Rounder,Death Over Finisher,"Dubai International Cricket Stadium > Narendra Modi Stadium, Ahmedabad > Sheikh Zayed Stadium > Arun Jaitley Stadium",Unknown,Not Available,0,Execute standard death-over strategies: wide yorkers and back-of-a-length slower balls.,Vary pace and trajectory. Aim for the rough patches to induce a false shot.,"Play out his deliveries on merit and wait for loose balls. Historically, EJG Morgan completely owns this bowler. Emulate that aggressive footprint.",K Rabada is a Death Over Finisher. Strongest at Dubai International Cricket Stadium. Beware of JJ Bumrah who owns this matchup. Keep away from EJG Morgan who hits them at will.,JJ Bumrah,EJG Morgan,101.2,111.5,8.34,9.24,136,2214
W Jaffer,Not Available,Not Available,Batsman,Top Order Aggressor,M Chinnaswamy Stadium,Unknown,Not Available,0,Execute standard death-over strategies: wide yorkers and back-of-a-length slower balls.,Vary pace and trajectory. Aim for the rough patches to induce a false shot.,Target this bowler aggressively. High economy rate suggests frequent boundary deliveries. Look for gaps early. ,W Jaffer is a Top Order Aggressor. Strongest at M Chinnaswamy Stadium.,Not Available,Not Available,100.8,0.0,0.0,0.0,0,0
M Kaif,Not Available,Not Available,Batsman,Middle Order Anchor,Sawai Mansingh Stadium,Unknown,Not Available,0,Execute standard death-over strategies: wide yorkers and back-of-a-length slower balls.,Vary pace and trajectory. Aim for the rough patches to induce a false shot.,Target this bowler aggressively. High economy rate suggests frequent boundary deliveries. Look for gaps early. ,M Kaif is a Middle Order Anchor. Strongest at Sawai Mansingh Stadium. Beware of A Mishra who owns this matchup.,A Mishra,Not Available,100.4,120.0,0.0,0.0,0,0
Mohammed Shami,Not Available,Not Available,All-Rounder,Death Over Finisher,"Narendra Modi Stadium, Ahmedabad > Dubai International Cricket Stadium > Sharjah Cricket Stadium > Wankhede Stadium, Mumbai",Unknown,Not Available,0,Execute standard death-over strategies: wide yorkers and back-of-a-length slower balls.,Vary pace and trajectory. Aim for the rough patches to induce a false shot.,"Play out his deliveries on merit and wait for loose balls. Historically, AD Russell completely owns this bowler. Emulate that aggressive footprint.","Mohammed Shami is a Death Over Finisher. Strongest at Narendra Modi Stadium, Ahmedabad. Keep away from AD Russell who hits them at will.",Not Available,AD Russell,100.0,100.0,8.26,10.23,140,2909
S Aravind,Not Available,Not Available,Bowler,Death Over Finisher,"M Chinnaswamy Stadium > Eden Gardens > MA Chidambaram Stadium, Chepauk > Sawai Mansingh Stadium",Unknown,Not Available,0,Execute standard death-over strategies: wide yorkers and back-of-a-length slower balls.,Vary pace and trajectory. Aim for the rough patches to induce a false shot.,"Play out his deliveries on merit and wait for loose balls. Historically, Ishan Kishan completely owns this bowler. Emulate that aggressive footprint.",S Aravind is a Death Over Finisher. Strongest at M Chinnaswamy Stadium. Keep away from Ishan Kishan who hits them at will.,Not Available,Ishan Kishan,100.0,104.3,7.91,9.27,45,788
CJ Jordan,Not Available,Not Available,Bowler,Death Over Finisher,"M Chinnaswamy Stadium > Dubai International Cricket Stadium > Narendra Modi Stadium, Ahmedabad > Sharjah Cricket Stadium",Unknown,Not Available,0,Execute standard death-over strategies: wide yorkers and back-of-a-length slower balls.,Vary pace and trajectory. Aim for the rough patches to induce a false shot.,"Prime target for the death overs. Attack him aggressively late in the innings as he loses his length under pressure. Historically, Rashid Khan completely owns this bowler. Emulate that aggressive footprint.",CJ Jordan is a Death Over Finisher. Strongest at M Chinnaswamy Stadium. Keep away from Rashid Khan who hits them at will.,Not Available,Rashid Khan,100.0,106.7,9.05,10.72,30,717
GB Hogg,Not Available,Not Available,Bowler,Death Over Finisher,"Eden Gardens > Sawai Mansingh Stadium > Wankhede Stadium > MA Chidambaram Stadium, Chepauk",Unknown,Not Available,0,Execute standard death-over strategies: wide yorkers and back-of-a-length slower balls.,Vary pace and trajectory. Aim for the rough patches to induce a false shot.,"Play out his deliveries on merit and wait for loose balls. Historically, GJ Maxwell completely owns this bowler. Emulate that aggressive footprint.",GB Hogg is a Death Over Finisher. Strongest at Eden Gardens. Keep away from GJ Maxwell who hits them at will.,Not Available,GJ Maxwell,100.0,100.0,7.34,7.68,23,466
AD Mascarenhas,Not Available,Not Available,Bowler,Death Over Finisher,"Punjab Cricket Association Stadium, Mohali > Newlands > Sawai Mansingh Stadium > Brabourne Stadium",Unknown,Not Available,0,Execute standard death-over strategies: wide yorkers and back-of-a-length slower balls.,Vary pace and trajectory. Aim for the rough patches to induce a false shot.,"Play out his deliveries on merit and wait for loose balls. Historically, CH Gayle completely owns this bowler. Emulate that aggressive footprint.","AD Mascarenhas is a Death Over Finisher. Strongest at Punjab Cricket Association Stadium, Mohali. Keep away from CH Gayle who hits them at will.",Not Available,CH Gayle,100.0,119.5,6.89,9.33,19,310
Rasikh Salam,Not Available,Not Available,Bowler,Death Over Finisher,"Arun Jaitley Stadium, Delhi > M Chinnaswamy Stadium, Bengaluru",Unknown,Not Available,0,Execute standard death-over strategies: wide yorkers and back-of-a-length slower balls.,Vary pace and trajectory. Aim for the rough patches to induce a false shot.,"Target this bowler aggressively. High economy rate suggests frequent boundary deliveries. Look for gaps early. Historically, JC Buttler completely owns this bowler. Emulate that aggressive footprint.","Rasikh Salam is a Death Over Finisher. Strongest at Arun Jaitley Stadium, Delhi. Keep away from JC Buttler who hits them at will.",Not Available,JC Buttler,100.0,116.0,9.53,9.69,16,343
SJ Srivastava,Not Available,Not Available,Bowler,Death Over Finisher,"Punjab Cricket Association Stadium, Mohali > Himachal Pradesh Cricket Association Stadium",Unknown,Not Available,0,Execute standard death-over strategies: wide yorkers and back-of-a-length slower balls.,Vary pace and trajectory. Aim for the rough patches to induce a false shot.,"Play out his deliveries on merit and wait for loose balls. Historically, SC Ganguly completely owns this bowler. Emulate that aggressive footprint.","SJ Srivastava is a Death Over Finisher. Strongest at Punjab Cricket Association Stadium, Mohali. Keep away from SC Ganguly who hits them at will.",Not Available,SC Ganguly,100.0,100.0,8.65,8.8,14,306
DG Nalkande,Not Available,Not Available,New Addition,Middle Order Anchor,"Bharat Ratna Shri Atal Bihari Vajpayee Ekana Cricket Stadium, Lucknow",Unknown,Not Available,0,Execute standard death-over strategies: wide yorkers and back-of-a-length slower balls.,Vary pace and trajectory. Aim for the rough patches to induce a false shot.,"Target this bowler aggressively. High economy rate suggests frequent boundary deliveries. Look for gaps early. Historically, LS Livingstone completely owns this bowler. Emulate that aggressive footprint.","DG Nalkande is a Middle Order Anchor. Strongest at Bharat Ratna Shri Atal Bihari Vajpayee Ekana Cricket Stadium, Lucknow.",Not Available,LS Livingstone,100.0,0.0,9.98,9.0,6,89
VS Malik,Not Available,Not Available,Bowler,Death Over Finisher,Neutral Venues,Unknown,Not Available,0,Execute standard death-over strategies: wide yorkers and back-of-a-length slower balls.,Vary pace and trajectory. Aim for the rough patches to induce a false shot.,"Play out his deliveries on merit and wait for loose balls. Historically, S Dhawan completely owns this bowler. Emulate that aggressive footprint.",VS Malik is a Death Over Finisher. Strongest at most grounds. Keep away from S Dhawan who hits them at will.,Not Available,S Dhawan,100.0,100.0,7.39,10.29,6,212
DP Vijaykumar,Not Available,Not Available,Bowler,Death Over Finisher,Neutral Venues,Unknown,Not Available,0,Execute standard death-over strategies: wide yorkers and back-of-a-length slower balls.,Vary pace and trajectory. Aim for the rough patches to induce a false shot.,"Play out his deliveries on merit and wait for loose balls. Historically, SP Fleming completely owns this bowler. Emulate that aggressive footprint.",DP Vijaykumar is a Death Over Finisher. Strongest at most grounds. Keep away from SP Fleming who hits them at will.,Not Available,SP Fleming,100.0,100.0,7.51,10.06,4,159
RJ Peterson,Not Available,Not Available,Batsman,Death Over Finisher,Feroz Shah Kotla,Unknown,Not Available,0,Execute standard death-over strategies: wide yorkers and back-of-a-length slower balls.,Vary pace and trajectory. Aim for the rough patches to induce a false shot.,"Prime target for the death overs. Attack him aggressively late in the innings as he loses his length under pressure. Historically, KP Pietersen completely owns this bowler. Emulate that aggressive footprint.",RJ Peterson is a Death Over Finisher. Strongest at Feroz Shah Kotla.,Not Available,KP Pietersen,100.0,105.6,8.75,13.0,3,48
RJ Gleeson,Not Available,Not Available,New Addition,Death Over Finisher,Neutral Venues,Unknown,Not Available,0,Execute standard death-over strategies: wide yorkers and back-of-a-length slower balls.,Vary pace and trajectory. Aim for the rough patches to induce a false shot.,Target this bowler aggressively. High economy rate suggests frequent boundary deliveries. Look for gaps early. ,RJ Gleeson is a Death Over Finisher. Strongest at most grounds.,Not Available,Not Available,100.0,100.0,9.04,10.5,2,73
PVSN Raju,Not Available,Not Available,New Addition,Death Over Finisher,Neutral Venues,Unknown,Not Available,0,Execute standard death-over strategies: wide yorkers and back-of-a-length slower balls.,Vary pace and trajectory. Aim for the rough patches to induce a false shot.,Target this bowler aggressively. High economy rate suggests frequent boundary deliveries. Look for gaps early. ,PVSN Raju is a Death Over Finisher. Strongest at most grounds.,Not Available,Not Available,100.0,100.0,10.97,10.5,1,29
RG More,Not Available,Not Available,New Addition,Death Over Finisher,Neutral Venues,Unknown,Not Available,0,Execute standard death-over strategies: wide yorkers and back-of-a-length slower balls.,Vary pace and trajectory. Aim for the rough patches to induce a false shot.,"Target this bowler aggressively. High economy rate suggests frequent boundary deliveries. Look for gaps early. Historically, RV Uthappa completely owns this bowler. Emulate that aggressive footprint.",RG More is a Death Over Finisher. Strongest at most grounds.,Not Available,RV Uthappa,100.0,100.0,9.57,8.67,1,37
AR Bawne,Not Available,Not Available,New Addition,Death Over Finisher,Neutral Venues,Unknown,Not Available,0,Execute standard death-over strategies: wide yorkers and back-of-a-length slower balls.,Vary pace and trajectory. Aim for the rough patches to induce a false shot.,Target this bowler aggressively. High economy rate suggests frequent boundary deliveries. Look for gaps early. ,AR Bawne is a Death Over Finisher. Strongest at most grounds.,Not Available,Not Available,100.0,100.0,0.0,0.0,0,0
DJ Malan,Not Available,Not Available,New Addition,Middle Order Anchor,Neutral Venues,Unknown,Not Available,0,Execute standard death-over strategies: wide yorkers and back-of-a-length slower balls.,Vary pace and trajectory. Aim for the rough patches to induce a false shot.,Target this bowler aggressively. High economy rate suggests frequent boundary deliveries. Look for gaps early. ,DJ Malan is a Middle Order Anchor. Strongest at most grounds.,Not Available,Not Available,100.0,0.0,0.0,0.0,0,0
Liton Das,Not Available,Not Available,New Addition,Top Order Aggressor,Neutral Venues,Unknown,Not Available,0,Execute standard death-over strategies: wide yorkers and back-of-a-length slower balls.,Vary pace and trajectory. Aim for the rough patches to induce a false shot.,Target this bowler aggressively. High economy rate suggests frequent boundary deliveries. Look for gaps early. ,Liton Das is a Top Order Aggressor. Strongest at most grounds.,Not Available,Not Available,100.0,0.0,0.0,0.0,0,0
Abdul Basith,Not Available,Not Available,New Addition,Death Over Finisher,Neutral Venues,Unknown,Not Available,0,Execute standard death-over strategies: wide yorkers and back-of-a-length slower balls.,Vary pace and trajectory. Aim for the rough patches to induce a false shot.,Target this bowler aggressively. High economy rate suggests frequent boundary deliveries. Look for gaps early. ,Abdul Basith is a Death Over Finisher. Strongest at most grounds.,Not Available,Not Available,100.0,100.0,0.0,0.0,0,0
MD Shanaka,Not Available,Not Available,New Addition,Middle Order Anchor,Neutral Venues,Unknown,Not Available,0,Execute standard death-over strategies: wide yorkers and back-of-a-length slower balls.,Vary pace and trajectory. Aim for the rough patches to induce a false shot.,Target this bowler aggressively. High economy rate suggests frequent boundary deliveries. Look for gaps early. ,MD Shanaka is a Middle Order Anchor. Strongest at most grounds.,Not Available,Not Available,100.0,100.0,0.0,0.0,0,0
SZ Mulani,Not Available,Not Available,New Addition,Death Over Finisher,Neutral Venues,Unknown,Not Available,0,Execute standard death-over strategies: wide yorkers and back-of-a-length slower balls.,Vary pace and trajectory. Aim for the rough patches to induce a false shot.,Prime target for the death overs. Attack him aggressively late in the innings as he loses his length under pressure. ,SZ Mulani is a Death Over Finisher. Strongest at most grounds.,Not Available,Not Available,100.0,100.0,10.36,15.75,0,33
Kumar Kushagra,Not Available,Not Available,New Addition,Top Order Aggressor,Neutral Venues,Unknown,Not Available,0,Execute standard death-over strategies: wide yorkers and back-of-a-length slower balls.,Vary pace and trajectory. Aim for the rough patches to induce a false shot.,Target this bowler aggressively. High economy rate suggests frequent boundary deliveries. Look for gaps early. ,Kumar Kushagra is a Top Order Aggressor. Strongest at most grounds.,Not Available,Not Available,100.0,0.0,0.0,0.0,0,0
VS Yeligati,Not Available,Not Available,New Addition,Death Over Finisher,Neutral Venues,Unknown,Not Available,0,Execute standard death-over strategies: wide yorkers and back-of-a-length slower balls.,Vary pace and trajectory. Aim for the rough patches to induce a false shot.,"Prime target for the death overs. Attack him aggressively late in the innings as he loses his length under pressure. Historically, LA Pomersbach completely owns this bowler. Emulate that aggressive footprint.",VS Yeligati is a Death Over Finisher. Strongest at most grounds.,Not Available,LA Pomersbach,100.0,100.0,11.06,13.0,0,32
DT Patil,Not Available,Not Available,New Addition,Middle Order Anchor,Neutral Venues,Unknown,Not Available,0,Execute standard death-over strategies: wide yorkers and back-of-a-length slower balls.,Vary pace and trajectory. Aim for the rough patches to induce a false shot.,Target this bowler aggressively. High economy rate suggests frequent boundary deliveries. Look for gaps early. ,DT Patil is a Middle Order Anchor. Strongest at most grounds.,Not Available,Not Available,100.0,400.0,0.0,0.0,0,0
Mashrafe Mortaza,Not Available,Not Available,New Addition,Death Over Finisher,Neutral Venues,Unknown,Not Available,0,Execute standard death-over strategies: wide yorkers and back-of-a-length slower balls.,Vary pace and trajectory. Aim for the rough patches to induce a false shot.,"Prime target for the death overs. Attack him aggressively late in the innings as he loses his length under pressure. Historically, AC Gilchrist completely owns this bowler. Emulate that aggressive footprint.",Mashrafe Mortaza is a Death Over Finisher. Strongest at most grounds.,Not Available,AC Gilchrist,100.0,100.0,12.43,12.8,0,28
NJ Rimmington,Not Available,Not Available,New Addition,Death Over Finisher,Neutral Venues,Unknown,Not Available,0,Execute standard death-over strategies: wide yorkers and back-of-a-length slower balls.,Vary pace and trajectory. Aim for the rough patches to induce a false shot.,Elite threat. Treat with immense respect. Focus on rotating the strike and do not take unnecessary aerial risks. ,NJ Rimmington is a Death Over Finisher. Strongest at most grounds.,Not Available,Not Available,100.0,100.0,6.33,0.0,0,18
AA Jhunjhunwala,Not Available,Not Available,Batsman,Middle Order Anchor,"Sardar Patel Stadium, Motera",Unknown,Not Available,0,Execute standard death-over strategies: wide yorkers and back-of-a-length slower balls.,Vary pace and trajectory. Aim for the rough patches to induce a false shot.,"Prime target for the death overs. Attack him aggressively late in the innings as he loses his length under pressure. Historically, JA Morkel completely owns this bowler. Emulate that aggressive footprint.","AA Jhunjhunwala is a Middle Order Anchor. Strongest at Sardar Patel Stadium, Motera. Beware of JH Kallis who owns this matchup.",JH Kallis,JA Morkel,99.5,130.2,8.8,12.0,1,88
MG Johnson,Not Available,Not Available,All-Rounder,Death Over Finisher,"Wankhede Stadium > Eden Gardens > M Chinnaswamy Stadium > Punjab Cricket Association Stadium, Mohali",Unknown,Not Available,0,Execute standard death-over strategies: wide yorkers and back-of-a-length slower balls.,Vary pace and trajectory. Aim for the rough patches to induce a false shot.,"Play out his deliveries on merit and wait for loose balls. Historically, F du Plessis completely owns this bowler. Emulate that aggressive footprint.",MG Johnson is a Death Over Finisher. Strongest at Wankhede Stadium. Beware of SP Narine who owns this matchup. Keep away from F du Plessis who hits them at will.,SP Narine,F du Plessis,99.4,106.8,7.88,8.98,62,1301
JDS Neesham,Not Available,Not Available,Bowler,Death Over Finisher,Sharjah Cricket Stadium > Sheikh Zayed Stadium,Unknown,Not Available,0,Execute standard death-over strategies: wide yorkers and back-of-a-length slower balls.,Vary pace and trajectory. Aim for the rough patches to induce a false shot.,"Prime target for the death overs. Attack him aggressively late in the innings as he loses his length under pressure. Historically, MK Pandey completely owns this bowler. Emulate that aggressive footprint.",JDS Neesham is a Death Over Finisher. Strongest at Sharjah Cricket Stadium. Keep away from MK Pandey who hits them at will.,Not Available,MK Pandey,98.9,89.4,9.03,20.0,8,222
MS Wade,Not Available,Not Available,Batsman,Top Order Aggressor,"Wankhede Stadium, Mumbai",Unknown,Not Available,0,Execute standard death-over strategies: wide yorkers and back-of-a-length slower balls.,Vary pace and trajectory. Aim for the rough patches to induce a false shot.,Target this bowler aggressively. High economy rate suggests frequent boundary deliveries. Look for gaps early. ,"MS Wade is a Top Order Aggressor. Strongest at Wankhede Stadium, Mumbai. Beware of TA Boult who owns this matchup.",TA Boult,Not Available,98.9,0.0,0.0,0.0,0,0
UT Yadav,Not Available,Not Available,All-Rounder,Death Over Finisher,Feroz Shah Kotla > Eden Gardens > M.Chinnaswamy Stadium > M Chinnaswamy Stadium,Unknown,Not Available,0,Execute standard death-over strategies: wide yorkers and back-of-a-length slower balls.,Vary pace and trajectory. Aim for the rough patches to induce a false shot.,"Play out his deliveries on merit and wait for loose balls. Historically, RR Pant completely owns this bowler. Emulate that aggressive footprint.",UT Yadav is a Death Over Finisher. Strongest at Feroz Shah Kotla. Keep away from RR Pant who hits them at will.,Not Available,RR Pant,98.6,103.5,8.15,9.92,144,3190
HR Shokeen,Not Available,Not Available,Bowler,Middle Order Anchor,"Wankhede Stadium, Mumbai > Dr DY Patil Sports Academy, Mumbai",Unknown,Not Available,0,Execute standard death-over strategies: wide yorkers and back-of-a-length slower balls.,Vary pace and trajectory. Aim for the rough patches to induce a false shot.,"Prime target for the death overs. Attack him aggressively late in the innings as he loses his length under pressure. Historically, MK Pandey completely owns this bowler. Emulate that aggressive footprint.","HR Shokeen is a Middle Order Anchor. Strongest at Wankhede Stadium, Mumbai. Keep away from MK Pandey who hits them at will.",D Pretorius,MK Pandey,98.5,121.1,8.85,24.0,5,213
PA Reddy,Not Available,Not Available,Batsman,Top Order Aggressor,"Rajiv Gandhi International Stadium, Uppal",Unknown,Not Available,0,Execute standard death-over strategies: wide yorkers and back-of-a-length slower balls.,Vary pace and trajectory. Aim for the rough patches to induce a false shot.,Target this bowler aggressively. High economy rate suggests frequent boundary deliveries. Look for gaps early. ,"PA Reddy is a Top Order Aggressor. Strongest at Rajiv Gandhi International Stadium, Uppal. Beware of R Vinay Kumar who owns this matchup.",R Vinay Kumar,Not Available,98.2,300.0,0.0,0.0,0,0
R Rampaul,Not Available,Not Available,Bowler,Death Over Finisher,"M Chinnaswamy Stadium > MA Chidambaram Stadium, Chepauk > Sawai Mansingh Stadium",Unknown,Not Available,0,Execute standard death-over strategies: wide yorkers and back-of-a-length slower balls.,Vary pace and trajectory. Aim for the rough patches to induce a false shot.,"Elite threat. Treat with immense respect. Focus on rotating the strike and do not take unnecessary aerial risks. Historically, IK Pathan completely owns this bowler. Emulate that aggressive footprint.",R Rampaul is a Death Over Finisher. Strongest at M Chinnaswamy Stadium. Keep away from IK Pathan who hits them at will.,Not Available,IK Pathan,98.1,100.0,6.67,11.02,16,278
RJ Quiney,Not Available,Not Available,Batsman,Top Order Aggressor,Kingsmead,Unknown,Not Available,0,Execute standard death-over strategies: wide yorkers and back-of-a-length slower balls.,Vary pace and trajectory. Aim for the rough patches to induce a false shot.,Target this bowler aggressively. High economy rate suggests frequent boundary deliveries. Look for gaps early. ,RJ Quiney is a Top Order Aggressor. Strongest at Kingsmead. Beware of S Tyagi who owns this matchup.,S Tyagi,Not Available,98.1,33.3,0.0,0.0,0,0
N Saini,Not Available,Not Available,Batsman,Top Order Aggressor,Neutral Venues,Unknown,Not Available,0,Execute standard death-over strategies: wide yorkers and back-of-a-length slower balls.,Vary pace and trajectory. Aim for the rough patches to induce a false shot.,Target this bowler aggressively. High economy rate suggests frequent boundary deliveries. Look for gaps early. ,N Saini is a Top Order Aggressor. Strongest at most grounds. Beware of Z Khan who owns this matchup.,Z Khan,Not Available,97.9,87.5,0.0,0.0,0,0
SB Styris,Not Available,Not Available,All-Rounder,Middle Order Anchor,"Newlands > MA Chidambaram Stadium, Chepauk",Unknown,Not Available,0,Execute standard death-over strategies: wide yorkers and back-of-a-length slower balls.,Vary pace and trajectory. Aim for the rough patches to induce a false shot.,"Play out his deliveries on merit and wait for loose balls. Historically, DJ Hussey completely owns this bowler. Emulate that aggressive footprint.",SB Styris is a Middle Order Anchor. Strongest at Newlands. Beware of M Muralitharan who owns this matchup. Keep away from DJ Hussey who hits them at will.,M Muralitharan,DJ Hussey,97.8,142.9,7.46,10.27,8,222
TA Boult,Not Available,Not Available,Bowler,Death Over Finisher,"Wankhede Stadium, Mumbai > Arun Jaitley Stadium > Dubai International Cricket Stadium > MA Chidambaram Stadium, Chepauk, Chennai",Unknown,Not Available,0,Execute standard death-over strategies: wide yorkers and back-of-a-length slower balls.,Vary pace and trajectory. Aim for the rough patches to induce a false shot.,"Play out his deliveries on merit and wait for loose balls. Historically, AB de Villiers completely owns this bowler. Emulate that aggressive footprint.","TA Boult is a Death Over Finisher. Strongest at Wankhede Stadium, Mumbai. Keep away from AB de Villiers who hits them at will.",Not Available,AB de Villiers,97.7,100.0,8.18,10.16,145,2871
AB Barath,Not Available,Not Available,Batsman,Middle Order Anchor,Neutral Venues,Unknown,Not Available,0,Execute standard death-over strategies: wide yorkers and back-of-a-length slower balls.,Vary pace and trajectory. Aim for the rough patches to induce a false shot.,Target this bowler aggressively. High economy rate suggests frequent boundary deliveries. Look for gaps early. ,AB Barath is a Middle Order Anchor. Strongest at most grounds.,Not Available,Not Available,97.7,40.0,0.0,0.0,0,0
NK Patel,Not Available,Not Available,Batsman,Top Order Aggressor,"Punjab Cricket Association Stadium, Mohali",Unknown,Not Available,0,Execute standard death-over strategies: wide yorkers and back-of-a-length slower balls.,Vary pace and trajectory. Aim for the rough patches to induce a false shot.,Target this bowler aggressively. High economy rate suggests frequent boundary deliveries. Look for gaps early. ,"NK Patel is a Top Order Aggressor. Strongest at Punjab Cricket Association Stadium, Mohali. Beware of DW Steyn who owns this matchup.",DW Steyn,Not Available,97.6,160.9,0.0,0.0,0,0
JR Philippe,Not Available,Not Available,Batsman,Top Order Aggressor,Neutral Venues,Unknown,Not Available,0,Execute standard death-over strategies: wide yorkers and back-of-a-length slower balls.,Vary pace and trajectory. Aim for the rough patches to induce a false shot.,Target this bowler aggressively. High economy rate suggests frequent boundary deliveries. Look for gaps early. ,JR Philippe is a Top Order Aggressor. Strongest at most grounds.,Not Available,Not Available,97.5,50.0,0.0,0.0,0,0
CA Pujara,Not Available,Not Available,Batsman,Top Order Aggressor,"Sharjah Cricket Stadium > Eden Gardens > M Chinnaswamy Stadium > Punjab Cricket Association Stadium, Mohali",Unknown,Not Available,0,Execute standard death-over strategies: wide yorkers and back-of-a-length slower balls.,Vary pace and trajectory. Aim for the rough patches to induce a false shot.,Target this bowler aggressively. High economy rate suggests frequent boundary deliveries. Look for gaps early. ,CA Pujara is a Top Order Aggressor. Strongest at Sharjah Cricket Stadium. Beware of SK Trivedi who owns this matchup.,SK Trivedi,Not Available,96.8,109.3,0.0,0.0,0,0
Vishnu Vinod,Not Available,Not Available,Batsman,Middle Order Anchor,Neutral Venues,Unknown,Not Available,0,Execute standard death-over strategies: wide yorkers and back-of-a-length slower balls.,Vary pace and trajectory. Aim for the rough patches to induce a false shot.,Target this bowler aggressively. High economy rate suggests frequent boundary deliveries. Look for gaps early. ,Vishnu Vinod is a Middle Order Anchor. Strongest at most grounds.,Not Available,Not Available,96.6,109.1,0.0,0.0,0,0
JDP Oram,Not Available,Not Available,All-Rounder,Middle Order Anchor,"Kingsmead > MA Chidambaram Stadium, Chepauk > SuperSport Park",Unknown,Not Available,0,Execute standard death-over strategies: wide yorkers and back-of-a-length slower balls.,Vary pace and trajectory. Aim for the rough patches to induce a false shot.,"Play out his deliveries on merit and wait for loose balls. Historically, LRPL Taylor completely owns this bowler. Emulate that aggressive footprint.",JDP Oram is a Middle Order Anchor. Strongest at Kingsmead. Keep away from LRPL Taylor who hits them at will.,Not Available,LRPL Taylor,96.4,121.6,8.58,7.89,9,244
KB Arun Karthik,Not Available,Not Available,Batsman,Death Over Finisher,Neutral Venues,Unknown,Not Available,0,Execute standard death-over strategies: wide yorkers and back-of-a-length slower balls.,Vary pace and trajectory. Aim for the rough patches to induce a false shot.,Target this bowler aggressively. High economy rate suggests frequent boundary deliveries. Look for gaps early. ,KB Arun Karthik is a Death Over Finisher. Strongest at most grounds.,Not Available,Not Available,96.2,83.3,0.0,0.0,0,0
Kartik Tyagi,Not Available,Not Available,Bowler,Death Over Finisher,"Dubai International Cricket Stadium > Eden Gardens, Kolkata > Sheikh Zayed Stadium",Unknown,Not Available,0,Execute standard death-over strategies: wide yorkers and back-of-a-length slower balls.,Vary pace and trajectory. Aim for the rough patches to induce a false shot.,"Target this bowler aggressively. High economy rate suggests frequent boundary deliveries. Look for gaps early. Historically, HH Pandya completely owns this bowler. Emulate that aggressive footprint.",Kartik Tyagi is a Death Over Finisher. Strongest at Dubai International Cricket Stadium. Keep away from HH Pandya who hits them at will.,Not Available,HH Pandya,96.0,87.0,9.3,9.75,24,628
J Arunkumar,Not Available,Not Available,New Addition,Top Order Aggressor,Neutral Venues,Unknown,Not Available,0,Execute standard death-over strategies: wide yorkers and back-of-a-length slower balls.,Vary pace and trajectory. Aim for the rough patches to induce a false shot.,Target this bowler aggressively. High economy rate suggests frequent boundary deliveries. Look for gaps early. ,J Arunkumar is a Top Order Aggressor. Strongest at most grounds.,Not Available,Not Available,95.8,0.0,0.0,0.0,0,0
UBT Chand,Not Available,Not Available,Batsman,Top Order Aggressor,Feroz Shah Kotla > M Chinnaswamy Stadium > Shaheed Veer Narayan Singh International Stadium,Unknown,Not Available,0,Execute standard death-over strategies: wide yorkers and back-of-a-length slower balls.,Vary pace and trajectory. Aim for the rough patches to induce a false shot.,Target this bowler aggressively. High economy rate suggests frequent boundary deliveries. Look for gaps early. ,UBT Chand is a Top Order Aggressor. Strongest at Feroz Shah Kotla. Beware of P Kumar who owns this matchup.,P Kumar,Not Available,95.5,157.9,0.0,0.0,0,0
SP Goswami,Not Available,Not Available,Batsman,Top Order Aggressor,M Chinnaswamy Stadium > Kingsmead,Unknown,Not Available,0,Execute standard death-over strategies: wide yorkers and back-of-a-length slower balls.,Vary pace and trajectory. Aim for the rough patches to induce a false shot.,Target this bowler aggressively. High economy rate suggests frequent boundary deliveries. Look for gaps early. ,SP Goswami is a Top Order Aggressor. Strongest at M Chinnaswamy Stadium. Beware of AB Agarkar who owns this matchup.,AB Agarkar,Not Available,95.4,113.0,0.0,0.0,0,0
NJ Maddinson,Not Available,Not Available,New Addition,Top Order Aggressor,Neutral Venues,Unknown,Not Available,0,Execute standard death-over strategies: wide yorkers and back-of-a-length slower balls.,Vary pace and trajectory. Aim for the rough patches to induce a false shot.,Target this bowler aggressively. High economy rate suggests frequent boundary deliveries. Look for gaps early. ,NJ Maddinson is a Top Order Aggressor. Strongest at most grounds.,Not Available,Not Available,95.2,0.0,0.0,0.0,0,0
MM Patel,Not Available,Not Available,Bowler,Death Over Finisher,"Wankhede Stadium > Sawai Mansingh Stadium > MA Chidambaram Stadium, Chepauk > Punjab Cricket Association Stadium, Mohali",Unknown,Not Available,0,Execute standard death-over strategies: wide yorkers and back-of-a-length slower balls.,Vary pace and trajectory. Aim for the rough patches to induce a false shot.,"Play out his deliveries on merit and wait for loose balls. Historically, RG Sharma completely owns this bowler. Emulate that aggressive footprint.",MM Patel is a Death Over Finisher. Strongest at Wankhede Stadium. Keep away from RG Sharma who hits them at will.,Not Available,RG Sharma,95.1,102.6,7.37,10.3,74,1382
PR Shah,Not Available,Not Available,Batsman,Middle Order Anchor,Neutral Venues,Unknown,Not Available,0,Execute standard death-over strategies: wide yorkers and back-of-a-length slower balls.,Vary pace and trajectory. Aim for the rough patches to induce a false shot.,Target this bowler aggressively. High economy rate suggests frequent boundary deliveries. Look for gaps early. ,PR Shah is a Middle Order Anchor. Strongest at most grounds.,Not Available,Not Available,94.8,112.5,0.0,0.0,0,0
DS Lehmann,Not Available,Not Available,New Addition,Middle Order Anchor,Neutral Venues,Unknown,Not Available,0,Execute standard death-over strategies: wide yorkers and back-of-a-length slower balls.,Vary pace and trajectory. Aim for the rough patches to induce a false shot.,Target this bowler aggressively. High economy rate suggests frequent boundary deliveries. Look for gaps early. ,DS Lehmann is a Middle Order Anchor. Strongest at most grounds.,Not Available,Not Available,94.7,0.0,0.0,0.0,0,0
RV Gomez,Not Available,Not Available,Batsman,Death Over Finisher,Nehru Stadium,Unknown,Not Available,0,Execute standard death-over strategies: wide yorkers and back-of-a-length slower balls.,Vary pace and trajectory. Aim for the rough patches to induce a false shot.,Prime target for the death overs. Attack him aggressively late in the innings as he loses his length under pressure. ,RV Gomez is a Death Over Finisher. Strongest at Nehru Stadium.,Not Available,Not Available,94.3,111.1,7.98,12.5,5,97
A Nortje,Not Available,Not Available,Bowler,Death Over Finisher,"Dubai International Cricket Stadium > Sharjah Cricket Stadium > Arun Jaitley Stadium, Delhi > Dr DY Patil Sports Academy, Mumbai",Unknown,Not Available,0,Execute standard death-over strategies: wide yorkers and back-of-a-length slower balls.,Vary pace and trajectory. Aim for the rough patches to induce a false shot.,"Play out his deliveries on merit and wait for loose balls. Historically, R Parag completely owns this bowler. Emulate that aggressive footprint.",A Nortje is a Death Over Finisher. Strongest at Dubai International Cricket Stadium. Keep away from R Parag who hits them at will.,Not Available,R Parag,94.2,94.2,8.7,9.64,61,1169
G Coetzee,Not Available,Not Available,Bowler,Death Over Finisher,"Wankhede Stadium, Mumbai > Narendra Modi Stadium, Ahmedabad > Maharaja Yadavindra Singh International Cricket Stadium, Mullanpur",Unknown,Not Available,0,Execute standard death-over strategies: wide yorkers and back-of-a-length slower balls.,Vary pace and trajectory. Aim for the rough patches to induce a false shot.,"Target this bowler aggressively. High economy rate suggests frequent boundary deliveries. Look for gaps early. Historically, R Parag completely owns this bowler. Emulate that aggressive footprint.","G Coetzee is a Death Over Finisher. Strongest at Wankhede Stadium, Mumbai. Keep away from R Parag who hits them at will.",Not Available,R Parag,93.9,95.8,9.7,9.96,15,292
GR Napier,Not Available,Not Available,New Addition,Middle Order Anchor,Neutral Venues,Unknown,Not Available,0,Execute standard death-over strategies: wide yorkers and back-of-a-length slower balls.,Vary pace and trajectory. Aim for the rough patches to induce a false shot.,"Elite threat. Treat with immense respect. Focus on rotating the strike and do not take unnecessary aerial risks. Historically, BJ Hodge completely owns this bowler. Emulate that aggressive footprint.",GR Napier is a Middle Order Anchor. Strongest at most grounds.,Not Available,BJ Hodge,93.8,125.0,6.75,0.0,1,24
RR Sarwan,Not Available,Not Available,Batsman,Top Order Aggressor,Neutral Venues,Unknown,Not Available,0,Execute standard death-over strategies: wide yorkers and back-of-a-length slower balls.,Vary pace and trajectory. Aim for the rough patches to induce a false shot.,Target this bowler aggressively. High economy rate suggests frequent boundary deliveries. Look for gaps early. ,RR Sarwan is a Top Order Aggressor. Strongest at most grounds.,Not Available,Not Available,93.6,0.0,0.0,0.0,0,0
M Klinger,Not Available,Not Available,Batsman,Top Order Aggressor,Neutral Venues,Unknown,Not Available,0,Execute standard death-over strategies: wide yorkers and back-of-a-length slower balls.,Vary pace and trajectory. Aim for the rough patches to induce a false shot.,Target this bowler aggressively. High economy rate suggests frequent boundary deliveries. Look for gaps early. ,M Klinger is a Top Order Aggressor. Strongest at most grounds. Beware of IK Pathan who owns this matchup.,IK Pathan,Not Available,93.6,0.0,0.0,0.0,0,0
SB Jakati,Not Available,Not Available,Bowler,Death Over Finisher,"MA Chidambaram Stadium, Chepauk > New Wanderers Stadium > Buffalo Park > Dr DY Patil Sports Academy",Unknown,Not Available,0,Execute standard death-over strategies: wide yorkers and back-of-a-length slower balls.,Vary pace and trajectory. Aim for the rough patches to induce a false shot.,"Play out his deliveries on merit and wait for loose balls. Historically, NV Ojha completely owns this bowler. Emulate that aggressive footprint.","SB Jakati is a Death Over Finisher. Strongest at MA Chidambaram Stadium, Chepauk. Keep away from NV Ojha who hits them at will.",Not Available,NV Ojha,93.3,93.3,7.91,9.34,47,1101
MC Juneja,Not Available,Not Available,Batsman,Middle Order Anchor,Feroz Shah Kotla,Unknown,Not Available,0,Execute standard death-over strategies: wide yorkers and back-of-a-length slower balls.,Vary pace and trajectory. Aim for the rough patches to induce a false shot.,Target this bowler aggressively. High economy rate suggests frequent boundary deliveries. Look for gaps early. ,MC Juneja is a Middle Order Anchor. Strongest at Feroz Shah Kotla.,Not Available,Not Available,93.3,106.2,0.0,0.0,0,0
MA Starc,Not Available,Not Available,All-Rounder,Death Over Finisher,"M Chinnaswamy Stadium > Dr. Y.S. Rajasekhara Reddy ACA-VDCA Cricket Stadium, Visakhapatnam > Eden Gardens, Kolkata > Arun Jaitley Stadium, Delhi",Unknown,Not Available,0,Execute standard death-over strategies: wide yorkers and back-of-a-length slower balls.,Vary pace and trajectory. Aim for the rough patches to induce a false shot.,"Play out his deliveries on merit and wait for loose balls. Historically, H Klaasen completely owns this bowler. Emulate that aggressive footprint.",MA Starc is a Death Over Finisher. Strongest at M Chinnaswamy Stadium. Keep away from H Klaasen who hits them at will.,Not Available,H Klaasen,92.5,87.1,8.22,8.55,68,1151
MN Samuels,Not Available,Not Available,All-Rounder,Middle Order Anchor,"Subrata Roy Sahara Stadium > MA Chidambaram Stadium, Chepauk > M Chinnaswamy Stadium",Unknown,Not Available,0,Execute standard death-over strategies: wide yorkers and back-of-a-length slower balls.,Vary pace and trajectory. Aim for the rough patches to induce a false shot.,"Play out his deliveries on merit and wait for loose balls. Historically, SK Raina completely owns this bowler. Emulate that aggressive footprint.",MN Samuels is a Middle Order Anchor. Strongest at Subrata Roy Sahara Stadium. Beware of P Kumar who owns this matchup. Keep away from SK Raina who hits them at will.,P Kumar,SK Raina,92.5,147.1,7.78,9.85,9,219
KW Richardson,Not Available,Not Available,Bowler,Death Over Finisher,Sheikh Zayed Stadium > Subrata Roy Sahara Stadium > Maharashtra Cricket Association Stadium,Unknown,Not Available,0,Execute standard death-over strategies: wide yorkers and back-of-a-length slower balls.,Vary pace and trajectory. Aim for the rough patches to induce a false shot.,"Play out his deliveries on merit and wait for loose balls. Historically, DA Warner completely owns this bowler. Emulate that aggressive footprint.",KW Richardson is a Death Over Finisher. Strongest at Sheikh Zayed Stadium. Keep away from DA Warner who hits them at will.,Not Available,DA Warner,92.3,81.0,8.21,10.38,19,345
B Sumanth,Not Available,Not Available,Batsman,Death Over Finisher,Neutral Venues,Unknown,Not Available,0,Execute standard death-over strategies: wide yorkers and back-of-a-length slower balls.,Vary pace and trajectory. Aim for the rough patches to induce a false shot.,Target this bowler aggressively. High economy rate suggests frequent boundary deliveries. Look for gaps early. ,B Sumanth is a Death Over Finisher. Strongest at most grounds.,Not Available,Not Available,92.1,100.0,0.0,0.0,0,0
DS Kulkarni,Not Available,Not Available,All-Rounder,Death Over Finisher,Wankhede Stadium > M Chinnaswamy Stadium > Sawai Mansingh Stadium > Green Park,Unknown,Not Available,0,Execute standard death-over strategies: wide yorkers and back-of-a-length slower balls.,Vary pace and trajectory. Aim for the rough patches to induce a false shot.,"Play out his deliveries on merit and wait for loose balls. Historically, DA Miller completely owns this bowler. Emulate that aggressive footprint.",DS Kulkarni is a Death Over Finisher. Strongest at Wankhede Stadium. Keep away from DA Miller who hits them at will.,Not Available,DA Miller,92.0,96.1,7.91,9.28,86,1876
L Ronchi,Not Available,Not Available,Batsman,Top Order Aggressor,Neutral Venues,Unknown,Not Available,0,Execute standard death-over strategies: wide yorkers and back-of-a-length slower balls.,Vary pace and trajectory. Aim for the rough patches to induce a false shot.,Target this bowler aggressively. High economy rate suggests frequent boundary deliveries. Look for gaps early. ,L Ronchi is a Top Order Aggressor. Strongest at most grounds.,Not Available,Not Available,91.9,0.0,0.0,0.0,0,0
DR Sams,Not Available,Not Available,Bowler,Death Over Finisher,"Wankhede Stadium, Mumbai > Dr DY Patil Sports Academy, Mumbai",Unknown,Not Available,0,Execute standard death-over strategies: wide yorkers and back-of-a-length slower balls.,Vary pace and trajectory. Aim for the rough patches to induce a false shot.,"Prime target for the death overs. Attack him aggressively late in the innings as he loses his length under pressure. Historically, Q de Kock completely owns this bowler. Emulate that aggressive footprint.","DR Sams is a Death Over Finisher. Strongest at Wankhede Stadium, Mumbai. Keep away from Q de Kock who hits them at will.",Not Available,Q de Kock,91.7,103.8,8.07,12.94,14,389
DE Bollinger,Not Available,Not Available,Bowler,Death Over Finisher,"MA Chidambaram Stadium, Chepauk > Dr DY Patil Sports Academy > Wankhede Stadium > Sawai Mansingh Stadium",Unknown,Not Available,0,Execute standard death-over strategies: wide yorkers and back-of-a-length slower balls.,Vary pace and trajectory. Aim for the rough patches to induce a false shot.,"Play out his deliveries on merit and wait for loose balls. Historically, IK Pathan completely owns this bowler. Emulate that aggressive footprint.","DE Bollinger is a Death Over Finisher. Strongest at MA Chidambaram Stadium, Chepauk. Keep away from IK Pathan who hits them at will.",Not Available,IK Pathan,91.3,91.3,6.93,7.24,37,600
Anirudh Singh,Not Available,Not Available,Batsman,Middle Order Anchor,Dr DY Patil Sports Academy,Unknown,Not Available,0,Execute standard death-over strategies: wide yorkers and back-of-a-length slower balls.,Vary pace and trajectory. Aim for the rough patches to induce a false shot.,Target this bowler aggressively. High economy rate suggests frequent boundary deliveries. Look for gaps early. ,Anirudh Singh is a Middle Order Anchor. Strongest at Dr DY Patil Sports Academy. Beware of DW Steyn who owns this matchup.,DW Steyn,Not Available,91.3,92.9,0.0,0.0,0,0
K Goel,Not Available,Not Available,Batsman,Top Order Aggressor,"Punjab Cricket Association Stadium, Mohali > Kingsmead",Unknown,Not Available,0,Execute standard death-over strategies: wide yorkers and back-of-a-length slower balls.,Vary pace and trajectory. Aim for the rough patches to induce a false shot.,Play out his deliveries on merit and wait for loose balls. ,"K Goel is a Top Order Aggressor. Strongest at Punjab Cricket Association Stadium, Mohali. Beware of MS Gony who owns this matchup.",MS Gony,Not Available,91.2,96.8,8.33,0.0,0,67
DJ Jacobs,Not Available,Not Available,Batsman,Top Order Aggressor,Neutral Venues,Unknown,Not Available,0,Execute standard death-over strategies: wide yorkers and back-of-a-length slower balls.,Vary pace and trajectory. Aim for the rough patches to induce a false shot.,Target this bowler aggressively. High economy rate suggests frequent boundary deliveries. Look for gaps early. ,DJ Jacobs is a Top Order Aggressor. Strongest at most grounds. Beware of Z Khan who owns this matchup.,Z Khan,Not Available,91.1,0.0,0.0,0.0,0,0
AD Nath,Not Available,Not Available,Batsman,Middle Order Anchor,Neutral Venues,Unknown,Not Available,0,Execute standard death-over strategies: wide yorkers and back-of-a-length slower balls.,Vary pace and trajectory. Aim for the rough patches to induce a false shot.,Target this bowler aggressively. High economy rate suggests frequent boundary deliveries. Look for gaps early. ,AD Nath is a Middle Order Anchor. Strongest at most grounds.,Not Available,Not Available,90.9,88.0,0.0,0.0,0,0
SK Warne,Not Available,Not Available,All-Rounder,Death Over Finisher,"Sawai Mansingh Stadium > Kingsmead > Newlands > Rajiv Gandhi International Stadium, Uppal",Unknown,Not Available,0,Execute standard death-over strategies: wide yorkers and back-of-a-length slower balls.,Vary pace and trajectory. Aim for the rough patches to induce a false shot.,"Play out his deliveries on merit and wait for loose balls. Historically, JA Morkel completely owns this bowler. Emulate that aggressive footprint.",SK Warne is a Death Over Finisher. Strongest at Sawai Mansingh Stadium. Beware of L Balaji who owns this matchup. Keep away from JA Morkel who hits them at will.,L Balaji,JA Morkel,90.4,102.2,7.1,8.72,57,1223
P Dogra,Not Available,Not Available,Batsman,Middle Order Anchor,Neutral Venues,Unknown,Not Available,0,Execute standard death-over strategies: wide yorkers and back-of-a-length slower balls.,Vary pace and trajectory. Aim for the rough patches to induce a false shot.,Target this bowler aggressively. High economy rate suggests frequent boundary deliveries. Look for gaps early. ,P Dogra is a Middle Order Anchor. Strongest at most grounds. Beware of R Bhatia who owns this matchup.,R Bhatia,Not Available,90.1,114.1,0.0,0.0,0,0
MM Sharma,Not Available,Not Available,All-Rounder,Death Over Finisher,"Narendra Modi Stadium, Ahmedabad > MA Chidambaram Stadium, Chepauk > Punjab Cricket Association IS Bindra Stadium, Mohali > Feroz Shah Kotla",Unknown,Not Available,0,Execute standard death-over strategies: wide yorkers and back-of-a-length slower balls.,Vary pace and trajectory. Aim for the rough patches to induce a false shot.,"Play out his deliveries on merit and wait for loose balls. Historically, WG Jacks completely owns this bowler. Emulate that aggressive footprint.","MM Sharma is a Death Over Finisher. Strongest at Narendra Modi Stadium, Ahmedabad. Keep away from WG Jacks who hits them at will.",Not Available,WG Jacks,89.3,97.8,8.53,9.86,134,2471
R McLaren,Not Available,Not Available,All-Rounder,Middle Order Anchor,M Chinnaswamy Stadium > Dr DY Patil Sports Academy > Brabourne Stadium > Wankhede Stadium,Unknown,Not Available,0,Execute standard death-over strategies: wide yorkers and back-of-a-length slower balls.,Vary pace and trajectory. Aim for the rough patches to induce a false shot.,"Play out his deliveries on merit and wait for loose balls. Historically, CH Gayle completely owns this bowler. Emulate that aggressive footprint.",R McLaren is a Middle Order Anchor. Strongest at M Chinnaswamy Stadium. Beware of WD Parnell who owns this matchup. Keep away from CH Gayle who hits them at will.,WD Parnell,CH Gayle,89.3,113.1,8.74,10.23,12,372
B Kumar,Not Available,Not Available,All-Rounder,Death Over Finisher,"Rajiv Gandhi International Stadium, Uppal > M Chinnaswamy Stadium, Bengaluru > Eden Gardens > Rajiv Gandhi International Stadium, Uppal, Hyderabad",Unknown,Not Available,0,Execute standard death-over strategies: wide yorkers and back-of-a-length slower balls.,Vary pace and trajectory. Aim for the rough patches to induce a false shot.,"Play out his deliveries on merit and wait for loose balls. Historically, A Mhatre completely owns this bowler. Emulate that aggressive footprint.","B Kumar is a Death Over Finisher. Strongest at Rajiv Gandhi International Stadium, Uppal. Beware of C Green who owns this matchup. Keep away from A Mhatre who hits them at will.",C Green,A Mhatre,89.2,91.7,7.41,8.82,215,4596
Imran Tahir,Not Available,Not Available,Bowler,Death Over Finisher,Feroz Shah Kotla > Maharashtra Cricket Association Stadium > MA Chidambaram Stadium > Eden Gardens,Unknown,Not Available,0,Execute standard death-over strategies: wide yorkers and back-of-a-length slower balls.,Vary pace and trajectory. Aim for the rough patches to induce a false shot.,"Play out his deliveries on merit and wait for loose balls. Historically, BB McCullum completely owns this bowler. Emulate that aggressive footprint.",Imran Tahir is a Death Over Finisher. Strongest at Feroz Shah Kotla. Keep away from BB McCullum who hits them at will.,Not Available,BB McCullum,89.2,93.5,7.63,8.96,82,1340
CK Langeveldt,Not Available,Not Available,Bowler,Death Over Finisher,Kingsmead > Himachal Pradesh Cricket Association Stadium,Unknown,Not Available,0,Execute standard death-over strategies: wide yorkers and back-of-a-length slower balls.,Vary pace and trajectory. Aim for the rough patches to induce a false shot.,"Elite threat. Treat with immense respect. Focus on rotating the strike and do not take unnecessary aerial risks. Historically, DA Warner completely owns this bowler. Emulate that aggressive footprint.",CK Langeveldt is a Death Over Finisher. Strongest at Kingsmead. Keep away from DA Warner who hits them at will.,Not Available,DA Warner,88.9,140.0,6.8,7.59,13,165
T Kohler-Cadmore,Not Available,Not Available,Batsman,Top Order Aggressor,Neutral Venues,Unknown,Not Available,0,Execute standard death-over strategies: wide yorkers and back-of-a-length slower balls.,Vary pace and trajectory. Aim for the rough patches to induce a false shot.,Target this bowler aggressively. High economy rate suggests frequent boundary deliveries. Look for gaps early. ,T Kohler-Cadmore is a Top Order Aggressor. Strongest at most grounds.,Not Available,Not Available,88.9,0.0,0.0,0.0,0,0
SW Tait,Not Available,Not Available,Bowler,Death Over Finisher,"Punjab Cricket Association Stadium, Mohali > Sardar Patel Stadium, Motera > Sawai Mansingh Stadium > Subrata Roy Sahara Stadium",Unknown,Not Available,0,Execute standard death-over strategies: wide yorkers and back-of-a-length slower balls.,Vary pace and trajectory. Aim for the rough patches to induce a false shot.,"Play out his deliveries on merit and wait for loose balls. Historically, DA Warner completely owns this bowler. Emulate that aggressive footprint.","SW Tait is a Death Over Finisher. Strongest at Punjab Cricket Association Stadium, Mohali. Keep away from DA Warner who hits them at will.",Not Available,DA Warner,88.5,76.5,7.19,7.81,23,534
HE van der Dussen,Not Available,Not Available,New Addition,Middle Order Anchor,Neutral Venues,Unknown,Not Available,0,Execute standard death-over strategies: wide yorkers and back-of-a-length slower balls.,Vary pace and trajectory. Aim for the rough patches to induce a false shot.,Target this bowler aggressively. High economy rate suggests frequent boundary deliveries. Look for gaps early. ,HE van der Dussen is a Middle Order Anchor. Strongest at most grounds.,Not Available,Not Available,88.0,120.0,0.0,0.0,0,0
AN Ghosh,Not Available,Not Available,New Addition,Top Order Aggressor,Neutral Venues,Unknown,Not Available,0,Execute standard death-over strategies: wide yorkers and back-of-a-length slower balls.,Vary pace and trajectory. Aim for the rough patches to induce a false shot.,Target this bowler aggressively. High economy rate suggests frequent boundary deliveries. Look for gaps early. ,AN Ghosh is a Top Order Aggressor. Strongest at most grounds.,Not Available,Not Available,87.5,0.0,0.0,0.0,0,0
Navdeep Saini,Not Available,Not Available,Bowler,Death Over Finisher,"M.Chinnaswamy Stadium > Dubai International Cricket Stadium > Himachal Pradesh Cricket Association Stadium, Dharamsala > Sheikh Zayed Stadium",Unknown,Not Available,0,Execute standard death-over strategies: wide yorkers and back-of-a-length slower balls.,Vary pace and trajectory. Aim for the rough patches to induce a false shot.,"Play out his deliveries on merit and wait for loose balls. Historically, Ishan Kishan completely owns this bowler. Emulate that aggressive footprint.",Navdeep Saini is a Death Over Finisher. Strongest at M.Chinnaswamy Stadium. Keep away from Ishan Kishan who hits them at will.,Not Available,Ishan Kishan,86.8,103.7,8.41,8.81,24,701
A Mishra,Not Available,Not Available,All-Rounder,Death Over Finisher,"Feroz Shah Kotla > Rajiv Gandhi International Stadium, Uppal > Arun Jaitley Stadium > Maharashtra Cricket Association Stadium",Unknown,Not Available,0,Execute standard death-over strategies: wide yorkers and back-of-a-length slower balls.,Vary pace and trajectory. Aim for the rough patches to induce a false shot.,"Play out his deliveries on merit and wait for loose balls. Historically, KL Rahul completely owns this bowler. Emulate that aggressive footprint.",A Mishra is a Death Over Finisher. Strongest at Feroz Shah Kotla. Beware of SL Malinga who owns this matchup. Keep away from KL Rahul who hits them at will.,SL Malinga,KL Rahul,86.6,98.5,7.22,9.09,174,3444
Basil Thampi,Not Available,Not Available,Bowler,Death Over Finisher,"Saurashtra Cricket Association Stadium > Brabourne Stadium, Mumbai > Wankhede Stadium > Maharashtra Cricket Association Stadium",Unknown,Not Available,0,Execute standard death-over strategies: wide yorkers and back-of-a-length slower balls.,Vary pace and trajectory. Aim for the rough patches to induce a false shot.,"Prime target for the death overs. Attack him aggressively late in the innings as he loses his length under pressure. Historically, JC Buttler completely owns this bowler. Emulate that aggressive footprint.",Basil Thampi is a Death Over Finisher. Strongest at Saurashtra Cricket Association Stadium. Keep away from JC Buttler who hits them at will.,Not Available,JC Buttler,86.5,90.6,9.42,10.97,22,539
GH Vihari,Not Available,Not Available,Batsman,Middle Order Anchor,"Rajiv Gandhi International Stadium, Uppal > Wankhede Stadium",Unknown,Not Available,0,Execute standard death-over strategies: wide yorkers and back-of-a-length slower balls.,Vary pace and trajectory. Aim for the rough patches to induce a false shot.,Elite threat. Treat with immense respect. Focus on rotating the strike and do not take unnecessary aerial risks. ,"GH Vihari is a Middle Order Anchor. Strongest at Rajiv Gandhi International Stadium, Uppal. Beware of B Kumar who owns this matchup.",B Kumar,Not Available,85.8,114.3,6.56,0.0,1,43
R Sharma,Not Available,Not Available,Bowler,Death Over Finisher,"Subrata Roy Sahara Stadium > Dr DY Patil Sports Academy > Punjab Cricket Association Stadium, Mohali > Sawai Mansingh Stadium",Unknown,Not Available,0,Execute standard death-over strategies: wide yorkers and back-of-a-length slower balls.,Vary pace and trajectory. Aim for the rough patches to induce a false shot.,"Play out his deliveries on merit and wait for loose balls. Historically, CH Gayle completely owns this bowler. Emulate that aggressive footprint.",R Sharma is a Death Over Finisher. Strongest at Subrata Roy Sahara Stadium. Keep away from CH Gayle who hits them at will.,Not Available,CH Gayle,85.7,86.7,6.97,8.77,40,935
BA Bhatt,Not Available,Not Available,Bowler,Death Over Finisher,"Punjab Cricket Association Stadium, Mohali > Eden Gardens",Unknown,Not Available,0,Execute standard death-over strategies: wide yorkers and back-of-a-length slower balls.,Vary pace and trajectory. Aim for the rough patches to induce a false shot.,"Play out his deliveries on merit and wait for loose balls. Historically, JEC Franklin completely owns this bowler. Emulate that aggressive footprint.","BA Bhatt is a Death Over Finisher. Strongest at Punjab Cricket Association Stadium, Mohali. Keep away from JEC Franklin who hits them at will.",Not Available,JEC Franklin,85.7,85.7,7.86,9.05,12,303
SS Shaikh,Not Available,Not Available,New Addition,Middle Order Anchor,Neutral Venues,Unknown,Not Available,0,Execute standard death-over strategies: wide yorkers and back-of-a-length slower balls.,Vary pace and trajectory. Aim for the rough patches to induce a false shot.,Target this bowler aggressively. High economy rate suggests frequent boundary deliveries. Look for gaps early. ,SS Shaikh is a Middle Order Anchor. Strongest at most grounds.,Not Available,Not Available,85.7,0.0,0.0,0.0,0,0
Mohammed Siraj,Not Available,Not Available,All-Rounder,Death Over Finisher,"M Chinnaswamy Stadium, Bengaluru > Narendra Modi Stadium, Ahmedabad > Sheikh Zayed Stadium > M.Chinnaswamy Stadium",Unknown,Fine Leg,15,Execute standard death-over strategies: wide yorkers and back-of-a-length slower balls.,Vary pace and trajectory. Aim for the rough patches to induce a false shot.,"Play out his deliveries on merit and wait for loose balls. Historically, CH Gayle completely owns this bowler. Emulate that aggressive footprint.","Mohammed Siraj is a Death Over Finisher. Strongest at M Chinnaswamy Stadium, Bengaluru. Beware of DJ Bravo who owns this matchup. Keep away from CH Gayle who hits them at will.",DJ Bravo,CH Gayle,85.5,85.5,8.18,9.37,118,2652
SL Malinga,Not Available,Not Available,All-Rounder,Death Over Finisher,"Wankhede Stadium > Feroz Shah Kotla > Dr DY Patil Sports Academy > Rajiv Gandhi International Stadium, Uppal",Unknown,Not Available,0,Execute standard death-over strategies: wide yorkers and back-of-a-length slower balls.,Vary pace and trajectory. Aim for the rough patches to induce a false shot.,"Elite threat. Treat with immense respect. Focus on rotating the strike and do not take unnecessary aerial risks. Historically, HM Amla completely owns this bowler. Emulate that aggressive footprint.",SL Malinga is a Death Over Finisher. Strongest at Wankhede Stadium. Keep away from HM Amla who hits them at will.,Not Available,HM Amla,85.4,86.9,6.8,7.48,170,2974
PWH de Silva,Not Available,Not Available,Bowler,Death Over Finisher,"Wankhede Stadium, Mumbai > Dr DY Patil Sports Academy, Mumbai > Maharashtra Cricket Association Stadium, Pune > M Chinnaswamy Stadium, Bengaluru",Unknown,Not Available,0,Execute standard death-over strategies: wide yorkers and back-of-a-length slower balls.,Vary pace and trajectory. Aim for the rough patches to induce a false shot.,"Play out his deliveries on merit and wait for loose balls. Historically, SA Yadav completely owns this bowler. Emulate that aggressive footprint.","PWH de Silva is a Death Over Finisher. Strongest at Wankhede Stadium, Mumbai. Keep away from SA Yadav who hits them at will.",Not Available,SA Yadav,85.3,98.2,8.31,8.11,46,808
BMAJ Mendis,Not Available,Not Available,New Addition,Middle Order Anchor,Neutral Venues,Unknown,Not Available,0,Execute standard death-over strategies: wide yorkers and back-of-a-length slower balls.,Vary pace and trajectory. Aim for the rough patches to induce a false shot.,Play out his deliveries on merit and wait for loose balls. ,BMAJ Mendis is a Middle Order Anchor. Strongest at most grounds.,Not Available,Not Available,85.2,0.0,7.2,0.0,1,30
Parvez Rasool,Not Available,Not Available,Bowler,Death Over Finisher,Neutral Venues,Unknown,Not Available,0,Execute standard death-over strategies: wide yorkers and back-of-a-length slower balls.,Vary pace and trajectory. Aim for the rough patches to induce a false shot.,"Play out his deliveries on merit and wait for loose balls. Historically, SS Tiwary completely owns this bowler. Emulate that aggressive footprint.",Parvez Rasool is a Death Over Finisher. Strongest at most grounds. Keep away from SS Tiwary who hits them at will.,Not Available,SS Tiwary,85.0,85.0,8.13,0.0,4,200
SB Bangar,Not Available,Not Available,Bowler,Middle Order Anchor,Neutral Venues,Unknown,Not Available,0,Execute standard death-over strategies: wide yorkers and back-of-a-length slower balls.,Vary pace and trajectory. Aim for the rough patches to induce a false shot.,"Prime target for the death overs. Attack him aggressively late in the innings as he loses his length under pressure. Historically, SE Marsh completely owns this bowler. Emulate that aggressive footprint.",SB Bangar is a Middle Order Anchor. Strongest at most grounds. Keep away from SE Marsh who hits them at will.,Not Available,SE Marsh,84.5,139.1,8.59,14.0,4,153
AS Joseph,Not Available,Not Available,Bowler,Death Over Finisher,"Rajiv Gandhi International Stadium > Narendra Modi Stadium, Ahmedabad > Wankhede Stadium, Mumbai",Unknown,Not Available,0,Execute standard death-over strategies: wide yorkers and back-of-a-length slower balls.,Vary pace and trajectory. Aim for the rough patches to induce a false shot.,"Target this bowler aggressively. High economy rate suggests frequent boundary deliveries. Look for gaps early. Historically, JC Buttler completely owns this bowler. Emulate that aggressive footprint.",AS Joseph is a Death Over Finisher. Strongest at Rajiv Gandhi International Stadium. Keep away from JC Buttler who hits them at will.,Not Available,JC Buttler,84.4,82.8,9.13,8.83,21,454
JJ Bumrah,Not Available,Not Available,Bowler,Death Over Finisher,"Wankhede Stadium > Wankhede Stadium, Mumbai > Dubai International Cricket Stadium > Sheikh Zayed Stadium",Unknown,Not Available,0,Execute standard death-over strategies: wide yorkers and back-of-a-length slower balls.,Vary pace and trajectory. Aim for the rough patches to induce a false shot.,"Play out his deliveries on merit and wait for loose balls. Historically, JP Duminy completely owns this bowler. Emulate that aggressive footprint.",JJ Bumrah is a Death Over Finisher. Strongest at Wankhede Stadium. Keep away from JP Duminy who hits them at will.,Not Available,JP Duminy,84.3,79.3,7.07,7.91,188,3667
MP Yadav,Not Available,Not Available,Bowler,Death Over Finisher,"Bharat Ratna Shri Atal Bihari Vajpayee Ekana Cricket Stadium, Lucknow > M Chinnaswamy Stadium, Bengaluru",Unknown,Not Available,0,Execute standard death-over strategies: wide yorkers and back-of-a-length slower balls.,Vary pace and trajectory. Aim for the rough patches to induce a false shot.,"Target this bowler aggressively. High economy rate suggests frequent boundary deliveries. Look for gaps early. Historically, P Simran Singh completely owns this bowler. Emulate that aggressive footprint.","MP Yadav is a Death Over Finisher. Strongest at Bharat Ratna Shri Atal Bihari Vajpayee Ekana Cricket Stadium, Lucknow. Keep away from P Simran Singh who hits them at will.",Not Available,P Simran Singh,83.3,83.3,9.39,9.56,9,154
Z Khan,Not Available,Not Available,All-Rounder,Death Over Finisher,M Chinnaswamy Stadium > Feroz Shah Kotla > Brabourne Stadium > Wankhede Stadium,Unknown,Not Available,0,Execute standard death-over strategies: wide yorkers and back-of-a-length slower balls.,Vary pace and trajectory. Aim for the rough patches to induce a false shot.,"Play out his deliveries on merit and wait for loose balls. Historically, JD Ryder completely owns this bowler. Emulate that aggressive footprint.",Z Khan is a Death Over Finisher. Strongest at M Chinnaswamy Stadium. Keep away from JD Ryder who hits them at will.,Not Available,JD Ryder,83.0,99.1,7.33,8.86,102,2276
DJ Willey,Not Available,Not Available,Bowler,Middle Order Anchor,"Eden Gardens, Kolkata",Unknown,Not Available,0,Execute standard death-over strategies: wide yorkers and back-of-a-length slower balls.,Vary pace and trajectory. Aim for the rough patches to induce a false shot.,"Play out his deliveries on merit and wait for loose balls. Historically, S Dhawan completely owns this bowler. Emulate that aggressive footprint.","DJ Willey is a Middle Order Anchor. Strongest at Eden Gardens, Kolkata. Keep away from S Dhawan who hits them at will.",SP Narine,S Dhawan,82.8,109.1,7.38,9.45,6,221
R Shukla,Not Available,Not Available,Bowler,Death Over Finisher,Feroz Shah Kotla,Unknown,Not Available,0,Execute standard death-over strategies: wide yorkers and back-of-a-length slower balls.,Vary pace and trajectory. Aim for the rough patches to induce a false shot.,"Prime target for the death overs. Attack him aggressively late in the innings as he loses his length under pressure. Historically, AM Rahane completely owns this bowler. Emulate that aggressive footprint.",R Shukla is a Death Over Finisher. Strongest at Feroz Shah Kotla. Keep away from AM Rahane who hits them at will.,Not Available,AM Rahane,82.6,81.8,9.6,12.17,5,130
A Mukund,Not Available,Not Available,New Addition,Top Order Aggressor,Neutral Venues,Unknown,Not Available,0,Execute standard death-over strategies: wide yorkers and back-of-a-length slower balls.,Vary pace and trajectory. Aim for the rough patches to induce a false shot.,Target this bowler aggressively. High economy rate suggests frequent boundary deliveries. Look for gaps early. ,A Mukund is a Top Order Aggressor. Strongest at most grounds.,Not Available,Not Available,82.6,0.0,0.0,0.0,0,0
CJ Ferguson,Not Available,Not Available,Batsman,Middle Order Anchor,Neutral Venues,Unknown,Not Available,0,Execute standard death-over strategies: wide yorkers and back-of-a-length slower balls.,Vary pace and trajectory. Aim for the rough patches to induce a false shot.,Target this bowler aggressively. High economy rate suggests frequent boundary deliveries. Look for gaps early. ,CJ Ferguson is a Middle Order Anchor. Strongest at most grounds.,Not Available,Not Available,82.4,95.8,0.0,0.0,0,0
T Banton,Not Available,Not Available,New Addition,Top Order Aggressor,Neutral Venues,Unknown,Not Available,0,Execute standard death-over strategies: wide yorkers and back-of-a-length slower balls.,Vary pace and trajectory. Aim for the rough patches to induce a false shot.,Target this bowler aggressively. High economy rate suggests frequent boundary deliveries. Look for gaps early. ,T Banton is a Top Order Aggressor. Strongest at most grounds.,Not Available,Not Available,81.8,0.0,0.0,0.0,0,0
S Sriram,Not Available,Not Available,Batsman,Middle Order Anchor,Neutral Venues,Unknown,Not Available,0,Execute standard death-over strategies: wide yorkers and back-of-a-length slower balls.,Vary pace and trajectory. Aim for the rough patches to induce a false shot.,Target this bowler aggressively. High economy rate suggests frequent boundary deliveries. Look for gaps early. ,S Sriram is a Middle Order Anchor. Strongest at most grounds.,Not Available,Not Available,81.6,0.0,16.33,0.0,0,18
Mohsin Khan,Not Available,Not Available,Bowler,Death Over Finisher,"Bharat Ratna Shri Atal Bihari Vajpayee Ekana Cricket Stadium, Lucknow > Wankhede Stadium, Mumbai > Maharashtra Cricket Association Stadium, Pune > Dr DY Patil Sports Academy, Mumbai",Unknown,Not Available,0,Execute standard death-over strategies: wide yorkers and back-of-a-length slower balls.,Vary pace and trajectory. Aim for the rough patches to induce a false shot.,"Play out his deliveries on merit and wait for loose balls. Historically, TH David completely owns this bowler. Emulate that aggressive footprint.","Mohsin Khan is a Death Over Finisher. Strongest at Bharat Ratna Shri Atal Bihari Vajpayee Ekana Cricket Stadium, Lucknow. Keep away from TH David who hits them at will.",Not Available,TH David,80.6,85.7,7.84,9.48,36,605
I Sharma,Not Available,Not Available,Bowler,Death Over Finisher,"Rajiv Gandhi International Stadium, Uppal > Wankhede Stadium > Arun Jaitley Stadium, Delhi > Narendra Modi Stadium, Ahmedabad",Unknown,Not Available,0,Execute standard death-over strategies: wide yorkers and back-of-a-length slower balls.,Vary pace and trajectory. Aim for the rough patches to induce a false shot.,"Play out his deliveries on merit and wait for loose balls. Historically, JM Sharma completely owns this bowler. Emulate that aggressive footprint.","I Sharma is a Death Over Finisher. Strongest at Rajiv Gandhi International Stadium, Uppal. Keep away from JM Sharma who hits them at will.",Not Available,JM Sharma,80.3,78.9,7.96,10.21,96,2546
AG Paunikar,Not Available,Not Available,Batsman,Top Order Aggressor,Neutral Venues,Unknown,Not Available,0,Execute standard death-over strategies: wide yorkers and back-of-a-length slower balls.,Vary pace and trajectory. Aim for the rough patches to induce a false shot.,Target this bowler aggressively. High economy rate suggests frequent boundary deliveries. Look for gaps early. ,AG Paunikar is a Top Order Aggressor. Strongest at most grounds.,Not Available,Not Available,80.3,0.0,0.0,0.0,0,0
Mujeeb Ur Rahman,Not Available,Not Available,Bowler,Death Over Finisher,"Holkar Cricket Stadium > Sawai Mansingh Stadium > Punjab Cricket Association IS Bindra Stadium > MA Chidambaram Stadium, Chepauk, Chennai",Unknown,Not Available,0,Execute standard death-over strategies: wide yorkers and back-of-a-length slower balls.,Vary pace and trajectory. Aim for the rough patches to induce a false shot.,"Prime target for the death overs. Attack him aggressively late in the innings as he loses his length under pressure. Historically, KD Karthik completely owns this bowler. Emulate that aggressive footprint.",Mujeeb Ur Rahman is a Death Over Finisher. Strongest at Holkar Cricket Stadium. Keep away from KD Karthik who hits them at will.,Not Available,KD Karthik,80.0,91.7,8.0,11.06,20,465
GD McGrath,Not Available,Not Available,Bowler,Death Over Finisher,Feroz Shah Kotla,Unknown,Not Available,0,Execute standard death-over strategies: wide yorkers and back-of-a-length slower balls.,Vary pace and trajectory. Aim for the rough patches to induce a false shot.,"Elite threat. Treat with immense respect. Focus on rotating the strike and do not take unnecessary aerial risks. Historically, SM Katich completely owns this bowler. Emulate that aggressive footprint.",GD McGrath is a Death Over Finisher. Strongest at Feroz Shah Kotla. Keep away from SM Katich who hits them at will.,Not Available,SM Katich,80.0,80.0,6.51,8.96,12,329
FH Edwards,Not Available,Not Available,Bowler,Death Over Finisher,Kingsmead,Unknown,Not Available,0,Execute standard death-over strategies: wide yorkers and back-of-a-length slower balls.,Vary pace and trajectory. Aim for the rough patches to induce a false shot.,Elite threat. Treat with immense respect. Focus on rotating the strike and do not take unnecessary aerial risks. ,FH Edwards is a Death Over Finisher. Strongest at Kingsmead.,Not Available,Not Available,80.0,80.0,6.16,8.79,5,150
A Dananjaya,Not Available,Not Available,New Addition,Death Over Finisher,Neutral Venues,Unknown,Not Available,0,Execute standard death-over strategies: wide yorkers and back-of-a-length slower balls.,Vary pace and trajectory. Aim for the rough patches to induce a false shot.,"Target this bowler aggressively. High economy rate suggests frequent boundary deliveries. Look for gaps early. Historically, JJ Roy completely owns this bowler. Emulate that aggressive footprint.",A Dananjaya is a Death Over Finisher. Strongest at most grounds.,Not Available,JJ Roy,80.0,80.0,11.28,0.0,0,25
Kuldeep Yadav,Not Available,Not Available,All-Rounder,Death Over Finisher,"Eden Gardens > Arun Jaitley Stadium, Delhi > Brabourne Stadium, Mumbai > Wankhede Stadium, Mumbai",Unknown,Not Available,0,Target primary weakness: Exploit raw pace. Use well-directed bouncers at the body and yorkers to trap them.,Alternate Tactic (Spin): Toss it up wide of off-stump. Force them to generate their own power by taking the pace off.,"Play out his deliveries on merit and wait for loose balls. Historically, Abhishek Sharma completely owns this bowler. Emulate that aggressive footprint.",Kuldeep Yadav is a Death Over Finisher. Strongest at Eden Gardens. Beware of Arshdeep Singh who owns this matchup. Keep away from Abhishek Sharma who hits them at will.,Arshdeep Singh,Abhishek Sharma,79.8,86.6,8.06,8.37,109,2275
M Rawat,Not Available,Not Available,Batsman,Death Over Finisher,Neutral Venues,Unknown,Not Available,0,Execute standard death-over strategies: wide yorkers and back-of-a-length slower balls.,Vary pace and trajectory. Aim for the rough patches to induce a false shot.,Target this bowler aggressively. High economy rate suggests frequent boundary deliveries. Look for gaps early. ,M Rawat is a Death Over Finisher. Strongest at most grounds.,Not Available,Not Available,78.6,87.0,0.0,0.0,0,0
AA Bilakhia,Not Available,Not Available,Batsman,Death Over Finisher,Neutral Venues,Unknown,Not Available,0,Execute standard death-over strategies: wide yorkers and back-of-a-length slower balls.,Vary pace and trajectory. Aim for the rough patches to induce a false shot.,Target this bowler aggressively. High economy rate suggests frequent boundary deliveries. Look for gaps early. ,AA Bilakhia is a Death Over Finisher. Strongest at most grounds. Beware of A Nehra who owns this matchup.,A Nehra,Not Available,78.4,105.9,0.0,0.0,0,0
Ankit Soni,Not Available,Not Available,New Addition,Death Over Finisher,Neutral Venues,Unknown,Not Available,0,Execute standard death-over strategies: wide yorkers and back-of-a-length slower balls.,Vary pace and trajectory. Aim for the rough patches to induce a false shot.,"Prime target for the death overs. Attack him aggressively late in the innings as he loses his length under pressure. Historically, MS Dhoni completely owns this bowler. Emulate that aggressive footprint.",Ankit Soni is a Death Over Finisher. Strongest at most grounds.,Not Available,MS Dhoni,77.8,77.8,7.71,24.0,2,112
AJ Turner,Not Available,Not Available,Batsman,Death Over Finisher,Neutral Venues,Unknown,Not Available,0,Execute standard death-over strategies: wide yorkers and back-of-a-length slower balls.,Vary pace and trajectory. Aim for the rough patches to induce a false shot.,Target this bowler aggressively. High economy rate suggests frequent boundary deliveries. Look for gaps early. ,AJ Turner is a Death Over Finisher. Strongest at most grounds.,Not Available,Not Available,77.4,36.8,0.0,0.0,0,0
J Theron,Not Available,Not Available,Bowler,Death Over Finisher,"MA Chidambaram Stadium, Chepauk",Unknown,Not Available,0,Execute standard death-over strategies: wide yorkers and back-of-a-length slower balls.,Vary pace and trajectory. Aim for the rough patches to induce a false shot.,"Play out his deliveries on merit and wait for loose balls. Historically, M Manhas completely owns this bowler. Emulate that aggressive footprint.","J Theron is a Death Over Finisher. Strongest at MA Chidambaram Stadium, Chepauk. Keep away from M Manhas who hits them at will.",Not Available,M Manhas,76.9,76.9,7.71,8.13,11,235
D du Preez,Not Available,Not Available,New Addition,Death Over Finisher,New Wanderers Stadium,Unknown,Not Available,0,Execute standard death-over strategies: wide yorkers and back-of-a-length slower balls.,Vary pace and trajectory. Aim for the rough patches to induce a false shot.,Prime target for the death overs. Attack him aggressively late in the innings as he loses his length under pressure. ,D du Preez is a Death Over Finisher. Strongest at New Wanderers Stadium.,Not Available,Not Available,76.9,77.8,7.81,13.71,4,43
Anureet Singh,Not Available,Not Available,Bowler,Death Over Finisher,"Maharashtra Cricket Association Stadium > Punjab Cricket Association Stadium, Mohali > Eden Gardens",Unknown,Not Available,0,Execute standard death-over strategies: wide yorkers and back-of-a-length slower balls.,Vary pace and trajectory. Aim for the rough patches to induce a false shot.,"Prime target for the death overs. Attack him aggressively late in the innings as he loses his length under pressure. Historically, AD Russell completely owns this bowler. Emulate that aggressive footprint.",Anureet Singh is a Death Over Finisher. Strongest at Maharashtra Cricket Association Stadium. Keep away from AD Russell who hits them at will.,Not Available,AD Russell,76.6,84.2,8.69,10.51,18,430
Mohammad Hafeez,Not Available,Not Available,Batsman,Middle Order Anchor,Neutral Venues,Unknown,Not Available,0,Execute standard death-over strategies: wide yorkers and back-of-a-length slower balls.,Vary pace and trajectory. Aim for the rough patches to induce a false shot.,"Elite threat. Treat with immense respect. Focus on rotating the strike and do not take unnecessary aerial risks. Historically, A Symonds completely owns this bowler. Emulate that aggressive footprint.",Mohammad Hafeez is a Middle Order Anchor. Strongest at most grounds.,Not Available,A Symonds,76.2,111.1,6.48,0.0,2,63
IR Jaggi,Not Available,Not Available,Batsman,Middle Order Anchor,Neutral Venues,Unknown,Not Available,0,Execute standard death-over strategies: wide yorkers and back-of-a-length slower balls.,Vary pace and trajectory. Aim for the rough patches to induce a false shot.,Target this bowler aggressively. High economy rate suggests frequent boundary deliveries. Look for gaps early. ,IR Jaggi is a Middle Order Anchor. Strongest at most grounds.,Not Available,Not Available,76.0,86.7,0.0,0.0,0,0
P Ray Barman,Not Available,Not Available,New Addition,Middle Order Anchor,Neutral Venues,Unknown,Not Available,0,Execute standard death-over strategies: wide yorkers and back-of-a-length slower balls.,Vary pace and trajectory. Aim for the rough patches to induce a false shot.,"Prime target for the death overs. Attack him aggressively late in the innings as he loses his length under pressure. Historically, JM Bairstow completely owns this bowler. Emulate that aggressive footprint.",P Ray Barman is a Middle Order Anchor. Strongest at most grounds.,Not Available,JM Bairstow,76.0,0.0,14.0,20.0,0,24
Sandeep Sharma,Not Available,Not Available,Bowler,Death Over Finisher,"Punjab Cricket Association IS Bindra Stadium, Mohali > Rajiv Gandhi International Stadium > Dubai International Cricket Stadium > Sawai Mansingh Stadium, Jaipur",Unknown,Not Available,0,Execute standard death-over strategies: wide yorkers and back-of-a-length slower balls.,Vary pace and trajectory. Aim for the rough patches to induce a false shot.,"Play out his deliveries on merit and wait for loose balls. Historically, T Stubbs completely owns this bowler. Emulate that aggressive footprint.","Sandeep Sharma is a Death Over Finisher. Strongest at Punjab Cricket Association IS Bindra Stadium, Mohali. Keep away from T Stubbs who hits them at will.",Not Available,T Stubbs,75.9,75.0,7.81,9.92,151,3277
S Chanderpaul,Not Available,Not Available,Batsman,Top Order Aggressor,Neutral Venues,Unknown,Not Available,0,Execute standard death-over strategies: wide yorkers and back-of-a-length slower balls.,Vary pace and trajectory. Aim for the rough patches to induce a false shot.,Target this bowler aggressively. High economy rate suggests frequent boundary deliveries. Look for gaps early. ,S Chanderpaul is a Top Order Aggressor. Strongest at most grounds.,Not Available,Not Available,75.8,0.0,0.0,0.0,0,0
WD Parnell,Not Available,Not Available,Bowler,Death Over Finisher,"Dr DY Patil Sports Academy > M Chinnaswamy Stadium, Bengaluru > Subrata Roy Sahara Stadium > Feroz Shah Kotla",Unknown,Not Available,0,Execute standard death-over strategies: wide yorkers and back-of-a-length slower balls.,Vary pace and trajectory. Aim for the rough patches to induce a false shot.,"Play out his deliveries on merit and wait for loose balls. Historically, MK Tiwary completely owns this bowler. Emulate that aggressive footprint.",WD Parnell is a Death Over Finisher. Strongest at Dr DY Patil Sports Academy. Keep away from MK Tiwary who hits them at will.,Not Available,MK Tiwary,75.6,77.8,7.42,8.27,35,758
S Tyagi,Not Available,Not Available,Bowler,Death Over Finisher,Neutral Venues,Unknown,Not Available,0,Execute standard death-over strategies: wide yorkers and back-of-a-length slower balls.,Vary pace and trajectory. Aim for the rough patches to induce a false shot.,"Prime target for the death overs. Attack him aggressively late in the innings as he loses his length under pressure. Historically, MK Pandey completely owns this bowler. Emulate that aggressive footprint.",S Tyagi is a Death Over Finisher. Strongest at most grounds. Keep away from MK Pandey who hits them at will.,Not Available,MK Pandey,75.0,75.0,8.05,14.77,6,220
JE Taylor,Not Available,Not Available,Bowler,Death Over Finisher,"MA Chidambaram Stadium, Chepauk > Dr DY Patil Sports Academy",Unknown,Not Available,0,Execute standard death-over strategies: wide yorkers and back-of-a-length slower balls.,Vary pace and trajectory. Aim for the rough patches to induce a false shot.,"Play out his deliveries on merit and wait for loose balls. Historically, M Vijay completely owns this bowler. Emulate that aggressive footprint.","JE Taylor is a Death Over Finisher. Strongest at MA Chidambaram Stadium, Chepauk. Keep away from M Vijay who hits them at will.",Not Available,M Vijay,75.0,75.0,7.72,9.85,6,122
AA Noffke,Not Available,Not Available,New Addition,Middle Order Anchor,Neutral Venues,Unknown,Not Available,0,Execute standard death-over strategies: wide yorkers and back-of-a-length slower balls.,Vary pace and trajectory. Aim for the rough patches to induce a false shot.,"Target this bowler aggressively. High economy rate suggests frequent boundary deliveries. Look for gaps early. Historically, BB McCullum completely owns this bowler. Emulate that aggressive footprint.",AA Noffke is a Middle Order Anchor. Strongest at most grounds.,Not Available,BB McCullum,75.0,0.0,9.6,5.5,1,25
Tanush Kotian,Not Available,Not Available,Batsman,Top Order Aggressor,Neutral Venues,Unknown,Not Available,0,Execute standard death-over strategies: wide yorkers and back-of-a-length slower balls.,Vary pace and trajectory. Aim for the rough patches to induce a false shot.,Target this bowler aggressively. High economy rate suggests frequent boundary deliveries. Look for gaps early. ,Tanush Kotian is a Top Order Aggressor. Strongest at most grounds.,Not Available,Not Available,75.0,0.0,0.0,0.0,0,0
PWA Mulder,Not Available,Not Available,New Addition,Death Over Finisher,Neutral Venues,Unknown,Not Available,0,Execute standard death-over strategies: wide yorkers and back-of-a-length slower balls.,Vary pace and trajectory. Aim for the rough patches to induce a false shot.,Prime target for the death overs. Attack him aggressively late in the innings as he loses his length under pressure. ,PWA Mulder is a Death Over Finisher. Strongest at most grounds.,Not Available,Not Available,75.0,90.0,16.0,16.0,0,6
M Tiwari,Not Available,Not Available,New Addition,Middle Order Anchor,Neutral Venues,Unknown,Not Available,0,Execute standard death-over strategies: wide yorkers and back-of-a-length slower balls.,Vary pace and trajectory. Aim for the rough patches to induce a false shot.,Target this bowler aggressively. High economy rate suggests frequent boundary deliveries. Look for gaps early. ,M Tiwari is a Middle Order Anchor. Strongest at most grounds.,Not Available,Not Available,75.0,100.0,14.0,0.0,0,6
AF Milne,Not Available,Not Available,Bowler,Death Over Finisher,Dubai International Cricket Stadium > M Chinnaswamy Stadium,Unknown,Not Available,0,Execute standard death-over strategies: wide yorkers and back-of-a-length slower balls.,Vary pace and trajectory. Aim for the rough patches to induce a false shot.,"Target this bowler aggressively. High economy rate suggests frequent boundary deliveries. Look for gaps early. Historically, DA Warner completely owns this bowler. Emulate that aggressive footprint.",AF Milne is a Death Over Finisher. Strongest at Dubai International Cricket Stadium. Keep away from DA Warner who hits them at will.,Not Available,DA Warner,74.2,77.3,9.04,9.21,7,217
WA Mota,Not Available,Not Available,Batsman,Middle Order Anchor,Neutral Venues,Unknown,Not Available,0,Execute standard death-over strategies: wide yorkers and back-of-a-length slower balls.,Vary pace and trajectory. Aim for the rough patches to induce a false shot.,"Prime target for the death overs. Attack him aggressively late in the innings as he loses his length under pressure. Historically, A Symonds completely owns this bowler. Emulate that aggressive footprint.",WA Mota is a Middle Order Anchor. Strongest at most grounds.,Not Available,A Symonds,73.7,82.1,7.76,11.28,4,75
FA Allen,Not Available,Not Available,New Addition,Death Over Finisher,Neutral Venues,Unknown,Not Available,0,Execute standard death-over strategies: wide yorkers and back-of-a-length slower balls.,Vary pace and trajectory. Aim for the rough patches to induce a false shot.,"Play out his deliveries on merit and wait for loose balls. Historically, RG Sharma completely owns this bowler. Emulate that aggressive footprint.",FA Allen is a Death Over Finisher. Strongest at most grounds.,Not Available,RG Sharma,73.7,84.6,8.97,0.0,2,91
NT Ellis,Not Available,Not Available,Bowler,Death Over Finisher,"Barsapara Cricket Stadium, Guwahati > Punjab Cricket Association IS Bindra Stadium, Mohali, Chandigarh > Wankhede Stadium, Mumbai",Unknown,Not Available,0,Execute standard death-over strategies: wide yorkers and back-of-a-length slower balls.,Vary pace and trajectory. Aim for the rough patches to induce a false shot.,"Play out his deliveries on merit and wait for loose balls. Historically, DA Warner completely owns this bowler. Emulate that aggressive footprint.","NT Ellis is a Death Over Finisher. Strongest at Barsapara Cricket Stadium, Guwahati. Keep away from DA Warner who hits them at will.",Not Available,DA Warner,73.1,100.0,8.4,10.35,19,390
DR Martyn,Not Available,Not Available,New Addition,Middle Order Anchor,Neutral Venues,Unknown,Not Available,0,Execute standard death-over strategies: wide yorkers and back-of-a-length slower balls.,Vary pace and trajectory. Aim for the rough patches to induce a false shot.,Target this bowler aggressively. High economy rate suggests frequent boundary deliveries. Look for gaps early. ,DR Martyn is a Middle Order Anchor. Strongest at most grounds.,Not Available,Not Available,73.1,125.0,0.0,0.0,0,0
Jaskaran Singh,Not Available,Not Available,New Addition,Death Over Finisher,Dr DY Patil Sports Academy,Unknown,Not Available,0,Execute standard death-over strategies: wide yorkers and back-of-a-length slower balls.,Vary pace and trajectory. Aim for the rough patches to induce a false shot.,"Prime target for the death overs. Attack him aggressively late in the innings as he loses his length under pressure. Historically, MK Pandey completely owns this bowler. Emulate that aggressive footprint.",Jaskaran Singh is a Death Over Finisher. Strongest at Dr DY Patil Sports Academy.,Not Available,MK Pandey,72.7,77.8,9.24,13.45,6,111
SH Johnson,Not Available,Not Available,Bowler,Death Over Finisher,"Narendra Modi Stadium, Ahmedabad",Unknown,Not Available,0,Execute standard death-over strategies: wide yorkers and back-of-a-length slower balls.,Vary pace and trajectory. Aim for the rough patches to induce a false shot.,"Target this bowler aggressively. High economy rate suggests frequent boundary deliveries. Look for gaps early. Historically, SV Samson completely owns this bowler. Emulate that aggressive footprint.","SH Johnson is a Death Over Finisher. Strongest at Narendra Modi Stadium, Ahmedabad. Keep away from SV Samson who hits them at will.",Not Available,SV Samson,72.7,77.8,9.91,8.62,5,172
TM Srivastava,Not Available,Not Available,New Addition,Death Over Finisher,Neutral Venues,Unknown,Not Available,0,Execute standard death-over strategies: wide yorkers and back-of-a-length slower balls.,Vary pace and trajectory. Aim for the rough patches to induce a false shot.,Target this bowler aggressively. High economy rate suggests frequent boundary deliveries. Look for gaps early. ,TM Srivastava is a Death Over Finisher. Strongest at most grounds.,Not Available,Not Available,72.7,85.7,0.0,0.0,0,0
DJ Thornely,Not Available,Not Available,Batsman,Middle Order Anchor,Dr DY Patil Sports Academy > Wankhede Stadium,Unknown,Not Available,0,Execute standard death-over strategies: wide yorkers and back-of-a-length slower balls.,Vary pace and trajectory. Aim for the rough patches to induce a false shot.,Elite threat. Treat with immense respect. Focus on rotating the strike and do not take unnecessary aerial risks. ,DJ Thornely is a Middle Order Anchor. Strongest at Dr DY Patil Sports Academy. Beware of PJ Sangwan who owns this matchup.,PJ Sangwan,Not Available,72.2,0.0,5.45,0.0,3,44
L Balaji,Not Available,Not Available,Bowler,Death Over Finisher,"Eden Gardens > M Chinnaswamy Stadium > MA Chidambaram Stadium, Chepauk > Feroz Shah Kotla",Unknown,Not Available,0,Execute standard death-over strategies: wide yorkers and back-of-a-length slower balls.,Vary pace and trajectory. Aim for the rough patches to induce a false shot.,"Play out his deliveries on merit and wait for loose balls. Historically, JEC Franklin completely owns this bowler. Emulate that aggressive footprint.",L Balaji is a Death Over Finisher. Strongest at Eden Gardens. Keep away from JEC Franklin who hits them at will.,Not Available,JEC Franklin,72.0,76.1,7.73,9.79,76,1574
A Kumble,Not Available,Not Available,Bowler,Death Over Finisher,M Chinnaswamy Stadium > Kingsmead > New Wanderers Stadium > Newlands,Unknown,Not Available,0,Execute standard death-over strategies: wide yorkers and back-of-a-length slower balls.,Vary pace and trajectory. Aim for the rough patches to induce a false shot.,"Elite threat. Treat with immense respect. Focus on rotating the strike and do not take unnecessary aerial risks. Historically, ST Jayasuriya completely owns this bowler. Emulate that aggressive footprint.",A Kumble is a Death Over Finisher. Strongest at M Chinnaswamy Stadium. Keep away from ST Jayasuriya who hits them at will.,Not Available,ST Jayasuriya,71.4,77.3,6.46,7.31,45,983
BB Sran,Not Available,Not Available,Bowler,Death Over Finisher,"Rajiv Gandhi International Stadium, Uppal > Eden Gardens > Dr. Y.S. Rajasekhara Reddy ACA-VDCA Cricket Stadium",Unknown,Not Available,0,Execute standard death-over strategies: wide yorkers and back-of-a-length slower balls.,Vary pace and trajectory. Aim for the rough patches to induce a false shot.,"Play out his deliveries on merit and wait for loose balls. Historically, CA Lynn completely owns this bowler. Emulate that aggressive footprint.","BB Sran is a Death Over Finisher. Strongest at Rajiv Gandhi International Stadium, Uppal. Keep away from CA Lynn who hits them at will.",Not Available,CA Lynn,71.4,71.4,8.8,8.75,18,516
AG Murtaza,Not Available,Not Available,Bowler,Death Over Finisher,Subrata Roy Sahara Stadium > Brabourne Stadium,Unknown,Not Available,0,Execute standard death-over strategies: wide yorkers and back-of-a-length slower balls.,Vary pace and trajectory. Aim for the rough patches to induce a false shot.,"Prime target for the death overs. Attack him aggressively late in the innings as he loses his length under pressure. Historically, YK Pathan completely owns this bowler. Emulate that aggressive footprint.",AG Murtaza is a Death Over Finisher. Strongest at Subrata Roy Sahara Stadium. Keep away from YK Pathan who hits them at will.,Not Available,YK Pathan,71.4,71.4,6.98,12.0,9,269
Suryansh Shedge,Not Available,Not Available,New Addition,Death Over Finisher,Neutral Venues,Unknown,Not Available,0,Execute standard death-over strategies: wide yorkers and back-of-a-length slower balls.,Vary pace and trajectory. Aim for the rough patches to induce a false shot.,"Prime target for the death overs. Attack him aggressively late in the innings as he loses his length under pressure. Historically, SM Curran completely owns this bowler. Emulate that aggressive footprint.",Suryansh Shedge is a Death Over Finisher. Strongest at most grounds.,Not Available,SM Curran,71.4,60.0,12.63,22.29,0,19
C Madan,Not Available,Not Available,New Addition,Top Order Aggressor,Neutral Venues,Unknown,Not Available,0,Execute standard death-over strategies: wide yorkers and back-of-a-length slower balls.,Vary pace and trajectory. Aim for the rough patches to induce a false shot.,Target this bowler aggressively. High economy rate suggests frequent boundary deliveries. Look for gaps early. ,C Madan is a Top Order Aggressor. Strongest at most grounds.,Not Available,Not Available,71.4,0.0,0.0,0.0,0,0
A Chopra,Not Available,Not Available,Batsman,Top Order Aggressor,Neutral Venues,Unknown,Not Available,0,Execute standard death-over strategies: wide yorkers and back-of-a-length slower balls.,Vary pace and trajectory. Aim for the rough patches to induce a false shot.,Target this bowler aggressively. High economy rate suggests frequent boundary deliveries. Look for gaps early. ,A Chopra is a Top Order Aggressor. Strongest at most grounds.,Not Available,Not Available,70.7,50.0,0.0,0.0,0,0
Karanveer Singh,Not Available,Not Available,Bowler,Death Over Finisher,"Punjab Cricket Association Stadium, Mohali > M Chinnaswamy Stadium > Eden Gardens",Unknown,Not Available,0,Execute standard death-over strategies: wide yorkers and back-of-a-length slower balls.,Vary pace and trajectory. Aim for the rough patches to induce a false shot.,"Prime target for the death overs. Attack him aggressively late in the innings as he loses his length under pressure. Historically, DR Smith completely owns this bowler. Emulate that aggressive footprint.","Karanveer Singh is a Death Over Finisher. Strongest at Punjab Cricket Association Stadium, Mohali. Keep away from DR Smith who hits them at will.",Not Available,DR Smith,70.6,80.0,9.04,12.23,12,213
RT Ponting,Not Available,Not Available,Batsman,Top Order Aggressor,Neutral Venues,Unknown,Not Available,0,Execute standard death-over strategies: wide yorkers and back-of-a-length slower balls.,Vary pace and trajectory. Aim for the rough patches to induce a false shot.,Target this bowler aggressively. High economy rate suggests frequent boundary deliveries. Look for gaps early. ,RT Ponting is a Top Order Aggressor. Strongest at most grounds.,Not Available,Not Available,70.5,0.0,0.0,0.0,0,0
Yashpal Singh,Not Available,Not Available,Batsman,Top Order Aggressor,Neutral Venues,Unknown,Not Available,0,Execute standard death-over strategies: wide yorkers and back-of-a-length slower balls.,Vary pace and trajectory. Aim for the rough patches to induce a false shot.,Target this bowler aggressively. High economy rate suggests frequent boundary deliveries. Look for gaps early. ,Yashpal Singh is a Top Order Aggressor. Strongest at most grounds. Beware of MM Patel who owns this matchup.,MM Patel,Not Available,70.1,130.8,0.0,0.0,0,0
M Ashwin,Not Available,Not Available,Bowler,Death Over Finisher,"Brabourne Stadium, Mumbai > Dubai International Cricket Stadium > Sharjah Cricket Stadium > M.Chinnaswamy Stadium",Unknown,Not Available,0,Execute standard death-over strategies: wide yorkers and back-of-a-length slower balls.,Vary pace and trajectory. Aim for the rough patches to induce a false shot.,"Play out his deliveries on merit and wait for loose balls. Historically, YK Pathan completely owns this bowler. Emulate that aggressive footprint.","M Ashwin is a Death Over Finisher. Strongest at Brabourne Stadium, Mumbai. Keep away from YK Pathan who hits them at will.",Not Available,YK Pathan,70.0,81.1,7.76,8.66,35,898
MJ Henry,Not Available,Not Available,Bowler,Middle Order Anchor,"MA Chidambaram Stadium, Chepauk, Chennai",Unknown,Not Available,0,Execute standard death-over strategies: wide yorkers and back-of-a-length slower balls.,Vary pace and trajectory. Aim for the rough patches to induce a false shot.,"Prime target for the death overs. Attack him aggressively late in the innings as he loses his length under pressure. Historically, YBK Jaiswal completely owns this bowler. Emulate that aggressive footprint.","MJ Henry is a Middle Order Anchor. Strongest at MA Chidambaram Stadium, Chepauk, Chennai. Keep away from YBK Jaiswal who hits them at will.",Not Available,YBK Jaiswal,70.0,40.0,11.24,13.15,4,166
P Dubey,Not Available,Not Available,Batsman,Death Over Finisher,Neutral Venues,Unknown,Not Available,0,Execute standard death-over strategies: wide yorkers and back-of-a-length slower balls.,Vary pace and trajectory. Aim for the rough patches to induce a false shot.,"Prime target for the death overs. Attack him aggressively late in the innings as he loses his length under pressure. Historically, Ishan Kishan completely owns this bowler. Emulate that aggressive footprint.",P Dubey is a Death Over Finisher. Strongest at most grounds.,Not Available,Ishan Kishan,69.7,58.8,8.43,11.0,2,79
YV Dhull,Not Available,Not Available,New Addition,Middle Order Anchor,Neutral Venues,Unknown,Not Available,0,Execute standard death-over strategies: wide yorkers and back-of-a-length slower balls.,Vary pace and trajectory. Aim for the rough patches to induce a false shot.,Target this bowler aggressively. High economy rate suggests frequent boundary deliveries. Look for gaps early. ,YV Dhull is a Middle Order Anchor. Strongest at most grounds.,Not Available,Not Available,69.6,0.0,0.0,0.0,0,0
Naveen-ul-Haq,Not Available,Not Available,Bowler,Death Over Finisher,"Bharat Ratna Shri Atal Bihari Vajpayee Ekana Cricket Stadium, Lucknow > MA Chidambaram Stadium, Chepauk, Chennai > Punjab Cricket Association IS Bindra Stadium, Mohali, Chandigarh > Arun Jaitley Stadium, Delhi",Unknown,Not Available,0,Execute standard death-over strategies: wide yorkers and back-of-a-length slower balls.,Vary pace and trajectory. Aim for the rough patches to induce a false shot.,"Play out his deliveries on merit and wait for loose balls. Historically, T Stubbs completely owns this bowler. Emulate that aggressive footprint.","Naveen-ul-Haq is a Death Over Finisher. Strongest at Bharat Ratna Shri Atal Bihari Vajpayee Ekana Cricket Stadium, Lucknow. Keep away from T Stubbs who hits them at will.",Not Available,T Stubbs,69.2,81.0,8.71,8.83,25,407
KMA Paul,Not Available,Not Available,Bowler,Death Over Finisher,Dr. Y.S. Rajasekhara Reddy ACA-VDCA Cricket Stadium > Rajiv Gandhi International Stadium,Unknown,Not Available,0,Execute standard death-over strategies: wide yorkers and back-of-a-length slower balls.,Vary pace and trajectory. Aim for the rough patches to induce a false shot.,"Play out his deliveries on merit and wait for loose balls. Historically, MS Dhoni completely owns this bowler. Emulate that aggressive footprint.",KMA Paul is a Death Over Finisher. Strongest at Dr. Y.S. Rajasekhara Reddy ACA-VDCA Cricket Stadium. Keep away from MS Dhoni who hits them at will.,Not Available,MS Dhoni,69.2,69.2,7.9,8.56,9,180
Sumit Kumar,Not Available,Not Available,New Addition,Middle Order Anchor,Neutral Venues,Unknown,Not Available,0,Execute standard death-over strategies: wide yorkers and back-of-a-length slower balls.,Vary pace and trajectory. Aim for the rough patches to induce a false shot.,Prime target for the death overs. Attack him aggressively late in the innings as he loses his length under pressure. ,Sumit Kumar is a Middle Order Anchor. Strongest at most grounds.,Not Available,Not Available,69.2,18.2,10.36,12.0,0,22
SK Trivedi,Not Available,Not Available,Bowler,Death Over Finisher,"Sawai Mansingh Stadium > Rajiv Gandhi International Stadium, Uppal > M Chinnaswamy Stadium > Vidarbha Cricket Association Stadium, Jamtha",Unknown,Not Available,0,Execute standard death-over strategies: wide yorkers and back-of-a-length slower balls.,Vary pace and trajectory. Aim for the rough patches to induce a false shot.,"Play out his deliveries on merit and wait for loose balls. Historically, A Symonds completely owns this bowler. Emulate that aggressive footprint.",SK Trivedi is a Death Over Finisher. Strongest at Sawai Mansingh Stadium. Keep away from A Symonds who hits them at will.,Not Available,A Symonds,68.9,70.0,7.34,8.7,65,1557
T Henderson,Not Available,Not Available,New Addition,Top Order Aggressor,Neutral Venues,Unknown,Not Available,0,Execute standard death-over strategies: wide yorkers and back-of-a-length slower balls.,Vary pace and trajectory. Aim for the rough patches to induce a false shot.,"Elite threat. Treat with immense respect. Focus on rotating the strike and do not take unnecessary aerial risks. Historically, R Dravid completely owns this bowler. Emulate that aggressive footprint.",T Henderson is a Top Order Aggressor. Strongest at most grounds.,Not Available,R Dravid,68.8,0.0,6.67,9.0,1,36
VR Aaron,Not Available,Not Available,Bowler,Death Over Finisher,Feroz Shah Kotla > M Chinnaswamy Stadium > Dubai International Cricket Stadium > Eden Gardens,Unknown,Not Available,0,Execute standard death-over strategies: wide yorkers and back-of-a-length slower balls.,Vary pace and trajectory. Aim for the rough patches to induce a false shot.,"Play out his deliveries on merit and wait for loose balls. Historically, AD Russell completely owns this bowler. Emulate that aggressive footprint.",VR Aaron is a Death Over Finisher. Strongest at Feroz Shah Kotla. Keep away from AD Russell who hits them at will.,Not Available,AD Russell,68.5,69.4,8.34,10.16,44,1065
B Indrajith,Not Available,Not Available,Batsman,Top Order Aggressor,Neutral Venues,Unknown,Not Available,0,Execute standard death-over strategies: wide yorkers and back-of-a-length slower balls.,Vary pace and trajectory. Aim for the rough patches to induce a false shot.,Target this bowler aggressively. High economy rate suggests frequent boundary deliveries. Look for gaps early. ,B Indrajith is a Top Order Aggressor. Strongest at most grounds.,Not Available,Not Available,67.7,0.0,0.0,0.0,0,0
RP Singh,Not Available,Not Available,Bowler,Death Over Finisher,"M Chinnaswamy Stadium > Wankhede Stadium > Rajiv Gandhi International Stadium, Uppal > Vidarbha Cricket Association Stadium, Jamtha",Unknown,Not Available,0,Execute standard death-over strategies: wide yorkers and back-of-a-length slower balls.,Vary pace and trajectory. Aim for the rough patches to induce a false shot.,"Play out his deliveries on merit and wait for loose balls. Historically, DA Miller completely owns this bowler. Emulate that aggressive footprint.",RP Singh is a Death Over Finisher. Strongest at M Chinnaswamy Stadium. Keep away from DA Miller who hits them at will.,Not Available,DA Miller,66.7,69.4,7.49,8.76,90,1874
M Muralitharan,Not Available,Not Available,Bowler,Death Over Finisher,"MA Chidambaram Stadium, Chepauk > M Chinnaswamy Stadium > Dr DY Patil Sports Academy > Kingsmead",Unknown,Not Available,0,Execute standard death-over strategies: wide yorkers and back-of-a-length slower balls.,Vary pace and trajectory. Aim for the rough patches to induce a false shot.,"Elite threat. Treat with immense respect. Focus on rotating the strike and do not take unnecessary aerial risks. Historically, SR Watson completely owns this bowler. Emulate that aggressive footprint.","M Muralitharan is a Death Over Finisher. Strongest at MA Chidambaram Stadium, Chepauk. Keep away from SR Watson who hits them at will.",Not Available,SR Watson,66.7,66.7,6.47,7.88,64,1581
JP Behrendorff,Not Available,Not Available,Bowler,Death Over Finisher,"Wankhede Stadium, Mumbai > Wankhede Stadium > Arun Jaitley Stadium, Delhi",Unknown,Not Available,0,Execute standard death-over strategies: wide yorkers and back-of-a-length slower balls.,Vary pace and trajectory. Aim for the rough patches to induce a false shot.,"Prime target for the death overs. Attack him aggressively late in the innings as he loses his length under pressure. Historically, F du Plessis completely owns this bowler. Emulate that aggressive footprint.","JP Behrendorff is a Death Over Finisher. Strongest at Wankhede Stadium, Mumbai. Keep away from F du Plessis who hits them at will.",Not Available,F du Plessis,66.7,66.7,8.74,11.81,19,379
K Kartikeya,Not Available,Not Available,Bowler,Death Over Finisher,"Wankhede Stadium, Mumbai > Dr DY Patil Sports Academy, Mumbai",Unknown,Not Available,0,Execute standard death-over strategies: wide yorkers and back-of-a-length slower balls.,Vary pace and trajectory. Aim for the rough patches to induce a false shot.,"Prime target for the death overs. Attack him aggressively late in the innings as he loses his length under pressure. Historically, Shubman Gill completely owns this bowler. Emulate that aggressive footprint.","K Kartikeya is a Death Over Finisher. Strongest at Wankhede Stadium, Mumbai. Keep away from Shubman Gill who hits them at will.",Not Available,Shubman Gill,66.7,71.4,8.42,11.31,12,290
Simarjeet Singh,Not Available,Not Available,Bowler,Death Over Finisher,"MA Chidambaram Stadium, Chepauk, Chennai > Rajiv Gandhi International Stadium, Uppal, Hyderabad",Unknown,Not Available,0,Execute standard death-over strategies: wide yorkers and back-of-a-length slower balls.,Vary pace and trajectory. Aim for the rough patches to induce a false shot.,"Target this bowler aggressively. High economy rate suggests frequent boundary deliveries. Look for gaps early. Historically, Shubman Gill completely owns this bowler. Emulate that aggressive footprint.","Simarjeet Singh is a Death Over Finisher. Strongest at MA Chidambaram Stadium, Chepauk, Chennai. Keep away from Shubman Gill who hits them at will.",Not Available,Shubman Gill,66.7,66.7,9.38,9.6,11,256
SB Wagh,Not Available,Not Available,New Addition,Death Over Finisher,Dr DY Patil Sports Academy,Unknown,Not Available,0,Execute standard death-over strategies: wide yorkers and back-of-a-length slower balls.,Vary pace and trajectory. Aim for the rough patches to induce a false shot.,"Play out his deliveries on merit and wait for loose balls. Historically, SR Tendulkar completely owns this bowler. Emulate that aggressive footprint.",SB Wagh is a Death Over Finisher. Strongest at Dr DY Patil Sports Academy.,Not Available,SR Tendulkar,66.7,66.7,7.61,10.12,5,108
JE Root,Not Available,Not Available,New Addition,Top Order Aggressor,Neutral Venues,Unknown,Not Available,0,Execute standard death-over strategies: wide yorkers and back-of-a-length slower balls.,Vary pace and trajectory. Aim for the rough patches to induce a false shot.,Play out his deliveries on merit and wait for loose balls. ,JE Root is a Top Order Aggressor. Strongest at most grounds.,Not Available,Not Available,66.7,0.0,7.0,0.0,0,12
Shivam Singh,Not Available,Not Available,New Addition,Death Over Finisher,Neutral Venues,Unknown,Not Available,0,Execute standard death-over strategies: wide yorkers and back-of-a-length slower balls.,Vary pace and trajectory. Aim for the rough patches to induce a false shot.,Target this bowler aggressively. High economy rate suggests frequent boundary deliveries. Look for gaps early. ,Shivam Singh is a Death Over Finisher. Strongest at most grounds.,Not Available,Not Available,66.7,66.7,0.0,0.0,0,0
CK Kapugedera,Not Available,Not Available,New Addition,Death Over Finisher,Neutral Venues,Unknown,Not Available,0,Execute standard death-over strategies: wide yorkers and back-of-a-length slower balls.,Vary pace and trajectory. Aim for the rough patches to induce a false shot.,Prime target for the death overs. Attack him aggressively late in the innings as he loses his length under pressure. ,CK Kapugedera is a Death Over Finisher. Strongest at most grounds.,Not Available,Not Available,66.7,71.4,17.29,15.0,0,17
A Nehra,Not Available,Not Available,Bowler,Death Over Finisher,"MA Chidambaram Stadium, Chepauk > Wankhede Stadium > M Chinnaswamy Stadium > Rajiv Gandhi International Stadium, Uppal",Unknown,Not Available,0,Execute standard death-over strategies: wide yorkers and back-of-a-length slower balls.,Vary pace and trajectory. Aim for the rough patches to induce a false shot.,"Play out his deliveries on merit and wait for loose balls. Historically, LA Pomersbach completely owns this bowler. Emulate that aggressive footprint.","A Nehra is a Death Over Finisher. Strongest at MA Chidambaram Stadium, Chepauk. Keep away from LA Pomersbach who hits them at will.",Not Available,LA Pomersbach,65.1,65.1,7.58,8.55,106,1974
DR Shorey,Not Available,Not Available,New Addition,Middle Order Anchor,Neutral Venues,Unknown,Not Available,0,Execute standard death-over strategies: wide yorkers and back-of-a-length slower balls.,Vary pace and trajectory. Aim for the rough patches to induce a false shot.,Target this bowler aggressively. High economy rate suggests frequent boundary deliveries. Look for gaps early. ,DR Shorey is a Middle Order Anchor. Strongest at most grounds.,Not Available,Not Available,65.0,0.0,0.0,0.0,0,0
KL Nagarkoti,Not Available,Not Available,Bowler,Death Over Finisher,Dubai International Cricket Stadium,Unknown,Not Available,0,Execute standard death-over strategies: wide yorkers and back-of-a-length slower balls.,Vary pace and trajectory. Aim for the rough patches to induce a false shot.,"Prime target for the death overs. Attack him aggressively late in the innings as he loses his length under pressure. Historically, SR Watson completely owns this bowler. Emulate that aggressive footprint.",KL Nagarkoti is a Death Over Finisher. Strongest at Dubai International Cricket Stadium. Keep away from SR Watson who hits them at will.,Not Available,SR Watson,64.7,76.2,9.24,11.23,5,185
Arshdeep Singh,Not Available,Not Available,Bowler,Death Over Finisher,"Dubai International Cricket Stadium > Wankhede Stadium, Mumbai > Maharaja Yadavindra Singh International Cricket Stadium, Mullanpur > Himachal Pradesh Cricket Association Stadium, Dharamsala",Unknown,Deep Mid-Wicket,3,Execute standard death-over strategies: wide yorkers and back-of-a-length slower balls.,Vary pace and trajectory. Aim for the rough patches to induce a false shot.,"Play out his deliveries on merit and wait for loose balls. Historically, V Suryavanshi completely owns this bowler. Emulate that aggressive footprint.",Arshdeep Singh is a Death Over Finisher. Strongest at Dubai International Cricket Stadium. Keep away from V Suryavanshi who hits them at will.,Not Available,V Suryavanshi,64.6,60.0,8.61,9.16,105,2020
C Sakariya,Not Available,Not Available,Bowler,Death Over Finisher,"Wankhede Stadium, Mumbai > Zayed Cricket Stadium, Abu Dhabi > Dubai International Cricket Stadium > Sharjah Cricket Stadium",Unknown,Not Available,0,Execute standard death-over strategies: wide yorkers and back-of-a-length slower balls.,Vary pace and trajectory. Aim for the rough patches to induce a false shot.,"Play out his deliveries on merit and wait for loose balls. Historically, P Simran Singh completely owns this bowler. Emulate that aggressive footprint.","C Sakariya is a Death Over Finisher. Strongest at Wankhede Stadium, Mumbai. Keep away from P Simran Singh who hits them at will.",Not Available,P Simran Singh,64.5,70.4,7.99,9.72,20,479
SM Harwood,Not Available,Not Available,New Addition,Death Over Finisher,St George's Park,Unknown,Not Available,0,Execute standard death-over strategies: wide yorkers and back-of-a-length slower balls.,Vary pace and trajectory. Aim for the rough patches to induce a false shot.,"Elite threat. Treat with immense respect. Focus on rotating the strike and do not take unnecessary aerial risks. Historically, Yuvraj Singh completely owns this bowler. Emulate that aggressive footprint.",SM Harwood is a Death Over Finisher. Strongest at St George's Park.,Not Available,Yuvraj Singh,64.3,64.3,6.54,10.62,3,67
KS Sharma,Not Available,Not Available,New Addition,Top Order Aggressor,Neutral Venues,Unknown,Not Available,0,Execute standard death-over strategies: wide yorkers and back-of-a-length slower balls.,Vary pace and trajectory. Aim for the rough patches to induce a false shot.,Target this bowler aggressively. High economy rate suggests frequent boundary deliveries. Look for gaps early. ,KS Sharma is a Top Order Aggressor. Strongest at most grounds.,Not Available,Not Available,64.0,0.0,0.0,0.0,0,0
Ravi Bishnoi,Not Available,Not Available,Bowler,Death Over Finisher,"Bharat Ratna Shri Atal Bihari Vajpayee Ekana Cricket Stadium, Lucknow > Dubai International Cricket Stadium > Narendra Modi Stadium, Ahmedabad > Wankhede Stadium, Mumbai",Unknown,Backward Point,6,Execute standard death-over strategies: wide yorkers and back-of-a-length slower balls.,Vary pace and trajectory. Aim for the rough patches to induce a false shot.,"Play out his deliveries on merit and wait for loose balls. Historically, P Simran Singh completely owns this bowler. Emulate that aggressive footprint.","Ravi Bishnoi is a Death Over Finisher. Strongest at Bharat Ratna Shri Atal Bihari Vajpayee Ekana Cricket Stadium, Lucknow. Keep away from P Simran Singh who hits them at will.",Not Available,P Simran Singh,63.4,67.9,8.06,8.97,83,1857
AS Rajpoot,Not Available,Not Available,Bowler,Death Over Finisher,Rajiv Gandhi International Stadium > Wankhede Stadium > Eden Gardens > Maharashtra Cricket Association Stadium,Unknown,Not Available,0,Execute standard death-over strategies: wide yorkers and back-of-a-length slower balls.,Vary pace and trajectory. Aim for the rough patches to induce a false shot.,"Prime target for the death overs. Attack him aggressively late in the innings as he loses his length under pressure. Historically, HH Pandya completely owns this bowler. Emulate that aggressive footprint.",AS Rajpoot is a Death Over Finisher. Strongest at Rajiv Gandhi International Stadium. Keep away from HH Pandya who hits them at will.,Not Available,HH Pandya,63.4,69.4,8.61,10.91,24,567
T Thushara,Not Available,Not Available,Bowler,Death Over Finisher,"MA Chidambaram Stadium, Chepauk > Sardar Patel Stadium, Motera > Kingsmead",Unknown,Not Available,0,Execute standard death-over strategies: wide yorkers and back-of-a-length slower balls.,Vary pace and trajectory. Aim for the rough patches to induce a false shot.,"Elite threat. Treat with immense respect. Focus on rotating the strike and do not take unnecessary aerial risks. Historically, SR Tendulkar completely owns this bowler. Emulate that aggressive footprint.","T Thushara is a Death Over Finisher. Strongest at MA Chidambaram Stadium, Chepauk. Keep away from SR Tendulkar who hits them at will.",Not Available,SR Tendulkar,63.2,63.2,6.71,10.0,8,144
JA Richardson,Not Available,Not Available,New Addition,Middle Order Anchor,"Wankhede Stadium, Mumbai",Unknown,Not Available,0,Execute standard death-over strategies: wide yorkers and back-of-a-length slower balls.,Vary pace and trajectory. Aim for the rough patches to induce a false shot.,"Prime target for the death overs. Attack him aggressively late in the innings as he loses his length under pressure. Historically, F du Plessis completely owns this bowler. Emulate that aggressive footprint.","JA Richardson is a Middle Order Anchor. Strongest at Wankhede Stadium, Mumbai.",RA Jadeja,F du Plessis,63.0,50.0,10.02,11.7,3,94
JR Hazlewood,Not Available,Not Available,Bowler,Death Over Finisher,"M Chinnaswamy Stadium, Bengaluru > Wankhede Stadium, Mumbai > Arun Jaitley Stadium, Delhi > Dubai International Cricket Stadium",Unknown,Not Available,0,Execute standard death-over strategies: wide yorkers and back-of-a-length slower balls.,Vary pace and trajectory. Aim for the rough patches to induce a false shot.,"Play out his deliveries on merit and wait for loose balls. Historically, YBK Jaiswal completely owns this bowler. Emulate that aggressive footprint.","JR Hazlewood is a Death Over Finisher. Strongest at M Chinnaswamy Stadium, Bengaluru. Keep away from YBK Jaiswal who hits them at will.",Not Available,YBK Jaiswal,61.3,85.0,8.15,9.56,65,1035
A Zampa,Not Available,Not Available,Bowler,Middle Order Anchor,"Dr. Y.S. Rajasekhara Reddy ACA-VDCA Cricket Stadium > Sawai Mansingh Stadium, Jaipur > Maharashtra Cricket Association Stadium",Unknown,Not Available,0,Execute standard death-over strategies: wide yorkers and back-of-a-length slower balls.,Vary pace and trajectory. Aim for the rough patches to induce a false shot.,"Prime target for the death overs. Attack him aggressively late in the innings as he loses his length under pressure. Historically, KA Pollard completely owns this bowler. Emulate that aggressive footprint.",A Zampa is a Middle Order Anchor. Strongest at Dr. Y.S. Rajasekhara Reddy ACA-VDCA Cricket Stadium. Keep away from KA Pollard who hits them at will.,Not Available,KA Pollard,60.0,54.5,8.24,11.07,31,475
N Burger,Not Available,Not Available,Bowler,Death Over Finisher,"Sawai Mansingh Stadium, Jaipur > Barsapara Cricket Stadium, Guwahati",Unknown,Not Available,0,Execute standard death-over strategies: wide yorkers and back-of-a-length slower balls.,Vary pace and trajectory. Aim for the rough patches to induce a false shot.,"Target this bowler aggressively. High economy rate suggests frequent boundary deliveries. Look for gaps early. Historically, Ishan Kishan completely owns this bowler. Emulate that aggressive footprint.","N Burger is a Death Over Finisher. Strongest at Sawai Mansingh Stadium, Jaipur. Keep away from Ishan Kishan who hits them at will.",Not Available,Ishan Kishan,60.0,60.0,9.31,7.75,16,310
Kamran Khan,Not Available,Not Available,Bowler,Middle Order Anchor,Newlands,Unknown,Not Available,0,Execute standard death-over strategies: wide yorkers and back-of-a-length slower balls.,Vary pace and trajectory. Aim for the rough patches to induce a false shot.,"Play out his deliveries on merit and wait for loose balls. Historically, CH Gayle completely owns this bowler. Emulate that aggressive footprint.",Kamran Khan is a Middle Order Anchor. Strongest at Newlands. Keep away from CH Gayle who hits them at will.,Not Available,CH Gayle,60.0,0.0,8.1,8.83,10,177
S Sreesanth,Not Available,Not Available,Bowler,Death Over Finisher,"Punjab Cricket Association Stadium, Mohali > Sawai Mansingh Stadium > MA Chidambaram Stadium, Chepauk > Nehru Stadium",Unknown,Not Available,0,Execute standard death-over strategies: wide yorkers and back-of-a-length slower balls.,Vary pace and trajectory. Aim for the rough patches to induce a false shot.,"Play out his deliveries on merit and wait for loose balls. Historically, A Symonds completely owns this bowler. Emulate that aggressive footprint.","S Sreesanth is a Death Over Finisher. Strongest at Punjab Cricket Association Stadium, Mohali. Keep away from A Symonds who hits them at will.",Not Available,A Symonds,59.6,59.6,7.56,10.38,40,947
SMSM Senanayake,Not Available,Not Available,Bowler,Death Over Finisher,"Eden Gardens > JSCA International Stadium Complex > Punjab Cricket Association Stadium, Mohali",Unknown,Not Available,0,Execute standard death-over strategies: wide yorkers and back-of-a-length slower balls.,Vary pace and trajectory. Aim for the rough patches to induce a false shot.,"Elite threat. Treat with immense respect. Focus on rotating the strike and do not take unnecessary aerial risks. Historically, AC Gilchrist completely owns this bowler. Emulate that aggressive footprint.",SMSM Senanayake is a Death Over Finisher. Strongest at Eden Gardens. Keep away from AC Gilchrist who hits them at will.,Not Available,AC Gilchrist,58.8,58.8,6.43,8.25,9,195
X Thalaivan Sargunam,Not Available,Not Available,New Addition,Middle Order Anchor,Neutral Venues,Unknown,Not Available,0,Execute standard death-over strategies: wide yorkers and back-of-a-length slower balls.,Vary pace and trajectory. Aim for the rough patches to induce a false shot.,Target this bowler aggressively. High economy rate suggests frequent boundary deliveries. Look for gaps early. ,X Thalaivan Sargunam is a Middle Order Anchor. Strongest at most grounds.,Not Available,Not Available,58.8,66.7,0.0,0.0,0,0
NS Naik,Not Available,Not Available,Batsman,Death Over Finisher,Neutral Venues,Unknown,Not Available,0,Execute standard death-over strategies: wide yorkers and back-of-a-length slower balls.,Vary pace and trajectory. Aim for the rough patches to induce a false shot.,Target this bowler aggressively. High economy rate suggests frequent boundary deliveries. Look for gaps early. ,NS Naik is a Death Over Finisher. Strongest at most grounds.,Not Available,Not Available,58.5,59.1,0.0,0.0,0,0
Pankaj Singh,Not Available,Not Available,Bowler,Death Over Finisher,Sawai Mansingh Stadium > St George's Park > M Chinnaswamy Stadium,Unknown,Not Available,0,Execute standard death-over strategies: wide yorkers and back-of-a-length slower balls.,Vary pace and trajectory. Aim for the rough patches to induce a false shot.,"Prime target for the death overs. Attack him aggressively late in the innings as he loses his length under pressure. Historically, V Sehwag completely owns this bowler. Emulate that aggressive footprint.",Pankaj Singh is a Death Over Finisher. Strongest at Sawai Mansingh Stadium. Keep away from V Sehwag who hits them at will.,Not Available,V Sehwag,58.3,58.3,9.03,12.94,11,311
M Ntini,Not Available,Not Available,Bowler,Death Over Finisher,Eden Gardens,Unknown,Not Available,0,Execute standard death-over strategies: wide yorkers and back-of-a-length slower balls.,Vary pace and trajectory. Aim for the rough patches to induce a false shot.,"Play out his deliveries on merit and wait for loose balls. Historically, Kamran Akmal completely owns this bowler. Emulate that aggressive footprint.",M Ntini is a Death Over Finisher. Strongest at Eden Gardens. Keep away from Kamran Akmal who hits them at will.,Not Available,Kamran Akmal,57.9,57.9,6.82,8.43,7,213
Virat Singh,Not Available,Not Available,New Addition,Middle Order Anchor,Neutral Venues,Unknown,Not Available,0,Execute standard death-over strategies: wide yorkers and back-of-a-length slower balls.,Vary pace and trajectory. Aim for the rough patches to induce a false shot.,Target this bowler aggressively. High economy rate suggests frequent boundary deliveries. Look for gaps early. ,Virat Singh is a Middle Order Anchor. Strongest at most grounds.,Not Available,Not Available,57.7,0.0,0.0,0.0,0,0
T Natarajan,Not Available,Not Available,Bowler,Death Over Finisher,"Rajiv Gandhi International Stadium, Uppal, Hyderabad > Dubai International Cricket Stadium > Dr DY Patil Sports Academy, Mumbai > Sheikh Zayed Stadium",Unknown,Not Available,0,Execute standard death-over strategies: wide yorkers and back-of-a-length slower balls.,Vary pace and trajectory. Aim for the rough patches to induce a false shot.,"Play out his deliveries on merit and wait for loose balls. Historically, KA Pollard completely owns this bowler. Emulate that aggressive footprint.","T Natarajan is a Death Over Finisher. Strongest at Rajiv Gandhi International Stadium, Uppal, Hyderabad. Keep away from KA Pollard who hits them at will.",Not Available,KA Pollard,57.1,57.1,8.68,9.61,74,1616
Akash Madhwal,Not Available,Not Available,Bowler,Death Over Finisher,"Wankhede Stadium, Mumbai > MA Chidambaram Stadium, Chepauk, Chennai > Arun Jaitley Stadium, Delhi",Unknown,Not Available,0,Execute standard death-over strategies: wide yorkers and back-of-a-length slower balls.,Vary pace and trajectory. Aim for the rough patches to induce a false shot.,"Target this bowler aggressively. High economy rate suggests frequent boundary deliveries. Look for gaps early. Historically, KD Karthik completely owns this bowler. Emulate that aggressive footprint.","Akash Madhwal is a Death Over Finisher. Strongest at Wankhede Stadium, Mumbai. Keep away from KD Karthik who hits them at will.",Not Available,KD Karthik,57.1,66.7,9.41,9.87,24,376
TS Mills,Not Available,Not Available,Bowler,Death Over Finisher,"Dr DY Patil Sports Academy, Mumbai > Eden Gardens",Unknown,Not Available,0,Execute standard death-over strategies: wide yorkers and back-of-a-length slower balls.,Vary pace and trajectory. Aim for the rough patches to induce a false shot.,"Target this bowler aggressively. High economy rate suggests frequent boundary deliveries. Look for gaps early. Historically, KL Rahul completely owns this bowler. Emulate that aggressive footprint.","TS Mills is a Death Over Finisher. Strongest at Dr DY Patil Sports Academy, Mumbai. Keep away from KL Rahul who hits them at will.",Not Available,KL Rahul,57.1,66.7,9.44,9.76,11,218
A Chandila,Not Available,Not Available,Bowler,Death Over Finisher,Sawai Mansingh Stadium,Unknown,Not Available,0,Execute standard death-over strategies: wide yorkers and back-of-a-length slower balls.,Vary pace and trajectory. Aim for the rough patches to induce a false shot.,"Elite threat. Treat with immense respect. Focus on rotating the strike and do not take unnecessary aerial risks. Historically, SE Marsh completely owns this bowler. Emulate that aggressive footprint.",A Chandila is a Death Over Finisher. Strongest at Sawai Mansingh Stadium. Keep away from SE Marsh who hits them at will.,Not Available,SE Marsh,57.1,57.1,6.21,6.0,11,234
A Uniyal,Not Available,Not Available,New Addition,Death Over Finisher,Neutral Venues,Unknown,Not Available,0,Execute standard death-over strategies: wide yorkers and back-of-a-length slower balls.,Vary pace and trajectory. Aim for the rough patches to induce a false shot.,Target this bowler aggressively. High economy rate suggests frequent boundary deliveries. Look for gaps early. ,A Uniyal is a Death Over Finisher. Strongest at most grounds.,Not Available,Not Available,57.1,57.1,10.42,8.21,2,38
S Kaul,Not Available,Not Available,Bowler,Death Over Finisher,"Rajiv Gandhi International Stadium, Uppal > Rajiv Gandhi International Stadium > Wankhede Stadium > Eden Gardens",Unknown,Not Available,0,Execute standard death-over strategies: wide yorkers and back-of-a-length slower balls.,Vary pace and trajectory. Aim for the rough patches to induce a false shot.,"Play out his deliveries on merit and wait for loose balls. Historically, PP Shaw completely owns this bowler. Emulate that aggressive footprint.","S Kaul is a Death Over Finisher. Strongest at Rajiv Gandhi International Stadium, Uppal. Keep away from PP Shaw who hits them at will.",Not Available,PP Shaw,55.6,55.6,8.43,8.56,58,1238
Noor Ahmad,Not Available,Not Available,Bowler,Death Over Finisher,"MA Chidambaram Stadium, Chepauk, Chennai > Narendra Modi Stadium, Ahmedabad > Eden Gardens, Kolkata > M Chinnaswamy Stadium, Bengaluru",Unknown,Not Available,0,Execute standard death-over strategies: wide yorkers and back-of-a-length slower balls.,Vary pace and trajectory. Aim for the rough patches to induce a false shot.,"Play out his deliveries on merit and wait for loose balls. Historically, V Suryavanshi completely owns this bowler. Emulate that aggressive footprint.","Noor Ahmad is a Death Over Finisher. Strongest at MA Chidambaram Stadium, Chepauk, Chennai. Keep away from V Suryavanshi who hits them at will.",Not Available,V Suryavanshi,55.6,66.7,7.86,8.05,55,1008
PJ Sangwan,Not Available,Not Available,Bowler,Death Over Finisher,"Feroz Shah Kotla > Kingsmead > SuperSport Park > Brabourne Stadium, Mumbai",Unknown,Not Available,0,Execute standard death-over strategies: wide yorkers and back-of-a-length slower balls.,Vary pace and trajectory. Aim for the rough patches to induce a false shot.,"Play out his deliveries on merit and wait for loose balls. Historically, M Vijay completely owns this bowler. Emulate that aggressive footprint.",PJ Sangwan is a Death Over Finisher. Strongest at Feroz Shah Kotla. Keep away from M Vijay who hits them at will.,Not Available,M Vijay,55.3,59.5,8.22,9.45,38,905
T Kohli,Not Available,Not Available,New Addition,Top Order Aggressor,Neutral Venues,Unknown,Not Available,0,Execute standard death-over strategies: wide yorkers and back-of-a-length slower balls.,Vary pace and trajectory. Aim for the rough patches to induce a false shot.,Target this bowler aggressively. High economy rate suggests frequent boundary deliveries. Look for gaps early. ,T Kohli is a Top Order Aggressor. Strongest at most grounds.,Not Available,Not Available,55.0,57.1,0.0,0.0,0,0
Mustafizur Rahman,Not Available,Not Available,Bowler,Death Over Finisher,"MA Chidambaram Stadium, Chepauk, Chennai > Wankhede Stadium, Mumbai > Rajiv Gandhi International Stadium, Uppal > Arun Jaitley Stadium, Delhi",Unknown,Not Available,0,Execute standard death-over strategies: wide yorkers and back-of-a-length slower balls.,Vary pace and trajectory. Aim for the rough patches to induce a false shot.,"Play out his deliveries on merit and wait for loose balls. Historically, Ishan Kishan completely owns this bowler. Emulate that aggressive footprint.","Mustafizur Rahman is a Death Over Finisher. Strongest at MA Chidambaram Stadium, Chepauk, Chennai. Keep away from Ishan Kishan who hits them at will.",Not Available,Ishan Kishan,54.2,54.2,7.82,8.67,65,1419
VY Mahesh,Not Available,Not Available,Bowler,Death Over Finisher,"Feroz Shah Kotla > Dr DY Patil Sports Academy > Punjab Cricket Association Stadium, Mohali > Eden Gardens",Unknown,Not Available,0,Execute standard death-over strategies: wide yorkers and back-of-a-length slower balls.,Vary pace and trajectory. Aim for the rough patches to induce a false shot.,"Play out his deliveries on merit and wait for loose balls. Historically, ST Jayasuriya completely owns this bowler. Emulate that aggressive footprint.",VY Mahesh is a Death Over Finisher. Strongest at Feroz Shah Kotla. Keep away from ST Jayasuriya who hits them at will.,Not Available,ST Jayasuriya,53.6,60.0,8.34,7.5,21,359
CJ McKay,Not Available,Not Available,New Addition,Middle Order Anchor,Neutral Venues,Unknown,Not Available,0,Execute standard death-over strategies: wide yorkers and back-of-a-length slower balls.,Vary pace and trajectory. Aim for the rough patches to induce a false shot.,Play out his deliveries on merit and wait for loose balls. ,CJ McKay is a Middle Order Anchor. Strongest at most grounds.,Not Available,Not Available,53.3,0.0,8.57,10.0,1,42
AB Dinda,Not Available,Not Available,Bowler,Death Over Finisher,"Subrata Roy Sahara Stadium > Eden Gardens > M Chinnaswamy Stadium > Rajiv Gandhi International Stadium, Uppal",Unknown,Not Available,0,Execute standard death-over strategies: wide yorkers and back-of-a-length slower balls.,Vary pace and trajectory. Aim for the rough patches to induce a false shot.,"Prime target for the death overs. Attack him aggressively late in the innings as he loses his length under pressure. Historically, Yuvraj Singh completely owns this bowler. Emulate that aggressive footprint.",AB Dinda is a Death Over Finisher. Strongest at Subrata Roy Sahara Stadium. Keep away from Yuvraj Singh who hits them at will.,Not Available,Yuvraj Singh,52.0,48.8,7.83,10.67,69,1589
S Badree,Not Available,Not Available,Bowler,Death Over Finisher,M Chinnaswamy Stadium,Unknown,Not Available,0,Execute standard death-over strategies: wide yorkers and back-of-a-length slower balls.,Vary pace and trajectory. Aim for the rough patches to induce a false shot.,"Play out his deliveries on merit and wait for loose balls. Historically, SP Narine completely owns this bowler. Emulate that aggressive footprint.",S Badree is a Death Over Finisher. Strongest at M Chinnaswamy Stadium. Keep away from SP Narine who hits them at will.,Not Available,SP Narine,52.0,50.0,7.28,4.0,11,263
CV Varun,Not Available,Not Available,Bowler,Death Over Finisher,"Eden Gardens, Kolkata > Dubai International Cricket Stadium > Sheikh Zayed Stadium > MA Chidambaram Stadium, Chepauk, Chennai",Unknown,Not Available,0,Execute standard death-over strategies: wide yorkers and back-of-a-length slower balls.,Vary pace and trajectory. Aim for the rough patches to induce a false shot.,"Play out his deliveries on merit and wait for loose balls. Historically, V Shankar completely owns this bowler. Emulate that aggressive footprint.","CV Varun is a Death Over Finisher. Strongest at Eden Gardens, Kolkata. Keep away from V Shankar who hits them at will.",HV Patel,V Shankar,51.0,54.2,7.48,8.23,107,2062
Mukesh Kumar,Not Available,Not Available,Bowler,Death Over Finisher,"Arun Jaitley Stadium, Delhi > Bharat Ratna Shri Atal Bihari Vajpayee Ekana Cricket Stadium, Lucknow > Dr. Y.S. Rajasekhara Reddy ACA-VDCA Cricket Stadium, Visakhapatnam > Narendra Modi Stadium, Ahmedabad",Unknown,Backward Point,1,Execute standard death-over strategies: wide yorkers and back-of-a-length slower balls.,Vary pace and trajectory. Aim for the rough patches to induce a false shot.,"Prime target for the death overs. Attack him aggressively late in the innings as he loses his length under pressure. Historically, H Klaasen completely owns this bowler. Emulate that aggressive footprint.","Mukesh Kumar is a Death Over Finisher. Strongest at Arun Jaitley Stadium, Delhi. Keep away from H Klaasen who hits them at will.",Not Available,H Klaasen,50.0,50.0,9.86,11.74,42,838
M Theekshana,Not Available,Not Available,Bowler,Death Over Finisher,"Dr DY Patil Sports Academy, Mumbai > Maharashtra Cricket Association Stadium, Pune > Sawai Mansingh Stadium, Jaipur > MA Chidambaram Stadium, Chepauk, Chennai",Unknown,Not Available,0,Execute standard death-over strategies: wide yorkers and back-of-a-length slower balls.,Vary pace and trajectory. Aim for the rough patches to induce a false shot.,"Play out his deliveries on merit and wait for loose balls. Historically, Ishan Kishan completely owns this bowler. Emulate that aggressive footprint.","M Theekshana is a Death Over Finisher. Strongest at Dr DY Patil Sports Academy, Mumbai. Keep away from Ishan Kishan who hits them at will.",Not Available,Ishan Kishan,50.0,68.2,8.03,8.53,36,902
KP Appanna,Not Available,Not Available,Bowler,Death Over Finisher,Sawai Mansingh Stadium,Unknown,Not Available,0,Execute standard death-over strategies: wide yorkers and back-of-a-length slower balls.,Vary pace and trajectory. Aim for the rough patches to induce a false shot.,"Prime target for the death overs. Attack him aggressively late in the innings as he loses his length under pressure. Historically, G Gambhir completely owns this bowler. Emulate that aggressive footprint.",KP Appanna is a Death Over Finisher. Strongest at Sawai Mansingh Stadium. Keep away from G Gambhir who hits them at will.,Not Available,G Gambhir,50.0,50.0,7.73,12.0,9,222
SE Bond,Not Available,Not Available,Bowler,Middle Order Anchor,Eden Gardens,Unknown,Not Available,0,Execute standard death-over strategies: wide yorkers and back-of-a-length slower balls.,Vary pace and trajectory. Aim for the rough patches to induce a false shot.,"Play out his deliveries on merit and wait for loose balls. Historically, S Dhawan completely owns this bowler. Emulate that aggressive footprint.",SE Bond is a Middle Order Anchor. Strongest at Eden Gardens. Keep away from S Dhawan who hits them at will.,Not Available,S Dhawan,50.0,0.0,7.04,9.32,9,191
Mohammad Asif,Not Available,Not Available,Bowler,Middle Order Anchor,Neutral Venues,Unknown,Not Available,0,Execute standard death-over strategies: wide yorkers and back-of-a-length slower balls.,Vary pace and trajectory. Aim for the rough patches to induce a false shot.,"Play out his deliveries on merit and wait for loose balls. Historically, AC Gilchrist completely owns this bowler. Emulate that aggressive footprint.",Mohammad Asif is a Middle Order Anchor. Strongest at most grounds. Keep away from AC Gilchrist who hits them at will.,Not Available,AC Gilchrist,50.0,33.3,8.92,9.62,8,199
BAW Mendis,Not Available,Not Available,Bowler,Death Over Finisher,Eden Gardens,Unknown,Not Available,0,Execute standard death-over strategies: wide yorkers and back-of-a-length slower balls.,Vary pace and trajectory. Aim for the rough patches to induce a false shot.,"Play out his deliveries on merit and wait for loose balls. Historically, SS Tiwary completely owns this bowler. Emulate that aggressive footprint.",BAW Mendis is a Death Over Finisher. Strongest at Eden Gardens. Keep away from SS Tiwary who hits them at will.,Not Available,SS Tiwary,50.0,50.0,7.33,8.67,8,248
S Randiv,Not Available,Not Available,Bowler,Death Over Finisher,"MA Chidambaram Stadium, Chepauk",Unknown,Not Available,0,Execute standard death-over strategies: wide yorkers and back-of-a-length slower balls.,Vary pace and trajectory. Aim for the rough patches to induce a false shot.,"Play out his deliveries on merit and wait for loose balls. Historically, PC Valthaty completely owns this bowler. Emulate that aggressive footprint.","S Randiv is a Death Over Finisher. Strongest at MA Chidambaram Stadium, Chepauk. Keep away from PC Valthaty who hits them at will.",Not Available,PC Valthaty,50.0,50.0,7.43,9.0,6,180
RJW Topley,Not Available,Not Available,Bowler,Death Over Finisher,"M Chinnaswamy Stadium, Bengaluru",Unknown,Not Available,0,Execute standard death-over strategies: wide yorkers and back-of-a-length slower balls.,Vary pace and trajectory. Aim for the rough patches to induce a false shot.,"Prime target for the death overs. Attack him aggressively late in the innings as he loses his length under pressure. Historically, Ishan Kishan completely owns this bowler. Emulate that aggressive footprint.","RJW Topley is a Death Over Finisher. Strongest at M Chinnaswamy Stadium, Bengaluru. Keep away from Ishan Kishan who hits them at will.",Not Available,Ishan Kishan,50.0,50.0,10.66,13.35,5,125
M de Lange,Not Available,Not Available,New Addition,Death Over Finisher,Eden Gardens > Wankhede Stadium,Unknown,Not Available,0,Execute standard death-over strategies: wide yorkers and back-of-a-length slower balls.,Vary pace and trajectory. Aim for the rough patches to induce a false shot.,"Prime target for the death overs. Attack him aggressively late in the innings as he loses his length under pressure. Historically, DR Smith completely owns this bowler. Emulate that aggressive footprint.",M de Lange is a Death Over Finisher. Strongest at Eden Gardens.,Not Available,DR Smith,50.0,50.0,8.74,11.25,5,116
GHS Garton,Not Available,Not Available,New Addition,Death Over Finisher,Neutral Venues,Unknown,Not Available,0,Execute standard death-over strategies: wide yorkers and back-of-a-length slower balls.,Vary pace and trajectory. Aim for the rough patches to induce a false shot.,"Play out his deliveries on merit and wait for loose balls. Historically, E Lewis completely owns this bowler. Emulate that aggressive footprint.",GHS Garton is a Death Over Finisher. Strongest at most grounds.,Not Available,E Lewis,50.0,50.0,8.35,5.67,3,97
T Shamsi,Not Available,Not Available,New Addition,Death Over Finisher,Neutral Venues,Unknown,Not Available,0,Execute standard death-over strategies: wide yorkers and back-of-a-length slower balls.,Vary pace and trajectory. Aim for the rough patches to induce a false shot.,"Prime target for the death overs. Attack him aggressively late in the innings as he loses his length under pressure. Historically, SS Iyer completely owns this bowler. Emulate that aggressive footprint.",T Shamsi is a Death Over Finisher. Strongest at most grounds.,Not Available,SS Iyer,50.0,50.0,9.05,14.0,3,120
R Ninan,Not Available,Not Available,New Addition,Death Over Finisher,Neutral Venues,Unknown,Not Available,0,Execute standard death-over strategies: wide yorkers and back-of-a-length slower balls.,Vary pace and trajectory. Aim for the rough patches to induce a false shot.,Prime target for the death overs. Attack him aggressively late in the innings as he loses his length under pressure. ,R Ninan is a Death Over Finisher. Strongest at most grounds.,Not Available,Not Available,50.0,50.0,10.83,16.0,3,36
KA Maharaj,Not Available,Not Available,New Addition,Death Over Finisher,"Maharaja Yadavindra Singh International Cricket Stadium, Mullanpur",Unknown,Not Available,0,Execute standard death-over strategies: wide yorkers and back-of-a-length slower balls.,Vary pace and trajectory. Aim for the rough patches to induce a false shot.,Elite threat. Treat with immense respect. Focus on rotating the strike and do not take unnecessary aerial risks. ,"KA Maharaj is a Death Over Finisher. Strongest at Maharaja Yadavindra Singh International Cricket Stadium, Mullanpur.",Not Available,Not Available,50.0,50.0,6.5,0.0,2,36
MJ Suthar,Not Available,Not Available,New Addition,Death Over Finisher,Neutral Venues,Unknown,Not Available,0,Execute standard death-over strategies: wide yorkers and back-of-a-length slower balls.,Vary pace and trajectory. Aim for the rough patches to induce a false shot.,"Prime target for the death overs. Attack him aggressively late in the innings as he loses his length under pressure. Historically, RD Gaikwad completely owns this bowler. Emulate that aggressive footprint.",MJ Suthar is a Death Over Finisher. Strongest at most grounds.,Not Available,RD Gaikwad,50.0,50.0,9.14,10.74,2,44
LB Williams,Not Available,Not Available,New Addition,Death Over Finisher,Neutral Venues,Unknown,Not Available,0,Execute standard death-over strategies: wide yorkers and back-of-a-length slower balls.,Vary pace and trajectory. Aim for the rough patches to induce a false shot.,Prime target for the death overs. Attack him aggressively late in the innings as he loses his length under pressure. ,LB Williams is a Death Over Finisher. Strongest at most grounds.,Not Available,Not Available,50.0,50.0,10.29,12.0,1,42
PM Sarvesh Kumar,Not Available,Not Available,New Addition,Death Over Finisher,Neutral Venues,Unknown,Not Available,0,Execute standard death-over strategies: wide yorkers and back-of-a-length slower balls.,Vary pace and trajectory. Aim for the rough patches to induce a false shot.,"Play out his deliveries on merit and wait for loose balls. Historically, G Gambhir completely owns this bowler. Emulate that aggressive footprint.",PM Sarvesh Kumar is a Death Over Finisher. Strongest at most grounds.,Not Available,G Gambhir,50.0,50.0,8.13,0.0,1,31
A Tomar,Not Available,Not Available,New Addition,Top Order Aggressor,Neutral Venues,Unknown,Not Available,0,Execute standard death-over strategies: wide yorkers and back-of-a-length slower balls.,Vary pace and trajectory. Aim for the rough patches to induce a false shot.,Target this bowler aggressively. High economy rate suggests frequent boundary deliveries. Look for gaps early. ,A Tomar is a Top Order Aggressor. Strongest at most grounds.,Not Available,Not Available,50.0,0.0,0.0,0.0,0,0
Mohit Rathee,Not Available,Not Available,New Addition,Death Over Finisher,Neutral Venues,Unknown,Not Available,0,Execute standard death-over strategies: wide yorkers and back-of-a-length slower balls.,Vary pace and trajectory. Aim for the rough patches to induce a false shot.,Target this bowler aggressively. High economy rate suggests frequent boundary deliveries. Look for gaps early. ,Mohit Rathee is a Death Over Finisher. Strongest at most grounds.,Not Available,Not Available,50.0,50.0,14.5,0.0,0,12
PSP Handscomb,Not Available,Not Available,New Addition,Middle Order Anchor,Neutral Venues,Unknown,Not Available,0,Execute standard death-over strategies: wide yorkers and back-of-a-length slower balls.,Vary pace and trajectory. Aim for the rough patches to induce a false shot.,Target this bowler aggressively. High economy rate suggests frequent boundary deliveries. Look for gaps early. ,PSP Handscomb is a Middle Order Anchor. Strongest at most grounds.,Not Available,Not Available,50.0,0.0,0.0,0.0,0,0
Krish Bhagat,Not Available,Not Available,New Addition,Middle Order Anchor,Neutral Venues,Unknown,Not Available,0,Execute standard death-over strategies: wide yorkers and back-of-a-length slower balls.,Vary pace and trajectory. Aim for the rough patches to induce a false shot.,"Prime target for the death overs. Attack him aggressively late in the innings as he loses his length under pressure. Historically, SV Samson completely owns this bowler. Emulate that aggressive footprint.",Krish Bhagat is a Middle Order Anchor. Strongest at most grounds.,Not Available,SV Samson,46.7,42.9,10.25,15.5,0,24
UA Birla,Not Available,Not Available,New Addition,Top Order Aggressor,Neutral Venues,Unknown,Not Available,0,Execute standard death-over strategies: wide yorkers and back-of-a-length slower balls.,Vary pace and trajectory. Aim for the rough patches to induce a false shot.,Target this bowler aggressively. High economy rate suggests frequent boundary deliveries. Look for gaps early. ,UA Birla is a Top Order Aggressor. Strongest at most grounds.,Not Available,Not Available,46.7,0.0,0.0,0.0,0,0
PV Tambe,Not Available,Not Available,Bowler,Death Over Finisher,"Sardar Patel Stadium, Motera > Sheikh Zayed Stadium > Wankhede Stadium > Feroz Shah Kotla",Unknown,Not Available,0,Execute standard death-over strategies: wide yorkers and back-of-a-length slower balls.,Vary pace and trajectory. Aim for the rough patches to induce a false shot.,"Prime target for the death overs. Attack him aggressively late in the innings as he loses his length under pressure. Historically, CJ Anderson completely owns this bowler. Emulate that aggressive footprint.","PV Tambe is a Death Over Finisher. Strongest at Sardar Patel Stadium, Motera. Keep away from CJ Anderson who hits them at will.",Not Available,CJ Anderson,46.2,40.0,7.59,10.86,28,674
S Nadeem,Not Available,Not Available,Bowler,Death Over Finisher,Feroz Shah Kotla > Wankhede Stadium > Sharjah Cricket Stadium > Eden Gardens,Unknown,Not Available,0,Execute standard death-over strategies: wide yorkers and back-of-a-length slower balls.,Vary pace and trajectory. Aim for the rough patches to induce a false shot.,"Play out his deliveries on merit and wait for loose balls. Historically, SPD Smith completely owns this bowler. Emulate that aggressive footprint.",S Nadeem is a Death Over Finisher. Strongest at Feroz Shah Kotla. Keep away from SPD Smith who hits them at will.,SP Narine,SPD Smith,44.3,45.5,7.41,9.28,48,1444
GC Viljoen,Not Available,Not Available,Bowler,Death Over Finisher,Punjab Cricket Association IS Bindra Stadium > Arun Jaitley Stadium,Unknown,Not Available,0,Execute standard death-over strategies: wide yorkers and back-of-a-length slower balls.,Vary pace and trajectory. Aim for the rough patches to induce a false shot.,"Prime target for the death overs. Attack him aggressively late in the innings as he loses his length under pressure. Historically, CA Ingram completely owns this bowler. Emulate that aggressive footprint.",GC Viljoen is a Death Over Finisher. Strongest at Punjab Cricket Association IS Bindra Stadium. Keep away from CA Ingram who hits them at will.,Not Available,CA Ingram,42.9,42.9,9.12,12.13,7,146
Younis Khan,Not Available,Not Available,New Addition,Top Order Aggressor,Neutral Venues,Unknown,Not Available,0,Execute standard death-over strategies: wide yorkers and back-of-a-length slower balls.,Vary pace and trajectory. Aim for the rough patches to induce a false shot.,Target this bowler aggressively. High economy rate suggests frequent boundary deliveries. Look for gaps early. ,Younis Khan is a Top Order Aggressor. Strongest at most grounds.,Not Available,Not Available,42.9,0.0,0.0,0.0,0,0
Prince Yadav,Not Available,Not Available,Bowler,Death Over Finisher,"Bharat Ratna Shri Atal Bihari Vajpayee Ekana Cricket Stadium, Lucknow > Rajiv Gandhi International Stadium, Uppal, Hyderabad > M Chinnaswamy Stadium, Bengaluru",Unknown,Not Available,0,Execute standard death-over strategies: wide yorkers and back-of-a-length slower balls.,Vary pace and trajectory. Aim for the rough patches to induce a false shot.,"Prime target for the death overs. Attack him aggressively late in the innings as he loses his length under pressure. Historically, P Simran Singh completely owns this bowler. Emulate that aggressive footprint.","Prince Yadav is a Death Over Finisher. Strongest at Bharat Ratna Shri Atal Bihari Vajpayee Ekana Cricket Stadium, Lucknow. Keep away from P Simran Singh who hits them at will.",Not Available,P Simran Singh,41.7,41.7,8.39,10.58,16,337
YS Chahal,Not Available,Not Available,Bowler,Death Over Finisher,"M Chinnaswamy Stadium > Dubai International Cricket Stadium > M.Chinnaswamy Stadium > Wankhede Stadium, Mumbai",Unknown,Not Available,0,Execute standard death-over strategies: wide yorkers and back-of-a-length slower balls.,Vary pace and trajectory. Aim for the rough patches to induce a false shot.,"Play out his deliveries on merit and wait for loose balls. Historically, Abhishek Sharma completely owns this bowler. Emulate that aggressive footprint.",YS Chahal is a Death Over Finisher. Strongest at M Chinnaswamy Stadium. Keep away from Abhishek Sharma who hits them at will.,Imran Tahir,Abhishek Sharma,41.6,50.0,7.78,8.98,228,4068
R Minz,Not Available,Not Available,New Addition,Middle Order Anchor,Neutral Venues,Unknown,Not Available,0,Execute standard death-over strategies: wide yorkers and back-of-a-length slower balls.,Vary pace and trajectory. Aim for the rough patches to induce a false shot.,Target this bowler aggressively. High economy rate suggests frequent boundary deliveries. Look for gaps early. ,R Minz is a Middle Order Anchor. Strongest at most grounds.,Not Available,Not Available,41.2,100.0,0.0,0.0,0,0
BR Sharath,Not Available,Not Available,New Addition,Middle Order Anchor,Neutral Venues,Unknown,Not Available,0,Execute standard death-over strategies: wide yorkers and back-of-a-length slower balls.,Vary pace and trajectory. Aim for the rough patches to induce a false shot.,Target this bowler aggressively. High economy rate suggests frequent boundary deliveries. Look for gaps early. ,BR Sharath is a Middle Order Anchor. Strongest at most grounds.,Not Available,Not Available,40.0,0.0,0.0,0.0,0,0
DV Malewar,Not Available,Not Available,New Addition,Top Order Aggressor,Neutral Venues,Unknown,Not Available,0,Execute standard death-over strategies: wide yorkers and back-of-a-length slower balls.,Vary pace and trajectory. Aim for the rough patches to induce a false shot.,Target this bowler aggressively. High economy rate suggests frequent boundary deliveries. Look for gaps early. ,DV Malewar is a Top Order Aggressor. Strongest at most grounds.,Not Available,Not Available,40.0,0.0,0.0,0.0,0,0
H Das,Not Available,Not Available,New Addition,Death Over Finisher,Neutral Venues,Unknown,Not Available,0,Execute standard death-over strategies: wide yorkers and back-of-a-length slower balls.,Vary pace and trajectory. Aim for the rough patches to induce a false shot.,Target this bowler aggressively. High economy rate suggests frequent boundary deliveries. Look for gaps early. ,H Das is a Death Over Finisher. Strongest at most grounds.,Not Available,Not Available,40.0,40.0,0.0,0.0,0,0
IS Sodhi,Not Available,Not Available,Bowler,Death Over Finisher,Sawai Mansingh Stadium > Arun Jaitley Stadium,Unknown,Not Available,0,Execute standard death-over strategies: wide yorkers and back-of-a-length slower balls.,Vary pace and trajectory. Aim for the rough patches to induce a false shot.,"Elite threat. Treat with immense respect. Focus on rotating the strike and do not take unnecessary aerial risks. Historically, AB de Villiers completely owns this bowler. Emulate that aggressive footprint.",IS Sodhi is a Death Over Finisher. Strongest at Sawai Mansingh Stadium. Keep away from AB de Villiers who hits them at will.,Not Available,AB de Villiers,38.9,45.5,6.66,6.86,9,182
B Laughlin,Not Available,Not Available,Bowler,Middle Order Anchor,Sawai Mansingh Stadium,Unknown,Not Available,0,Execute standard death-over strategies: wide yorkers and back-of-a-length slower balls.,Vary pace and trajectory. Aim for the rough patches to induce a false shot.,"Prime target for the death overs. Attack him aggressively late in the innings as he loses his length under pressure. Historically, KD Karthik completely owns this bowler. Emulate that aggressive footprint.",B Laughlin is a Middle Order Anchor. Strongest at Sawai Mansingh Stadium. Keep away from KD Karthik who hits them at will.,Not Available,KD Karthik,38.5,33.3,9.45,10.77,10,179
M Prasidh Krishna,Not Available,Not Available,Bowler,Death Over Finisher,"Narendra Modi Stadium, Ahmedabad > Wankhede Stadium, Mumbai > Eden Gardens > Bharat Ratna Shri Atal Bihari Vajpayee Ekana Cricket Stadium, Lucknow",Unknown,Not Available,0,Execute standard death-over strategies: wide yorkers and back-of-a-length slower balls.,Vary pace and trajectory. Aim for the rough patches to induce a false shot.,"Play out his deliveries on merit and wait for loose balls. Historically, MP Stoinis completely owns this bowler. Emulate that aggressive footprint.","M Prasidh Krishna is a Death Over Finisher. Strongest at Narendra Modi Stadium, Ahmedabad. Keep away from MP Stoinis who hits them at will.",Not Available,MP Stoinis,37.5,37.5,8.43,9.74,87,1757
L Ngidi,Not Available,Not Available,Bowler,Death Over Finisher,"Maharashtra Cricket Association Stadium > Sheikh Zayed Stadium > M Chinnaswamy Stadium, Bengaluru > Arun Jaitley Stadium, Delhi",Unknown,Not Available,0,Execute standard death-over strategies: wide yorkers and back-of-a-length slower balls.,Vary pace and trajectory. Aim for the rough patches to induce a false shot.,"Play out his deliveries on merit and wait for loose balls. Historically, KA Pollard completely owns this bowler. Emulate that aggressive footprint.",L Ngidi is a Death Over Finisher. Strongest at Maharashtra Cricket Association Stadium. Keep away from KA Pollard who hits them at will.,Not Available,KA Pollard,37.5,37.5,8.2,8.57,36,538
D Kalyankrishna,Not Available,Not Available,New Addition,Death Over Finisher,"Rajiv Gandhi International Stadium, Uppal",Unknown,Not Available,0,Execute standard death-over strategies: wide yorkers and back-of-a-length slower balls.,Vary pace and trajectory. Aim for the rough patches to induce a false shot.,Prime target for the death overs. Attack him aggressively late in the innings as he loses his length under pressure. ,"D Kalyankrishna is a Death Over Finisher. Strongest at Rajiv Gandhi International Stadium, Uppal.",Not Available,Not Available,37.5,37.5,10.44,17.0,2,50
SB Joshi,Not Available,Not Available,New Addition,Middle Order Anchor,Neutral Venues,Unknown,Not Available,0,Execute standard death-over strategies: wide yorkers and back-of-a-length slower balls.,Vary pace and trajectory. Aim for the rough patches to induce a false shot.,Prime target for the death overs. Attack him aggressively late in the innings as he loses his length under pressure. ,SB Joshi is a Middle Order Anchor. Strongest at most grounds.,Not Available,Not Available,37.5,0.0,8.95,11.14,1,55
RK Bhui,Not Available,Not Available,New Addition,Middle Order Anchor,Neutral Venues,Unknown,Not Available,0,Execute standard death-over strategies: wide yorkers and back-of-a-length slower balls.,Vary pace and trajectory. Aim for the rough patches to induce a false shot.,Target this bowler aggressively. High economy rate suggests frequent boundary deliveries. Look for gaps early. ,RK Bhui is a Middle Order Anchor. Strongest at most grounds.,Not Available,Not Available,37.0,0.0,0.0,0.0,0,0
VG Arora,Not Available,Not Available,Bowler,Death Over Finisher,"Eden Gardens, Kolkata > MA Chidambaram Stadium, Chepauk, Chennai > Dr. Y.S. Rajasekhara Reddy ACA-VDCA Cricket Stadium, Visakhapatnam > Brabourne Stadium, Mumbai",Unknown,Not Available,0,Execute standard death-over strategies: wide yorkers and back-of-a-length slower balls.,Vary pace and trajectory. Aim for the rough patches to induce a false shot.,"Target this bowler aggressively. High economy rate suggests frequent boundary deliveries. Look for gaps early. Historically, D Brevis completely owns this bowler. Emulate that aggressive footprint.","VG Arora is a Death Over Finisher. Strongest at Eden Gardens, Kolkata. Keep away from D Brevis who hits them at will.",Not Available,D Brevis,35.7,47.6,9.01,9.6,45,868
P Awana,Not Available,Not Available,Bowler,Death Over Finisher,"Punjab Cricket Association Stadium, Mohali > Feroz Shah Kotla > Wankhede Stadium > Himachal Pradesh Cricket Association Stadium",Unknown,Not Available,0,Execute standard death-over strategies: wide yorkers and back-of-a-length slower balls.,Vary pace and trajectory. Aim for the rough patches to induce a false shot.,"Play out his deliveries on merit and wait for loose balls. Historically, DA Warner completely owns this bowler. Emulate that aggressive footprint.","P Awana is a Death Over Finisher. Strongest at Punjab Cricket Association Stadium, Mohali. Keep away from DA Warner who hits them at will.",Not Available,DA Warner,35.7,35.7,7.98,10.07,39,774
PP Ojha,Not Available,Not Available,Bowler,Death Over Finisher,"Wankhede Stadium > MA Chidambaram Stadium, Chepauk > Eden Gardens > Kingsmead",Unknown,Not Available,0,Execute standard death-over strategies: wide yorkers and back-of-a-length slower balls.,Vary pace and trajectory. Aim for the rough patches to induce a false shot.,"Play out his deliveries on merit and wait for loose balls. Historically, KK Nair completely owns this bowler. Emulate that aggressive footprint.",PP Ojha is a Death Over Finisher. Strongest at Wankhede Stadium. Keep away from KK Nair who hits them at will.,Not Available,KK Nair,35.6,37.2,7.21,9.05,89,1945
TD Paine,Not Available,Not Available,New Addition,Top Order Aggressor,Neutral Venues,Unknown,Not Available,0,Execute standard death-over strategies: wide yorkers and back-of-a-length slower balls.,Vary pace and trajectory. Aim for the rough patches to induce a false shot.,Target this bowler aggressively. High economy rate suggests frequent boundary deliveries. Look for gaps early. ,TD Paine is a Top Order Aggressor. Strongest at most grounds.,Not Available,Not Available,34.5,0.0,0.0,0.0,0,0
DS Rathi,Not Available,Not Available,Bowler,Death Over Finisher,"Bharat Ratna Shri Atal Bihari Vajpayee Ekana Cricket Stadium, Lucknow",Unknown,Not Available,0,Execute standard death-over strategies: wide yorkers and back-of-a-length slower balls.,Vary pace and trajectory. Aim for the rough patches to induce a false shot.,"Play out his deliveries on merit and wait for loose balls. Historically, Nithish Kumar Reddy completely owns this bowler. Emulate that aggressive footprint.","DS Rathi is a Death Over Finisher. Strongest at Bharat Ratna Shri Atal Bihari Vajpayee Ekana Cricket Stadium, Lucknow. Keep away from Nithish Kumar Reddy who hits them at will.",Not Available,Nithish Kumar Reddy,33.3,33.3,8.37,10.44,17,469
P Parameswaran,Not Available,Not Available,Bowler,Death Over Finisher,Feroz Shah Kotla,Unknown,Not Available,0,Execute standard death-over strategies: wide yorkers and back-of-a-length slower balls.,Vary pace and trajectory. Aim for the rough patches to induce a false shot.,"Play out his deliveries on merit and wait for loose balls. Historically, S Dhawan completely owns this bowler. Emulate that aggressive footprint.",P Parameswaran is a Death Over Finisher. Strongest at Feroz Shah Kotla. Keep away from S Dhawan who hits them at will.,Not Available,S Dhawan,33.3,33.3,8.45,9.07,9,159
BE Hendricks,Not Available,Not Available,Bowler,Death Over Finisher,"Punjab Cricket Association Stadium, Mohali > Feroz Shah Kotla",Unknown,Not Available,0,Execute standard death-over strategies: wide yorkers and back-of-a-length slower balls.,Vary pace and trajectory. Aim for the rough patches to induce a false shot.,"Play out his deliveries on merit and wait for loose balls. Historically, LMP Simmons completely owns this bowler. Emulate that aggressive footprint.","BE Hendricks is a Death Over Finisher. Strongest at Punjab Cricket Association Stadium, Mohali. Keep away from LMP Simmons who hits them at will.",Not Available,LMP Simmons,33.3,33.3,8.98,8.36,9,157
Brijesh Sharma,Not Available,Not Available,Bowler,Death Over Finisher,"Barsapara Cricket Stadium, Guwahati",Unknown,Not Available,0,Execute standard death-over strategies: wide yorkers and back-of-a-length slower balls.,Vary pace and trajectory. Aim for the rough patches to induce a false shot.,Play out his deliveries on merit and wait for loose balls. ,"Brijesh Sharma is a Death Over Finisher. Strongest at Barsapara Cricket Stadium, Guwahati.",Not Available,Not Available,33.3,33.3,8.68,9.62,7,148
Fazalhaq Farooqi,Not Available,Not Available,Bowler,Death Over Finisher,"Wankhede Stadium, Mumbai",Unknown,Not Available,0,Execute standard death-over strategies: wide yorkers and back-of-a-length slower balls.,Vary pace and trajectory. Aim for the rough patches to induce a false shot.,"Prime target for the death overs. Attack him aggressively late in the innings as he loses his length under pressure. Historically, Shubman Gill completely owns this bowler. Emulate that aggressive footprint.","Fazalhaq Farooqi is a Death Over Finisher. Strongest at Wankhede Stadium, Mumbai. Keep away from Shubman Gill who hits them at will.",Not Available,Shubman Gill,33.3,33.3,9.86,14.19,6,266
LE Plunkett,Not Available,Not Available,Bowler,Death Over Finisher,Arun Jaitley Stadium,Unknown,Not Available,0,Execute standard death-over strategies: wide yorkers and back-of-a-length slower balls.,Vary pace and trajectory. Aim for the rough patches to induce a false shot.,"Play out his deliveries on merit and wait for loose balls. Historically, KS Williamson completely owns this bowler. Emulate that aggressive footprint.",LE Plunkett is a Death Over Finisher. Strongest at Arun Jaitley Stadium. Keep away from KS Williamson who hits them at will.,Not Available,KS Williamson,33.3,33.3,8.77,8.45,4,154
DJ Muthuswami,Not Available,Not Available,New Addition,Death Over Finisher,Feroz Shah Kotla,Unknown,Not Available,0,Execute standard death-over strategies: wide yorkers and back-of-a-length slower balls.,Vary pace and trajectory. Aim for the rough patches to induce a false shot.,Play out his deliveries on merit and wait for loose balls. ,DJ Muthuswami is a Death Over Finisher. Strongest at Feroz Shah Kotla.,Not Available,Not Available,33.3,33.3,7.21,1.0,4,84
DP Nannes,Not Available,Not Available,Bowler,Death Over Finisher,"SuperSport Park > New Wanderers Stadium > Punjab Cricket Association Stadium, Mohali > MA Chidambaram Stadium, Chepauk",Unknown,Not Available,0,Execute standard death-over strategies: wide yorkers and back-of-a-length slower balls.,Vary pace and trajectory. Aim for the rough patches to induce a false shot.,"Play out his deliveries on merit and wait for loose balls. Historically, BB McCullum completely owns this bowler. Emulate that aggressive footprint.",DP Nannes is a Death Over Finisher. Strongest at SuperSport Park. Keep away from BB McCullum who hits them at will.,Not Available,BB McCullum,30.8,22.2,6.84,8.37,28,689
Shoaib Akhtar,Not Available,Not Available,New Addition,Middle Order Anchor,Eden Gardens,Unknown,Not Available,0,Execute standard death-over strategies: wide yorkers and back-of-a-length slower balls.,Vary pace and trajectory. Aim for the rough patches to induce a false shot.,Play out his deliveries on merit and wait for loose balls. ,Shoaib Akhtar is a Middle Order Anchor. Strongest at Eden Gardens.,Not Available,Not Available,25.0,0.0,7.04,0.0,5,46
MS Bhandage,Not Available,Not Available,New Addition,Middle Order Anchor,Neutral Venues,Unknown,Not Available,0,Execute standard death-over strategies: wide yorkers and back-of-a-length slower balls.,Vary pace and trajectory. Aim for the rough patches to induce a false shot.,Target this bowler aggressively. High economy rate suggests frequent boundary deliveries. Look for gaps early. ,MS Bhandage is a Middle Order Anchor. Strongest at most grounds.,Not Available,Not Available,25.0,0.0,0.0,0.0,0,0
RS Gavaskar,Not Available,Not Available,New Addition,Middle Order Anchor,Neutral Venues,Unknown,Not Available,0,Execute standard death-over strategies: wide yorkers and back-of-a-length slower balls.,Vary pace and trajectory. Aim for the rough patches to induce a false shot.,Play out his deliveries on merit and wait for loose balls. ,RS Gavaskar is a Middle Order Anchor. Strongest at most grounds.,Not Available,Not Available,25.0,0.0,8.0,8.0,0,6
KK Ahmed,Not Available,Not Available,Bowler,Death Over Finisher,"MA Chidambaram Stadium, Chepauk, Chennai > Rajiv Gandhi International Stadium > Brabourne Stadium, Mumbai > Arun Jaitley Stadium, Delhi",Unknown,Not Available,0,Execute standard death-over strategies: wide yorkers and back-of-a-length slower balls.,Vary pace and trajectory. Aim for the rough patches to induce a false shot.,"Play out his deliveries on merit and wait for loose balls. Historically, Priyansh Arya completely owns this bowler. Emulate that aggressive footprint.","KK Ahmed is a Death Over Finisher. Strongest at MA Chidambaram Stadium, Chepauk, Chennai. Keep away from Priyansh Arya who hits them at will.",Not Available,Priyansh Arya,22.2,22.2,8.53,10.08,91,1741
A Singh,Not Available,Not Available,Bowler,Death Over Finisher,"Sawai Mansingh Stadium > Kingsmead > SuperSport Park > Rajiv Gandhi International Stadium, Uppal",Unknown,Not Available,0,Execute standard death-over strategies: wide yorkers and back-of-a-length slower balls.,Vary pace and trajectory. Aim for the rough patches to induce a false shot.,"Play out his deliveries on merit and wait for loose balls. Historically, SK Raina completely owns this bowler. Emulate that aggressive footprint.",A Singh is a Death Over Finisher. Strongest at Sawai Mansingh Stadium. Keep away from SK Raina who hits them at will.,Not Available,SK Raina,20.0,25.0,7.65,9.93,28,486
HF Gurney,Not Available,Not Available,Bowler,Death Over Finisher,Eden Gardens,Unknown,Not Available,0,Execute standard death-over strategies: wide yorkers and back-of-a-length slower balls.,Vary pace and trajectory. Aim for the rough patches to induce a false shot.,"Prime target for the death overs. Attack him aggressively late in the innings as he loses his length under pressure. Historically, V Kohli completely owns this bowler. Emulate that aggressive footprint.",HF Gurney is a Death Over Finisher. Strongest at Eden Gardens. Keep away from V Kohli who hits them at will.,Not Available,V Kohli,20.0,20.0,8.45,11.79,7,169
Ashok Sharma,Not Available,Not Available,Bowler,Middle Order Anchor,"Narendra Modi Stadium, Ahmedabad",Unknown,Not Available,0,Execute standard death-over strategies: wide yorkers and back-of-a-length slower balls.,Vary pace and trajectory. Aim for the rough patches to induce a false shot.,"Prime target for the death overs. Attack him aggressively late in the innings as he loses his length under pressure. Historically, C Green completely owns this bowler. Emulate that aggressive footprint.","Ashok Sharma is a Middle Order Anchor. Strongest at Narendra Modi Stadium, Ahmedabad. Keep away from C Green who hits them at will.",Not Available,C Green,20.0,0.0,10.06,10.53,6,136
Ashwani Kumar,Not Available,Not Available,Bowler,Death Over Finisher,"Wankhede Stadium, Mumbai > Narendra Modi Stadium, Ahmedabad",Unknown,Not Available,0,Execute standard death-over strategies: wide yorkers and back-of-a-length slower balls.,Vary pace and trajectory. Aim for the rough patches to induce a false shot.,"Prime target for the death overs. Attack him aggressively late in the innings as he loses his length under pressure. Historically, SS Iyer completely owns this bowler. Emulate that aggressive footprint.","Ashwani Kumar is a Death Over Finisher. Strongest at Wankhede Stadium, Mumbai. Keep away from SS Iyer who hits them at will.",Not Available,SS Iyer,16.7,16.7,10.22,12.94,17,196
Shoaib Ahmed,Not Available,Not Available,New Addition,Death Over Finisher,Neutral Venues,Unknown,Not Available,0,Execute standard death-over strategies: wide yorkers and back-of-a-length slower balls.,Vary pace and trajectory. Aim for the rough patches to induce a false shot.,"Prime target for the death overs. Attack him aggressively late in the innings as he loses his length under pressure. Historically, TM Dilshan completely owns this bowler. Emulate that aggressive footprint.",Shoaib Ahmed is a Death Over Finisher. Strongest at most grounds.,Not Available,TM Dilshan,16.7,0.0,8.85,14.0,5,103
Mohammad Ashraful,Not Available,Not Available,New Addition,Top Order Aggressor,Neutral Venues,Unknown,Not Available,0,Execute standard death-over strategies: wide yorkers and back-of-a-length slower balls.,Vary pace and trajectory. Aim for the rough patches to induce a false shot.,Target this bowler aggressively. High economy rate suggests frequent boundary deliveries. Look for gaps early. ,Mohammad Ashraful is a Top Order Aggressor. Strongest at most grounds.,Not Available,Not Available,16.7,0.0,0.0,0.0,0,0
M Pathirana,Not Available,Not Available,Bowler,Middle Order,"MA Chidambaram Stadium, Chepauk, Chennai > Wankhede Stadium, Mumbai > M Chinnaswamy Stadium, Bengaluru > Bharat Ratna Shri Atal Bihari Vajpayee Ekana Cricket Stadium, Lucknow",Unknown,Not Available,0,Execute standard death-over strategies: wide yorkers and back-of-a-length slower balls.,Vary pace and trajectory. Aim for the rough patches to induce a false shot.,"Play out his deliveries on merit and wait for loose balls. Historically, SS Iyer completely owns this bowler. Emulate that aggressive footprint.","M Pathirana is a Middle Order. Strongest at MA Chidambaram Stadium, Chepauk, Chennai. Keep away from SS Iyer who hits them at will.",Not Available,SS Iyer,0.0,0.0,7.75,8.3,47,787
E Malinga,Not Available,Not Available,Bowler,Middle Order,"Rajiv Gandhi International Stadium, Uppal, Hyderabad > Bharat Ratna Shri Atal Bihari Vajpayee Ekana Cricket Stadium, Lucknow > Wankhede Stadium, Mumbai > Arun Jaitley Stadium, Delhi",Unknown,Not Available,0,Execute standard death-over strategies: wide yorkers and back-of-a-length slower balls.,Vary pace and trajectory. Aim for the rough patches to induce a false shot.,"Play out his deliveries on merit and wait for loose balls. Historically, SS Iyer completely owns this bowler. Emulate that aggressive footprint.","E Malinga is a Middle Order. Strongest at Rajiv Gandhi International Stadium, Uppal, Hyderabad. Keep away from SS Iyer who hits them at will.",Not Available,SS Iyer,0.0,0.0,8.44,8.85,28,371
Suyash Sharma,Not Available,Not Available,Bowler,Middle Order,"Eden Gardens, Kolkata > M Chinnaswamy Stadium, Bengaluru > Maharaja Yadavindra Singh International Cricket Stadium, Mullanpur > Wankhede Stadium, Mumbai",Unknown,Short Third Man,2,Execute standard death-over strategies: wide yorkers and back-of-a-length slower balls.,Vary pace and trajectory. Aim for the rough patches to induce a false shot.,"Play out his deliveries on merit and wait for loose balls. Historically, RR Pant completely owns this bowler. Emulate that aggressive footprint.","Suyash Sharma is a Middle Order. Strongest at Eden Gardens, Kolkata. Keep away from RR Pant who hits them at will.",Not Available,RR Pant,0.0,0.0,8.45,8.94,25,754
Yash Thakur,Not Available,Not Available,Bowler,Middle Order,"Bharat Ratna Shri Atal Bihari Vajpayee Ekana Cricket Stadium, Lucknow > Punjab Cricket Association IS Bindra Stadium, Mohali, Chandigarh > MA Chidambaram Stadium, Chepauk, Chennai",Unknown,Not Available,0,Execute standard death-over strategies: wide yorkers and back-of-a-length slower balls.,Vary pace and trajectory. Aim for the rough patches to induce a false shot.,"Target this bowler aggressively. High economy rate suggests frequent boundary deliveries. Look for gaps early. Historically, Abhishek Sharma completely owns this bowler. Emulate that aggressive footprint.","Yash Thakur is a Middle Order. Strongest at Bharat Ratna Shri Atal Bihari Vajpayee Ekana Cricket Stadium, Lucknow. Keep away from Abhishek Sharma who hits them at will.",Not Available,Abhishek Sharma,0.0,0.0,9.73,10.45,25,475
BW Hilfenhaus,Not Available,Not Available,Bowler,Middle Order,"MA Chidambaram Stadium, Chepauk > Dubai International Cricket Stadium",Unknown,Not Available,0,Execute standard death-over strategies: wide yorkers and back-of-a-length slower balls.,Vary pace and trajectory. Aim for the rough patches to induce a false shot.,"Prime target for the death overs. Attack him aggressively late in the innings as he loses his length under pressure. Historically, DR Smith completely owns this bowler. Emulate that aggressive footprint.","BW Hilfenhaus is a Middle Order. Strongest at MA Chidambaram Stadium, Chepauk. Keep away from DR Smith who hits them at will.",Not Available,DR Smith,0.0,0.0,7.37,10.75,22,390
RP Meredith,Not Available,Not Available,Bowler,Death Over Finisher,"Wankhede Stadium, Mumbai > Narendra Modi Stadium, Ahmedabad > Dr DY Patil Sports Academy, Mumbai",Unknown,Not Available,0,Execute standard death-over strategies: wide yorkers and back-of-a-length slower balls.,Vary pace and trajectory. Aim for the rough patches to induce a false shot.,"Play out his deliveries on merit and wait for loose balls. Historically, VR Iyer completely owns this bowler. Emulate that aggressive footprint.","RP Meredith is a Death Over Finisher. Strongest at Wankhede Stadium, Mumbai. Keep away from VR Iyer who hits them at will.",Not Available,VR Iyer,0.0,0.0,8.85,10.04,19,415
IC Pandey,Not Available,Not Available,Bowler,Death Over Finisher,"MA Chidambaram Stadium, Chepauk > Wankhede Stadium",Unknown,Not Available,0,Execute standard death-over strategies: wide yorkers and back-of-a-length slower balls.,Vary pace and trajectory. Aim for the rough patches to induce a false shot.,"Play out his deliveries on merit and wait for loose balls. Historically, RV Uthappa completely owns this bowler. Emulate that aggressive footprint.","IC Pandey is a Death Over Finisher. Strongest at MA Chidambaram Stadium, Chepauk. Keep away from RV Uthappa who hits them at will.",Not Available,RV Uthappa,0.0,0.0,7.56,10.26,18,469
YA Abdulla,Not Available,Not Available,Bowler,Death Over Finisher,Kingsmead > Newlands,Unknown,Not Available,0,Execute standard death-over strategies: wide yorkers and back-of-a-length slower balls.,Vary pace and trajectory. Aim for the rough patches to induce a false shot.,"Prime target for the death overs. Attack him aggressively late in the innings as he loses his length under pressure. Historically, CH Gayle completely owns this bowler. Emulate that aggressive footprint.",YA Abdulla is a Death Over Finisher. Strongest at Kingsmead. Keep away from CH Gayle who hits them at will.,Not Available,CH Gayle,0.0,0.0,8.3,10.69,15,222
KR Sen,Not Available,Not Available,Bowler,Death Over Finisher,"Maharashtra Cricket Association Stadium, Pune > Sawai Mansingh Stadium, Jaipur",Unknown,Not Available,0,Execute standard death-over strategies: wide yorkers and back-of-a-length slower balls.,Vary pace and trajectory. Aim for the rough patches to induce a false shot.,"Prime target for the death overs. Attack him aggressively late in the innings as he loses his length under pressure. Historically, HH Pandya completely owns this bowler. Emulate that aggressive footprint.","KR Sen is a Death Over Finisher. Strongest at Maharashtra Cricket Association Stadium, Pune. Keep away from HH Pandya who hits them at will.",Not Available,HH Pandya,0.0,0.0,9.11,12.55,14,255
S Lamichhane,Not Available,Not Available,Bowler,Death Over Finisher,Arun Jaitley Stadium,Unknown,Not Available,0,Execute standard death-over strategies: wide yorkers and back-of-a-length slower balls.,Vary pace and trajectory. Aim for the rough patches to induce a false shot.,"Play out his deliveries on merit and wait for loose balls. Historically, V Kohli completely owns this bowler. Emulate that aggressive footprint.",S Lamichhane is a Death Over Finisher. Strongest at Arun Jaitley Stadium. Keep away from V Kohli who hits them at will.,Not Available,V Kohli,0.0,0.0,8.3,10.06,13,211
J Little,Not Available,Not Available,Bowler,Middle Order,"M Chinnaswamy Stadium, Bengaluru > Narendra Modi Stadium, Ahmedabad",Unknown,Not Available,0,Execute standard death-over strategies: wide yorkers and back-of-a-length slower balls.,Vary pace and trajectory. Aim for the rough patches to induce a false shot.,"Play out his deliveries on merit and wait for loose balls. Historically, Rahmanullah Gurbaz completely owns this bowler. Emulate that aggressive footprint.","J Little is a Middle Order. Strongest at M Chinnaswamy Stadium, Bengaluru. Keep away from Rahmanullah Gurbaz who hits them at will.",Not Available,Rahmanullah Gurbaz,0.0,0.0,8.62,9.37,11,236
AM Ghazanfar,Not Available,Not Available,Bowler,Middle Order,"Wankhede Stadium, Mumbai",Unknown,Not Available,0,Execute standard death-over strategies: wide yorkers and back-of-a-length slower balls.,Vary pace and trajectory. Aim for the rough patches to induce a false shot.,Target this bowler aggressively. High economy rate suggests frequent boundary deliveries. Look for gaps early. ,"AM Ghazanfar is a Middle Order. Strongest at Wankhede Stadium, Mumbai.",Not Available,Not Available,0.0,0.0,9.19,10.0,10,128
V Pratap Singh,Not Available,Not Available,Bowler,Death Over Finisher,"Rajiv Gandhi International Stadium, Uppal",Unknown,Not Available,0,Execute standard death-over strategies: wide yorkers and back-of-a-length slower balls.,Vary pace and trajectory. Aim for the rough patches to induce a false shot.,"Play out his deliveries on merit and wait for loose balls. Historically, Mandeep Singh completely owns this bowler. Emulate that aggressive footprint.","V Pratap Singh is a Death Over Finisher. Strongest at Rajiv Gandhi International Stadium, Uppal. Keep away from Mandeep Singh who hits them at will.",Not Available,Mandeep Singh,0.0,0.0,8.42,9.91,10,211
Akash Singh,Not Available,Not Available,Bowler,Middle Order,"MA Chidambaram Stadium, Chepauk, Chennai",Unknown,Not Available,0,Execute standard death-over strategies: wide yorkers and back-of-a-length slower balls.,Vary pace and trajectory. Aim for the rough patches to induce a false shot.,"Prime target for the death overs. Attack him aggressively late in the innings as he loses his length under pressure. Historically, YBK Jaiswal completely owns this bowler. Emulate that aggressive footprint.","Akash Singh is a Middle Order. Strongest at MA Chidambaram Stadium, Chepauk, Chennai. Keep away from YBK Jaiswal who hits them at will.",Not Available,YBK Jaiswal,0.0,0.0,9.4,13.5,9,208
N Thushara,Not Available,Not Available,Bowler,Middle Order,"Wankhede Stadium, Mumbai",Unknown,Not Available,0,Execute standard death-over strategies: wide yorkers and back-of-a-length slower balls.,Vary pace and trajectory. Aim for the rough patches to induce a false shot.,"Play out his deliveries on merit and wait for loose balls. Historically, VR Iyer completely owns this bowler. Emulate that aggressive footprint.","N Thushara is a Middle Order. Strongest at Wankhede Stadium, Mumbai. Keep away from VR Iyer who hits them at will.",Not Available,VR Iyer,0.0,0.0,8.58,8.68,9,198
S Sandeep Warrier,Not Available,Not Available,Bowler,Middle Order,"Narendra Modi Stadium, Ahmedabad > Arun Jaitley Stadium, Delhi",Unknown,Not Available,0,Execute standard death-over strategies: wide yorkers and back-of-a-length slower balls.,Vary pace and trajectory. Aim for the rough patches to induce a false shot.,"Play out his deliveries on merit and wait for loose balls. Historically, SA Yadav completely owns this bowler. Emulate that aggressive footprint.","S Sandeep Warrier is a Middle Order. Strongest at Narendra Modi Stadium, Ahmedabad. Keep away from SA Yadav who hits them at will.",Not Available,SA Yadav,0.0,0.0,8.62,0.0,8,176
PP Hinge,Not Available,Not Available,New Addition,Death Over Finisher,"Rajiv Gandhi International Stadium, Uppal, Hyderabad",Unknown,Not Available,0,Execute standard death-over strategies: wide yorkers and back-of-a-length slower balls.,Vary pace and trajectory. Aim for the rough patches to induce a false shot.,Prime target for the death overs. Attack him aggressively late in the innings as he loses his length under pressure. ,"PP Hinge is a Death Over Finisher. Strongest at Rajiv Gandhi International Stadium, Uppal, Hyderabad.",Not Available,Not Available,0.0,0.0,11.48,11.53,8,103
Sakib Hussain,Not Available,Not Available,Bowler,Middle Order,"Rajiv Gandhi International Stadium, Uppal, Hyderabad",Unknown,Not Available,0,Execute standard death-over strategies: wide yorkers and back-of-a-length slower balls.,Vary pace and trajectory. Aim for the rough patches to induce a false shot.,"Play out his deliveries on merit and wait for loose balls. Historically, D Ferreira completely owns this bowler. Emulate that aggressive footprint.","Sakib Hussain is a Middle Order. Strongest at Rajiv Gandhi International Stadium, Uppal, Hyderabad. Keep away from D Ferreira who hits them at will.",Not Available,D Ferreira,0.0,0.0,8.93,7.45,8,125
Anand Rajan,Not Available,Not Available,Bowler,Middle Order,Wankhede Stadium,Unknown,Not Available,0,Execute standard death-over strategies: wide yorkers and back-of-a-length slower balls.,Vary pace and trajectory. Aim for the rough patches to induce a false shot.,"Prime target for the death overs. Attack him aggressively late in the innings as he loses his length under pressure. Historically, G Gambhir completely owns this bowler. Emulate that aggressive footprint.",Anand Rajan is a Middle Order. Strongest at Wankhede Stadium. Keep away from G Gambhir who hits them at will.,Not Available,G Gambhir,0.0,0.0,7.44,10.77,8,162
KM Asif,Not Available,Not Available,Bowler,Middle Order Anchor,Neutral Venues,Unknown,Not Available,0,Execute standard death-over strategies: wide yorkers and back-of-a-length slower balls.,Vary pace and trajectory. Aim for the rough patches to induce a false shot.,"Prime target for the death overs. Attack him aggressively late in the innings as he loses his length under pressure. Historically, S Dhawan completely owns this bowler. Emulate that aggressive footprint.",KM Asif is a Middle Order Anchor. Strongest at most grounds. Keep away from S Dhawan who hits them at will.,Not Available,S Dhawan,0.0,0.0,9.69,14.22,7,143
M Siddharth,Not Available,Not Available,Bowler,Middle Order,Neutral Venues,Unknown,Not Available,0,Execute standard death-over strategies: wide yorkers and back-of-a-length slower balls.,Vary pace and trajectory. Aim for the rough patches to induce a false shot.,"Prime target for the death overs. Attack him aggressively late in the innings as he loses his length under pressure. Historically, F du Plessis completely owns this bowler. Emulate that aggressive footprint.",M Siddharth is a Middle Order. Strongest at most grounds. Keep away from F du Plessis who hits them at will.,Not Available,F du Plessis,0.0,0.0,8.38,12.63,7,169
P Amarnath,Not Available,Not Available,Bowler,Middle Order,"MA Chidambaram Stadium, Chepauk",Unknown,Not Available,0,Execute standard death-over strategies: wide yorkers and back-of-a-length slower balls.,Vary pace and trajectory. Aim for the rough patches to induce a false shot.,Prime target for the death overs. Attack him aggressively late in the innings as he loses his length under pressure. ,"P Amarnath is a Middle Order. Strongest at MA Chidambaram Stadium, Chepauk.",Not Available,Not Available,0.0,0.0,10.73,13.0,7,132
AM Salvi,Not Available,Not Available,Bowler,Middle Order,Neutral Venues,Unknown,Not Available,0,Execute standard death-over strategies: wide yorkers and back-of-a-length slower balls.,Vary pace and trajectory. Aim for the rough patches to induce a false shot.,"Play out his deliveries on merit and wait for loose balls. Historically, JH Kallis completely owns this bowler. Emulate that aggressive footprint.",AM Salvi is a Middle Order. Strongest at most grounds. Keep away from JH Kallis who hits them at will.,Not Available,JH Kallis,0.0,0.0,7.69,8.9,7,156
S Kaushik,Not Available,Not Available,Bowler,Death Over Finisher,Saurashtra Cricket Association Stadium,Unknown,Not Available,0,Execute standard death-over strategies: wide yorkers and back-of-a-length slower balls.,Vary pace and trajectory. Aim for the rough patches to induce a false shot.,"Prime target for the death overs. Attack him aggressively late in the innings as he loses his length under pressure. Historically, V Kohli completely owns this bowler. Emulate that aggressive footprint.",S Kaushik is a Death Over Finisher. Strongest at Saurashtra Cricket Association Stadium. Keep away from V Kohli who hits them at will.,Not Available,V Kohli,0.0,0.0,8.49,14.25,6,210
K Khejroliya,Not Available,Not Available,Bowler,Middle Order,M.Chinnaswamy Stadium,Unknown,Not Available,0,Execute standard death-over strategies: wide yorkers and back-of-a-length slower balls.,Vary pace and trajectory. Aim for the rough patches to induce a false shot.,"Prime target for the death overs. Attack him aggressively late in the innings as he loses his length under pressure. Historically, SV Samson completely owns this bowler. Emulate that aggressive footprint.",K Khejroliya is a Middle Order. Strongest at M.Chinnaswamy Stadium. Keep away from SV Samson who hits them at will.,Not Available,SV Samson,0.0,0.0,9.97,11.82,6,148
SS Cottrell,Not Available,Not Available,Bowler,Death Over Finisher,Dubai International Cricket Stadium,Unknown,Not Available,0,Execute standard death-over strategies: wide yorkers and back-of-a-length slower balls.,Vary pace and trajectory. Aim for the rough patches to induce a false shot.,"Prime target for the death overs. Attack him aggressively late in the innings as he loses his length under pressure. Historically, SR Watson completely owns this bowler. Emulate that aggressive footprint.",SS Cottrell is a Death Over Finisher. Strongest at Dubai International Cricket Stadium. Keep away from SR Watson who hits them at will.,Not Available,SR Watson,0.0,0.0,8.06,15.16,6,131
V Puthur,Not Available,Not Available,New Addition,Middle Order,"MA Chidambaram Stadium, Chepauk, Chennai",Unknown,Not Available,0,Execute standard death-over strategies: wide yorkers and back-of-a-length slower balls.,Vary pace and trajectory. Aim for the rough patches to induce a false shot.,"Prime target for the death overs. Attack him aggressively late in the innings as he loses his length under pressure. Historically, AK Markram completely owns this bowler. Emulate that aggressive footprint.","V Puthur is a Middle Order. Strongest at MA Chidambaram Stadium, Chepauk, Chennai.",Not Available,AK Markram,0.0,0.0,8.96,11.08,6,73
Zeeshan Ansari,Not Available,Not Available,Bowler,Middle Order,"Dr. Y.S. Rajasekhara Reddy ACA-VDCA Cricket Stadium, Visakhapatnam",Unknown,Not Available,0,Execute standard death-over strategies: wide yorkers and back-of-a-length slower balls.,Vary pace and trajectory. Aim for the rough patches to induce a false shot.,"Prime target for the death overs. Attack him aggressively late in the innings as he loses his length under pressure. Historically, SA Yadav completely owns this bowler. Emulate that aggressive footprint.","Zeeshan Ansari is a Middle Order. Strongest at Dr. Y.S. Rajasekhara Reddy ACA-VDCA Cricket Stadium, Visakhapatnam. Keep away from SA Yadav who hits them at will.",Not Available,SA Yadav,0.0,0.0,9.56,12.0,6,209
W O'Rourke,Not Available,Not Available,New Addition,Middle Order,"Bharat Ratna Shri Atal Bihari Vajpayee Ekana Cricket Stadium, Lucknow > Narendra Modi Stadium, Ahmedabad",Unknown,Not Available,0,Execute standard death-over strategies: wide yorkers and back-of-a-length slower balls.,Vary pace and trajectory. Aim for the rough patches to induce a false shot.,Prime target for the death overs. Attack him aggressively late in the innings as he loses his length under pressure. ,"W O'Rourke is a Middle Order. Strongest at Bharat Ratna Shri Atal Bihari Vajpayee Ekana Cricket Stadium, Lucknow.",Not Available,Not Available,0.0,0.0,12.38,12.86,6,64
JA Duffy,Not Available,Not Available,New Addition,Middle Order,"M Chinnaswamy Stadium, Bengaluru",Unknown,Not Available,0,Execute standard death-over strategies: wide yorkers and back-of-a-length slower balls.,Vary pace and trajectory. Aim for the rough patches to induce a false shot.,Prime target for the death overs. Attack him aggressively late in the innings as he loses his length under pressure. ,"JA Duffy is a Middle Order. Strongest at M Chinnaswamy Stadium, Bengaluru.",Not Available,Not Available,0.0,0.0,10.35,13.12,6,80
O Thomas,Not Available,Not Available,New Addition,Middle Order,Neutral Venues,Unknown,Not Available,0,Execute standard death-over strategies: wide yorkers and back-of-a-length slower balls.,Vary pace and trajectory. Aim for the rough patches to induce a false shot.,Play out his deliveries on merit and wait for loose balls. ,O Thomas is a Middle Order. Strongest at most grounds.,Not Available,Not Available,0.0,0.0,7.52,7.71,5,63
S Ladda,Not Available,Not Available,Bowler,Middle Order Anchor,Feroz Shah Kotla,Unknown,Not Available,0,Execute standard death-over strategies: wide yorkers and back-of-a-length slower balls.,Vary pace and trajectory. Aim for the rough patches to induce a false shot.,"Prime target for the death overs. Attack him aggressively late in the innings as he loses his length under pressure. Historically, P Dogra completely owns this bowler. Emulate that aggressive footprint.",S Ladda is a Middle Order Anchor. Strongest at Feroz Shah Kotla. Keep away from P Dogra who hits them at will.,Not Available,P Dogra,0.0,0.0,9.53,12.0,5,141
B Muzarabani,Not Available,Not Available,New Addition,Middle Order,"Eden Gardens, Kolkata",Unknown,Not Available,0,Execute standard death-over strategies: wide yorkers and back-of-a-length slower balls.,Vary pace and trajectory. Aim for the rough patches to induce a false shot.,Prime target for the death overs. Attack him aggressively late in the innings as he loses his length under pressure. ,"B Muzarabani is a Middle Order. Strongest at Eden Gardens, Kolkata.",Not Available,Not Available,0.0,0.0,10.23,11.54,4,44
RS Hangargekar,Not Available,Not Available,New Addition,Middle Order,"Narendra Modi Stadium, Ahmedabad",Unknown,Not Available,0,Execute standard death-over strategies: wide yorkers and back-of-a-length slower balls.,Vary pace and trajectory. Aim for the rough patches to induce a false shot.,Play out his deliveries on merit and wait for loose balls. ,"RS Hangargekar is a Middle Order. Strongest at Narendra Modi Stadium, Ahmedabad.",Not Available,Not Available,0.0,0.0,8.37,6.4,3,43
Abhinandan Singh,Not Available,Not Available,New Addition,Middle Order,"M Chinnaswamy Stadium, Bengaluru",Unknown,Not Available,0,Execute standard death-over strategies: wide yorkers and back-of-a-length slower balls.,Vary pace and trajectory. Aim for the rough patches to induce a false shot.,"Target this bowler aggressively. High economy rate suggests frequent boundary deliveries. Look for gaps early. Historically, Dhruv Jurel completely owns this bowler. Emulate that aggressive footprint.","Abhinandan Singh is a Middle Order. Strongest at M Chinnaswamy Stadium, Bengaluru.",Not Available,Dhruv Jurel,0.0,0.0,12.2,9.6,3,60
Gurjapneet Singh,Not Available,Not Available,New Addition,Middle Order,Neutral Venues,Unknown,Not Available,0,Execute standard death-over strategies: wide yorkers and back-of-a-length slower balls.,Vary pace and trajectory. Aim for the rough patches to induce a false shot.,"Target this bowler aggressively. High economy rate suggests frequent boundary deliveries. Look for gaps early. Historically, T Stubbs completely owns this bowler. Emulate that aggressive footprint.",Gurjapneet Singh is a Middle Order. Strongest at most grounds.,Not Available,T Stubbs,0.0,0.0,9.48,9.38,3,88
Yash Raj Punja,Not Available,Not Available,New Addition,Middle Order,Neutral Venues,Unknown,Not Available,0,Execute standard death-over strategies: wide yorkers and back-of-a-length slower balls.,Vary pace and trajectory. Aim for the rough patches to induce a false shot.,Play out his deliveries on merit and wait for loose balls. ,Yash Raj Punja is a Middle Order. Strongest at most grounds.,Not Available,Not Available,0.0,0.0,8.25,10.0,3,48
Gagandeep Singh,Not Available,Not Available,New Addition,Middle Order,Neutral Venues,Unknown,Not Available,0,Execute standard death-over strategies: wide yorkers and back-of-a-length slower balls.,Vary pace and trajectory. Aim for the rough patches to induce a false shot.,"Prime target for the death overs. Attack him aggressively late in the innings as he loses his length under pressure. Historically, DJ Hussey completely owns this bowler. Emulate that aggressive footprint.",Gagandeep Singh is a Middle Order. Strongest at most grounds.,Not Available,DJ Hussey,0.0,0.0,10.07,16.0,3,84
L Ablish,Not Available,Not Available,New Addition,Death Over Finisher,Neutral Venues,Unknown,Not Available,0,Execute standard death-over strategies: wide yorkers and back-of-a-length slower balls.,Vary pace and trajectory. Aim for the rough patches to induce a false shot.,Target this bowler aggressively. High economy rate suggests frequent boundary deliveries. Look for gaps early. ,L Ablish is a Death Over Finisher. Strongest at most grounds.,Not Available,Not Available,0.0,0.0,10.0,5.14,3,45
K Santokie,Not Available,Not Available,New Addition,Middle Order,Neutral Venues,Unknown,Not Available,0,Execute standard death-over strategies: wide yorkers and back-of-a-length slower balls.,Vary pace and trajectory. Aim for the rough patches to induce a false shot.,Prime target for the death overs. Attack him aggressively late in the innings as he loses his length under pressure. ,K Santokie is a Middle Order. Strongest at most grounds.,Not Available,Not Available,0.0,0.0,10.59,12.96,3,51
JW Hastings,Not Available,Not Available,New Addition,Middle Order,Neutral Venues,Unknown,Not Available,0,Execute standard death-over strategies: wide yorkers and back-of-a-length slower balls.,Vary pace and trajectory. Aim for the rough patches to induce a false shot.,"Elite threat. Treat with immense respect. Focus on rotating the strike and do not take unnecessary aerial risks. Historically, DA Warner completely owns this bowler. Emulate that aggressive footprint.",JW Hastings is a Middle Order. Strongest at most grounds.,Not Available,DA Warner,0.0,0.0,6.49,5.4,3,61
SC Kuggeleijn,Not Available,Not Available,New Addition,Middle Order,Neutral Venues,Unknown,Not Available,0,Execute standard death-over strategies: wide yorkers and back-of-a-length slower balls.,Vary pace and trajectory. Aim for the rough patches to induce a false shot.,"Play out his deliveries on merit and wait for loose balls. Historically, AD Russell completely owns this bowler. Emulate that aggressive footprint.",SC Kuggeleijn is a Middle Order. Strongest at most grounds.,Not Available,AD Russell,0.0,0.0,8.52,7.92,2,50
K Yadav,Not Available,Not Available,New Addition,Death Over Finisher,Neutral Venues,Unknown,Not Available,0,Execute standard death-over strategies: wide yorkers and back-of-a-length slower balls.,Vary pace and trajectory. Aim for the rough patches to induce a false shot.,Prime target for the death overs. Attack him aggressively late in the innings as he loses his length under pressure. ,K Yadav is a Death Over Finisher. Strongest at most grounds.,Not Available,Not Available,0.0,0.0,9.33,14.0,2,54
PH Solanki,Not Available,Not Available,New Addition,Middle Order,Neutral Venues,Unknown,Not Available,0,Execute standard death-over strategies: wide yorkers and back-of-a-length slower balls.,Vary pace and trajectory. Aim for the rough patches to induce a false shot.,"Elite threat. Treat with immense respect. Focus on rotating the strike and do not take unnecessary aerial risks. Historically, WP Saha completely owns this bowler. Emulate that aggressive footprint.",PH Solanki is a Middle Order. Strongest at most grounds.,Not Available,WP Saha,0.0,0.0,6.33,7.5,2,36
Mayank Dagar,Not Available,Not Available,Bowler,Death Over Finisher,Neutral Venues,Unknown,Not Available,0,Execute standard death-over strategies: wide yorkers and back-of-a-length slower balls.,Vary pace and trajectory. Aim for the rough patches to induce a false shot.,"Play out his deliveries on merit and wait for loose balls. Historically, C Green completely owns this bowler. Emulate that aggressive footprint.",Mayank Dagar is a Death Over Finisher. Strongest at most grounds. Keep away from C Green who hits them at will.,Not Available,C Green,0.0,0.0,8.83,7.76,2,138
V Kaverappa,Not Available,Not Available,New Addition,Middle Order,Neutral Venues,Unknown,Not Available,0,Execute standard death-over strategies: wide yorkers and back-of-a-length slower balls.,Vary pace and trajectory. Aim for the rough patches to induce a false shot.,Target this bowler aggressively. High economy rate suggests frequent boundary deliveries. Look for gaps early. ,V Kaverappa is a Middle Order. Strongest at most grounds.,Not Available,Not Available,0.0,0.0,9.0,0.0,2,24
C Nanda,Not Available,Not Available,New Addition,Death Over Finisher,Neutral Venues,Unknown,Not Available,0,Execute standard death-over strategies: wide yorkers and back-of-a-length slower balls.,Vary pace and trajectory. Aim for the rough patches to induce a false shot.,"Play out his deliveries on merit and wait for loose balls. Historically, ML Hayden completely owns this bowler. Emulate that aggressive footprint.",C Nanda is a Death Over Finisher. Strongest at most grounds.,Not Available,ML Hayden,0.0,0.0,6.84,6.86,2,50
ND Doshi,Not Available,Not Available,New Addition,Death Over Finisher,Neutral Venues,Unknown,Not Available,0,Execute standard death-over strategies: wide yorkers and back-of-a-length slower balls.,Vary pace and trajectory. Aim for the rough patches to induce a false shot.,Play out his deliveries on merit and wait for loose balls. ,ND Doshi is a Death Over Finisher. Strongest at most grounds.,Not Available,Not Available,0.0,0.0,8.32,5.5,2,57
P Suyal,Not Available,Not Available,New Addition,Middle Order,Neutral Venues,Unknown,Not Available,0,Execute standard death-over strategies: wide yorkers and back-of-a-length slower balls.,Vary pace and trajectory. Aim for the rough patches to induce a false shot.,Play out his deliveries on merit and wait for loose balls. ,P Suyal is a Middle Order. Strongest at most grounds.,Not Available,Not Available,0.0,0.0,8.47,9.33,2,107
SM Boland,Not Available,Not Available,New Addition,Middle Order,Neutral Venues,Unknown,Not Available,0,Execute standard death-over strategies: wide yorkers and back-of-a-length slower balls.,Vary pace and trajectory. Aim for the rough patches to induce a false shot.,"Play out his deliveries on merit and wait for loose balls. Historically, RG Sharma completely owns this bowler. Emulate that aggressive footprint.",SM Boland is a Middle Order. Strongest at most grounds.,Not Available,RG Sharma,0.0,0.0,7.53,6.95,2,43
SS Agarwal,Not Available,Not Available,New Addition,Middle Order,Neutral Venues,Unknown,Not Available,0,Execute standard death-over strategies: wide yorkers and back-of-a-length slower balls.,Vary pace and trajectory. Aim for the rough patches to induce a false shot.,Target this bowler aggressively. High economy rate suggests frequent boundary deliveries. Look for gaps early. ,SS Agarwal is a Middle Order. Strongest at most grounds.,Not Available,Not Available,0.0,0.0,10.5,0.0,1,24
NB Singh,Not Available,Not Available,New Addition,Middle Order,Neutral Venues,Unknown,Not Available,0,Execute standard death-over strategies: wide yorkers and back-of-a-length slower balls.,Vary pace and trajectory. Aim for the rough patches to induce a false shot.,Elite threat. Treat with immense respect. Focus on rotating the strike and do not take unnecessary aerial risks. ,NB Singh is a Middle Order. Strongest at most grounds.,Not Available,Not Available,0.0,0.0,3.6,0.0,1,25
Y Prithvi Raj,Not Available,Not Available,New Addition,Death Over Finisher,Neutral Venues,Unknown,Not Available,0,Execute standard death-over strategies: wide yorkers and back-of-a-length slower balls.,Vary pace and trajectory. Aim for the rough patches to induce a false shot.,Target this bowler aggressively. High economy rate suggests frequent boundary deliveries. Look for gaps early. ,Y Prithvi Raj is a Death Over Finisher. Strongest at most grounds.,Not Available,Not Available,0.0,0.0,10.36,0.0,1,33
LI Meriwala,Not Available,Not Available,New Addition,Middle Order,Neutral Venues,Unknown,Not Available,0,Execute standard death-over strategies: wide yorkers and back-of-a-length slower balls.,Vary pace and trajectory. Aim for the rough patches to induce a false shot.,"Target this bowler aggressively. High economy rate suggests frequent boundary deliveries. Look for gaps early. Historically, MA Agarwal completely owns this bowler. Emulate that aggressive footprint.",LI Meriwala is a Middle Order. Strongest at most grounds.,Not Available,MA Agarwal,0.0,0.0,10.11,0.0,1,19
IC Porel,Not Available,Not Available,New Addition,Middle Order,Neutral Venues,Unknown,Not Available,0,Execute standard death-over strategies: wide yorkers and back-of-a-length slower balls.,Vary pace and trajectory. Aim for the rough patches to induce a false shot.,Target this bowler aggressively. High economy rate suggests frequent boundary deliveries. Look for gaps early. ,IC Porel is a Middle Order. Strongest at most grounds.,Not Available,Not Available,0.0,0.0,9.0,0.0,1,26
SSB Magala,Not Available,Not Available,New Addition,Middle Order,Neutral Venues,Unknown,Not Available,0,Execute standard death-over strategies: wide yorkers and back-of-a-length slower balls.,Vary pace and trajectory. Aim for the rough patches to induce a false shot.,Play out his deliveries on merit and wait for loose balls. ,SSB Magala is a Middle Order. Strongest at most grounds.,Not Available,Not Available,0.0,0.0,8.27,4.5,1,37
D Jansen,Not Available,Not Available,New Addition,Middle Order,Neutral Venues,Unknown,Not Available,0,Execute standard death-over strategies: wide yorkers and back-of-a-length slower balls.,Vary pace and trajectory. Aim for the rough patches to induce a false shot.,Target this bowler aggressively. High economy rate suggests frequent boundary deliveries. Look for gaps early. ,D Jansen is a Middle Order. Strongest at most grounds.,Not Available,Not Available,0.0,0.0,11.36,9.6,1,28
D Madushanka,Not Available,Not Available,New Addition,Middle Order,Neutral Venues,Unknown,Not Available,0,Execute standard death-over strategies: wide yorkers and back-of-a-length slower balls.,Vary pace and trajectory. Aim for the rough patches to induce a false shot.,"Play out his deliveries on merit and wait for loose balls. Historically, N Rana completely owns this bowler. Emulate that aggressive footprint.",D Madushanka is a Middle Order. Strongest at most grounds.,Not Available,N Rana,0.0,0.0,7.71,0.0,1,28
B Geeves,Not Available,Not Available,New Addition,Middle Order,Neutral Venues,Unknown,Not Available,0,Execute standard death-over strategies: wide yorkers and back-of-a-length slower balls.,Vary pace and trajectory. Aim for the rough patches to induce a false shot.,Target this bowler aggressively. High economy rate suggests frequent boundary deliveries. Look for gaps early. ,B Geeves is a Middle Order. Strongest at most grounds.,Not Available,Not Available,0.0,0.0,11.14,10.0,1,49
A Nel,Not Available,Not Available,New Addition,Middle Order,Neutral Venues,Unknown,Not Available,0,Execute standard death-over strategies: wide yorkers and back-of-a-length slower balls.,Vary pace and trajectory. Aim for the rough patches to induce a false shot.,Target this bowler aggressively. High economy rate suggests frequent boundary deliveries. Look for gaps early. ,A Nel is a Middle Order. Strongest at most grounds.,Not Available,Not Available,0.0,0.0,10.33,8.0,1,18
SS Sarkar,Not Available,Not Available,New Addition,Middle Order,Neutral Venues,Unknown,Not Available,0,Execute standard death-over strategies: wide yorkers and back-of-a-length slower balls.,Vary pace and trajectory. Aim for the rough patches to induce a false shot.,Play out his deliveries on merit and wait for loose balls. ,SS Sarkar is a Middle Order. Strongest at most grounds.,Not Available,Not Available,0.0,0.0,8.16,6.0,1,25
SS Mundhe,Not Available,Not Available,New Addition,Middle Order,Neutral Venues,Unknown,Not Available,0,Execute standard death-over strategies: wide yorkers and back-of-a-length slower balls.,Vary pace and trajectory. Aim for the rough patches to induce a false shot.,Elite threat. Treat with immense respect. Focus on rotating the strike and do not take unnecessary aerial risks. ,SS Mundhe is a Middle Order. Strongest at most grounds.,Not Available,Not Available,0.0,0.0,5.14,0.0,1,7
TP Sudhindra,Not Available,Not Available,New Addition,Middle Order,Neutral Venues,Unknown,Not Available,0,Execute standard death-over strategies: wide yorkers and back-of-a-length slower balls.,Vary pace and trajectory. Aim for the rough patches to induce a false shot.,"Prime target for the death overs. Attack him aggressively late in the innings as he loses his length under pressure. Historically, DA Warner completely owns this bowler. Emulate that aggressive footprint.",TP Sudhindra is a Middle Order. Strongest at most grounds.,Not Available,DA Warner,0.0,0.0,11.03,13.36,1,74
GS Sandhu,Not Available,Not Available,New Addition,Middle Order,Neutral Venues,Unknown,Not Available,0,Execute standard death-over strategies: wide yorkers and back-of-a-length slower balls.,Vary pace and trajectory. Aim for the rough patches to induce a false shot.,"Prime target for the death overs. Attack him aggressively late in the innings as he loses his length under pressure. Historically, AM Rahane completely owns this bowler. Emulate that aggressive footprint.",GS Sandhu is a Middle Order. Strongest at most grounds.,Not Available,AM Rahane,0.0,0.0,10.25,12.5,1,48
Tejas Baroka,Not Available,Not Available,New Addition,Middle Order,Neutral Venues,Unknown,Not Available,0,Execute standard death-over strategies: wide yorkers and back-of-a-length slower balls.,Vary pace and trajectory. Aim for the rough patches to induce a false shot.,"Prime target for the death overs. Attack him aggressively late in the innings as he loses his length under pressure. Historically, DA Warner completely owns this bowler. Emulate that aggressive footprint.",Tejas Baroka is a Middle Order. Strongest at most grounds.,Not Available,DA Warner,0.0,0.0,9.43,18.0,0,21
CJ Dala,Not Available,Not Available,New Addition,Middle Order,Neutral Venues,Unknown,Not Available,0,Execute standard death-over strategies: wide yorkers and back-of-a-length slower balls.,Vary pace and trajectory. Aim for the rough patches to induce a false shot.,"Target this bowler aggressively. High economy rate suggests frequent boundary deliveries. Look for gaps early. Historically, V Kohli completely owns this bowler. Emulate that aggressive footprint.",CJ Dala is a Middle Order. Strongest at most grounds.,Not Available,V Kohli,0.0,0.0,10.74,0.0,0,19
S Midhun,Not Available,Not Available,New Addition,Middle Order,Neutral Venues,Unknown,Not Available,0,Execute standard death-over strategies: wide yorkers and back-of-a-length slower balls.,Vary pace and trajectory. Aim for the rough patches to induce a false shot.,Target this bowler aggressively. High economy rate suggests frequent boundary deliveries. Look for gaps early. ,S Midhun is a Middle Order. Strongest at most grounds.,Not Available,Not Available,0.0,0.0,12.46,0.0,0,13
JL Denly,Not Available,Not Available,New Addition,Top Order Aggressor,Neutral Venues,Unknown,Not Available,0,Execute standard death-over strategies: wide yorkers and back-of-a-length slower balls.,Vary pace and trajectory. Aim for the rough patches to induce a false shot.,Target this bowler aggressively. High economy rate suggests frequent boundary deliveries. Look for gaps early. ,JL Denly is a Top Order Aggressor. Strongest at most grounds.,Not Available,Not Available,0.0,0.0,0.0,0.0,0,0
CJ Green,Not Available,Not Available,New Addition,Middle Order,Neutral Venues,Unknown,Not Available,0,Execute standard death-over strategies: wide yorkers and back-of-a-length slower balls.,Vary pace and trajectory. Aim for the rough patches to induce a false shot.,Play out his deliveries on merit and wait for loose balls. ,CJ Green is a Middle Order. Strongest at most grounds.,Not Available,Not Available,0.0,0.0,8.47,9.6,0,17
Monu Kumar,Not Available,Not Available,New Addition,Middle Order,Neutral Venues,Unknown,Not Available,0,Execute standard death-over strategies: wide yorkers and back-of-a-length slower balls.,Vary pace and trajectory. Aim for the rough patches to induce a false shot.,Play out his deliveries on merit and wait for loose balls. ,Monu Kumar is a Middle Order. Strongest at most grounds.,Not Available,Not Available,0.0,0.0,7.5,9.75,0,16
Jalaj S Saxena,Not Available,Not Available,New Addition,Middle Order,Neutral Venues,Unknown,Not Available,0,Execute standard death-over strategies: wide yorkers and back-of-a-length slower balls.,Vary pace and trajectory. Aim for the rough patches to induce a false shot.,Target this bowler aggressively. High economy rate suggests frequent boundary deliveries. Look for gaps early. ,Jalaj S Saxena is a Middle Order. Strongest at most grounds.,Not Available,Not Available,0.0,0.0,9.0,0.0,0,18
R Sanjay Yadav,Not Available,Not Available,New Addition,Death Over Finisher,Neutral Venues,Unknown,Not Available,0,Execute standard death-over strategies: wide yorkers and back-of-a-length slower balls.,Vary pace and trajectory. Aim for the rough patches to induce a false shot.,Target this bowler aggressively. High economy rate suggests frequent boundary deliveries. Look for gaps early. ,R Sanjay Yadav is a Death Over Finisher. Strongest at most grounds.,Not Available,Not Available,0.0,0.0,9.86,0.0,0,14
NA Saini,Not Available,Not Available,New Addition,Middle Order,Neutral Venues,Unknown,Not Available,0,Execute standard death-over strategies: wide yorkers and back-of-a-length slower balls.,Vary pace and trajectory. Aim for the rough patches to induce a false shot.,Prime target for the death overs. Attack him aggressively late in the innings as he loses his length under pressure. ,NA Saini is a Middle Order. Strongest at most grounds.,Not Available,Not Available,0.0,0.0,13.6,19.71,0,15
Gurnoor Brar,Not Available,Not Available,New Addition,Middle Order,Neutral Venues,Unknown,Not Available,0,Execute standard death-over strategies: wide yorkers and back-of-a-length slower balls.,Vary pace and trajectory. Aim for the rough patches to induce a false shot.,Target this bowler aggressively. High economy rate suggests frequent boundary deliveries. Look for gaps early. ,Gurnoor Brar is a Middle Order. Strongest at most grounds.,Not Available,Not Available,0.0,0.0,12.0,0.0,0,21
R Goyal,Not Available,Not Available,New Addition,Middle Order,Neutral Venues,Unknown,Not Available,0,Execute standard death-over strategies: wide yorkers and back-of-a-length slower balls.,Vary pace and trajectory. Aim for the rough patches to induce a false shot.,Play out his deliveries on merit and wait for loose balls. ,R Goyal is a Middle Order. Strongest at most grounds.,Not Available,Not Available,0.0,0.0,8.25,0.0,0,24
H Sharma,Not Available,Not Available,New Addition,Middle Order,Neutral Venues,Unknown,Not Available,0,Execute standard death-over strategies: wide yorkers and back-of-a-length slower balls.,Vary pace and trajectory. Aim for the rough patches to induce a false shot.,Target this bowler aggressively. High economy rate suggests frequent boundary deliveries. Look for gaps early. ,H Sharma is a Middle Order. Strongest at most grounds.,Not Available,Not Available,0.0,0.0,11.4,0.0,0,30
S Joseph,Not Available,Not Available,New Addition,Middle Order,Neutral Venues,Unknown,Not Available,0,Execute standard death-over strategies: wide yorkers and back-of-a-length slower balls.,Vary pace and trajectory. Aim for the rough patches to induce a false shot.,"Target this bowler aggressively. High economy rate suggests frequent boundary deliveries. Look for gaps early. Historically, SS Iyer completely owns this bowler. Emulate that aggressive footprint.",S Joseph is a Middle Order. Strongest at most grounds.,Not Available,SS Iyer,0.0,0.0,9.4,0.0,0,30
Karim Janat,Not Available,Not Available,New Addition,Middle Order,Neutral Venues,Unknown,Not Available,0,Execute standard death-over strategies: wide yorkers and back-of-a-length slower balls.,Vary pace and trajectory. Aim for the rough patches to induce a false shot.,Target this bowler aggressively. High economy rate suggests frequent boundary deliveries. Look for gaps early. ,Karim Janat is a Middle Order. Strongest at most grounds.,Not Available,Not Available,0.0,0.0,30.0,0.0,0,6
KS Rathore,Not Available,Not Available,New Addition,Top Order Aggressor,Neutral Venues,Unknown,Not Available,0,Execute standard death-over strategies: wide yorkers and back-of-a-length slower balls.,Vary pace and trajectory. Aim for the rough patches to induce a false shot.,Target this bowler aggressively. High economy rate suggests frequent boundary deliveries. Look for gaps early. ,KS Rathore is a Top Order Aggressor. Strongest at most grounds.,Not Available,Not Available,0.0,0.0,0.0,0.0,0,0
MJ Owen,Not Available,Not Available,New Addition,Top Order Aggressor,Neutral Venues,Unknown,Not Available,0,Execute standard death-over strategies: wide yorkers and back-of-a-length slower balls.,Vary pace and trajectory. Aim for the rough patches to induce a false shot.,Target this bowler aggressively. High economy rate suggests frequent boundary deliveries. Look for gaps early. ,MJ Owen is a Top Order Aggressor. Strongest at most grounds.,Not Available,Not Available,0.0,0.0,0.0,0.0,0,0
LG Pretorius,Not Available,Not Available,New Addition,Top Order Aggressor,Neutral Venues,Unknown,Not Available,0,Execute standard death-over strategies: wide yorkers and back-of-a-length slower balls.,Vary pace and trajectory. Aim for the rough patches to induce a false shot.,Target this bowler aggressively. High economy rate suggests frequent boundary deliveries. Look for gaps early. ,LG Pretorius is a Top Order Aggressor. Strongest at most grounds.,Not Available,Not Available,0.0,0.0,0.0,0.0,0,0
SU Parakh,Not Available,Not Available,New Addition,Top Order Aggressor,Neutral Venues,Unknown,Not Available,0,Execute standard death-over strategies: wide yorkers and back-of-a-length slower balls.,Vary pace and trajectory. Aim for the rough patches to induce a false shot.,Target this bowler aggressively. High economy rate suggests frequent boundary deliveries. Look for gaps early. ,SU Parakh is a Top Order Aggressor. Strongest at most grounds.,Not Available,Not Available,0.0,0.0,0.0,0.0,0,0
U Kaul,Not Available,Not Available,New Addition,Death Over Finisher,Neutral Venues,Unknown,Not Available,0,Execute standard death-over strategies: wide yorkers and back-of-a-length slower balls.,Vary pace and trajectory. Aim for the rough patches to induce a false shot.,Target this bowler aggressively. High economy rate suggests frequent boundary deliveries. Look for gaps early. ,U Kaul is a Death Over Finisher. Strongest at most grounds.,Not Available,Not Available,0.0,0.0,0.0,0.0,0,0
Abdur Razzak,Not Available,Not Available,New Addition,Death Over Finisher,Neutral Venues,Unknown,Not Available,0,Execute standard death-over strategies: wide yorkers and back-of-a-length slower balls.,Vary pace and trajectory. Aim for the rough patches to induce a false shot.,Target this bowler aggressively. High economy rate suggests frequent boundary deliveries. Look for gaps early. ,Abdur Razzak is a Death Over Finisher. Strongest at most grounds.,Not Available,Not Available,0.0,0.0,12.43,0.0,0,14
RR Bose,Not Available,Not Available,New Addition,Middle Order,Neutral Venues,Unknown,Not Available,0,Execute standard death-over strategies: wide yorkers and back-of-a-length slower balls.,Vary pace and trajectory. Aim for the rough patches to induce a false shot.,"Target this bowler aggressively. High economy rate suggests frequent boundary deliveries. Look for gaps early. Historically, JD Ryder completely owns this bowler. Emulate that aggressive footprint.",RR Bose is a Middle Order. Strongest at most grounds.,Not Available,JD Ryder,0.0,0.0,12.0,0.0,0,12
RA Shaikh,Not Available,Not Available,New Addition,Middle Order,Neutral Venues,Unknown,Not Available,0,Execute standard death-over strategies: wide yorkers and back-of-a-length slower balls.,Vary pace and trajectory. Aim for the rough patches to induce a false shot.,Target this bowler aggressively. High economy rate suggests frequent boundary deliveries. Look for gaps early. ,RA Shaikh is a Middle Order. Strongest at most grounds.,Not Available,Not Available,0.0,0.0,11.0,0.0,0,6
C Ganapathy,Not Available,Not Available,New Addition,Middle Order,Neutral Venues,Unknown,Not Available,0,Execute standard death-over strategies: wide yorkers and back-of-a-length slower balls.,Vary pace and trajectory. Aim for the rough patches to induce a false shot.,Target this bowler aggressively. High economy rate suggests frequent boundary deliveries. Look for gaps early. ,C Ganapathy is a Middle Order. Strongest at most grounds.,Not Available,Not Available,0.0,0.0,13.0,0.0,0,6
MB Parmar,Not Available,Not Available,New Addition,Middle Order,Neutral Venues,Unknown,Not Available,0,Execute standard death-over strategies: wide yorkers and back-of-a-length slower balls.,Vary pace and trajectory. Aim for the rough patches to induce a false shot.,Target this bowler aggressively. High economy rate suggests frequent boundary deliveries. Look for gaps early. ,MB Parmar is a Middle Order. Strongest at most grounds.,Not Available,Not Available,0.0,0.0,10.42,0.0,0,19
AA Kazi,Not Available,Not Available,New Addition,Middle Order,Neutral Venues,Unknown,Not Available,0,Execute standard death-over strategies: wide yorkers and back-of-a-length slower balls.,Vary pace and trajectory. Aim for the rough patches to induce a false shot.,Target this bowler aggressively. High economy rate suggests frequent boundary deliveries. Look for gaps early. ,AA Kazi is a Middle Order. Strongest at most grounds.,Not Available,Not Available,0.0,0.0,9.69,0.0,0,13
P Prasanth,Not Available,Not Available,New Addition,Middle Order,Neutral Venues,Unknown,Not Available,0,Execute standard death-over strategies: wide yorkers and back-of-a-length slower balls.,Vary pace and trajectory. Aim for the rough patches to induce a false shot.,Target this bowler aggressively. High economy rate suggests frequent boundary deliveries. Look for gaps early. ,P Prasanth is a Middle Order. Strongest at most grounds.,Not Available,Not Available,0.0,0.0,18.0,0.0,0,6
RW Price,Not Available,Not Available,New Addition,Middle Order,Neutral Venues,Unknown,Not Available,0,Execute standard death-over strategies: wide yorkers and back-of-a-length slower balls.,Vary pace and trajectory. Aim for the rough patches to induce a false shot.,Target this bowler aggressively. High economy rate suggests frequent boundary deliveries. Look for gaps early. ,RW Price is a Middle Order. Strongest at most grounds.,Not Available,Not Available,0.0,0.0,11.0,0.0,0,18
RR Bhatkal,Not Available,Not Available,New Addition,Death Over Finisher,Neutral Venues,Unknown,Not Available,0,Execute standard death-over strategies: wide yorkers and back-of-a-length slower balls.,Vary pace and trajectory. Aim for the rough patches to induce a false shot.,Target this bowler aggressively. High economy rate suggests frequent boundary deliveries. Look for gaps early. ,RR Bhatkal is a Death Over Finisher. Strongest at most grounds.,Not Available,Not Available,0.0,0.0,17.5,0.0,0,12
Sunny Gupta,Not Available,Not Available,New Addition,Death Over Finisher,Neutral Venues,Unknown,Not Available,0,Execute standard death-over strategies: wide yorkers and back-of-a-length slower balls.,Vary pace and trajectory. Aim for the rough patches to induce a false shot.,Target this bowler aggressively. High economy rate suggests frequent boundary deliveries. Look for gaps early. ,Sunny Gupta is a Death Over Finisher. Strongest at most grounds.,Not Available,Not Available,0.0,0.0,14.84,0.0,0,19
MG Neser,Not Available,Not Available,New Addition,Middle Order,Neutral Venues,Unknown,Not Available,0,Execute standard death-over strategies: wide yorkers and back-of-a-length slower balls.,Vary pace and trajectory. Aim for the rough patches to induce a false shot.,Prime target for the death overs. Attack him aggressively late in the innings as he loses his length under pressure. ,MG Neser is a Middle Order. Strongest at most grounds.,Not Available,Not Available,0.0,0.0,14.88,16.5,0,25
Pathum Nissanka,Pathum Nissanka Silva,Sri Lanka,Batsman,Top Order Aggressor,Neutral Venues,Cover / Boundary,Not Available,0,"Bowl hard lengths to Pathum Nissanka, pack the off-side field. Look for early nip-back.",Deploy spinners to restrict scoring zones. Force Pathum Nissanka to generate their own power.,Not a regular bowler. Focus purely on strike rotation if they bowl.,Pathum Nissanka is a designated Batsman. Deny them width and force them to hit straight down the ground.,Not Available,Not Available,132.5,147.5,0.0,0.0,0,0
Abhishek Porel,Abhishek Porel,India,Wicketkeeper,Middle Order Anchor,Neutral Venues,Cover / Boundary,Not Available,0,"Bowl hard lengths to Abhishek Porel, pack the off-side field. Look for early nip-back.",Deploy spinners to restrict scoring zones. Force Abhishek Porel to generate their own power.,Not a regular bowler. Focus purely on strike rotation if they bowl.,Abhishek Porel is a designated Wicketkeeper. Deny them width and force them to hit straight down the ground.,Not Available,Not Available,141.2,156.2,0.0,0.0,0,0
Sameer Rizvi,Sameer Rizvi,India,Batsman,Death Over Finisher,Neutral Venues,Cover / Boundary,Not Available,0,"Bowl hard lengths to Sameer Rizvi, pack the off-side field. Look for early nip-back.",Deploy spinners to restrict scoring zones. Force Sameer Rizvi to generate their own power.,Not a regular bowler. Focus purely on strike rotation if they bowl.,Sameer Rizvi is a designated Batsman. Deny them width and force them to hit straight down the ground.,Not Available,Not Available,155.0,170.0,0.0,0.0,0,0
Kyle Jamieson,Kyle Jamieson,New Zealand,Bowler,Lower Order,Neutral Venues,Cover / Boundary,Not Available,0,Target the stumps with raw pace. Look for quick dismissals.,Bowl flat and straight. Do not offer flight.,Respect Kyle Jamieson's stock delivery. Wait for the loose ball or missed yorker at the death.,Kyle Jamieson is a frontline Bowler. See off their best spells and attack the weaker backup bowlers.,Not Available,Not Available,105.0,120.0,8.6,10.1,85,1400
Angkrish Raghuvanshi,Angkrish Raghuvanshi,India,Batsman,Top Order Aggressor,Neutral Venues,Cover / Boundary,Not Available,0,"Bowl hard lengths to Angkrish Raghuvanshi, pack the off-side field. Look for early nip-back.",Deploy spinners to restrict scoring zones. Force Angkrish Raghuvanshi to generate their own power.,Not a regular bowler. Focus purely on strike rotation if they bowl.,Angkrish Raghuvanshi is a designated Batsman. Deny them width and force them to hit straight down the ground.,Not Available,Not Available,145.8,160.8,0.0,0.0,0,0
Ramandeep Singh,Ramandeep Singh,India,All-Rounder,Death Over Finisher,Neutral Venues,Cover / Boundary,Not Available,0,Bowl heavy bouncers at the body to cramp Ramandeep Singh for room.,Keep the ball turning away from Ramandeep Singh's hitting arc.,Exploit Ramandeep Singh's lack of raw pace. Look for the straight drive or slog sweep.,Ramandeep Singh provides critical balance. Attack their bowling to put them under pressure before they bat.,Not Available,Not Available,162.5,177.5,8.9,10.4,15,320
Harshit Rana,Harshit Rana,India,Bowler,Lower Order,Neutral Venues,Cover / Boundary,Not Available,0,Target the stumps with raw pace. Look for quick dismissals.,Bowl flat and straight. Do not offer flight.,Respect Harshit Rana's stock delivery. Wait for the loose ball or missed yorker at the death.,Harshit Rana is a frontline Bowler. See off their best spells and attack the weaker backup bowlers.,Not Available,Not Available,110.0,125.0,8.4,9.9,30,600
Vaibhav Arora,Vaibhav Arora,India,Bowler,Lower Order,Neutral Venues,Cover / Boundary,Not Available,0,Target the stumps with raw pace. Look for quick dismissals.,Bowl flat and straight. Do not offer flight.,Respect Vaibhav Arora's stock delivery. Wait for the loose ball or missed yorker at the death.,Vaibhav Arora is a frontline Bowler. See off their best spells and attack the weaker backup bowlers.,Not Available,Not Available,85.0,100.0,8.8,10.3,25,450
Akash Deep,Akash Deep,India,Bowler,Lower Order,Neutral Venues,Cover / Boundary,Not Available,0,Target the stumps with raw pace. Look for quick dismissals.,Bowl flat and straight. Do not offer flight.,Respect Akash Deep's stock delivery. Wait for the loose ball or missed yorker at the death.,Akash Deep is a frontline Bowler. See off their best spells and attack the weaker backup bowlers.,Not Available,Not Available,95.0,110.0,8.7,10.2,40,800
Arjun Tendulkar,Arjun Tendulkar,India,All-Rounder,Middle Order,Neutral Venues,Cover / Boundary,Not Available,0,Bowl heavy bouncers at the body to cramp Arjun Tendulkar for room.,Keep the ball turning away from Arjun Tendulkar's hitting arc.,Exploit Arjun Tendulkar's lack of raw pace. Look for the straight drive or slog sweep.,Arjun Tendulkar provides critical balance. Attack their bowling to put them under pressure before they bat.,Not Available,Not Available,115.0,130.0,9.2,10.7,5,120
Nehal Wadhera,Nehal Wadhera,India,Batsman,Middle Order Anchor,Neutral Venues,Cover / Boundary,Not Available,0,"Bowl hard lengths to Nehal Wadhera, pack the off-side field. Look for early nip-back.",Deploy spinners to restrict scoring zones. Force Nehal Wadhera to generate their own power.,Not a regular bowler. Focus purely on strike rotation if they bowl.,Nehal Wadhera is a designated Batsman. Deny them width and force them to hit straight down the ground.,Not Available,Not Available,148.3,163.3,0.0,0.0,0,0
Shashank Singh,Shashank Singh,India,Batsman,Death Over Finisher,Neutral Venues,Cover / Boundary,Not Available,0,"Bowl hard lengths to Shashank Singh, pack the off-side field. Look for early nip-back.",Deploy spinners to restrict scoring zones. Force Shashank Singh to generate their own power.,Not a regular bowler. Focus purely on strike rotation if they bowl.,Shashank Singh is a designated Batsman. Deny them width and force them to hit straight down the ground.,Not Available,Not Available,158.4,173.4,0.0,0.0,0,0
Musheer Khan,Musheer Khan,India,All-Rounder,Middle Order Anchor,Neutral Venues,Cover / Boundary,Not Available,0,Bowl heavy bouncers at the body to cramp Musheer Khan for room.,Keep the ball turning away from Musheer Khan's hitting arc.,Exploit Musheer Khan's lack of raw pace. Look for the straight drive or slog sweep.,Musheer Khan provides critical balance. Attack their bowling to put them under pressure before they bat.,Not Available,Not Available,125.0,140.0,7.5,9.0,12,250
Cooper Connolly,Cooper Connolly,Australia,All-Rounder,Death Over Finisher,Neutral Venues,Cover / Boundary,Not Available,0,Bowl heavy bouncers at the body to cramp Cooper Connolly for room.,Keep the ball turning away from Cooper Connolly's hitting arc.,Exploit Cooper Connolly's lack of raw pace. Look for the straight drive or slog sweep.,Cooper Connolly provides critical balance. Attack their bowling to put them under pressure before they bat.,Not Available,Not Available,145.0,160.0,8.1,9.6,10,200
Ben Dwarshuis,Ben Dwarshuis,Australia,Bowler,Lower Order,Neutral Venues,Cover / Boundary,Not Available,0,Target the stumps with raw pace. Look for quick dismissals.,Bowl flat and straight. Do not offer flight.,Respect Ben Dwarshuis's stock delivery. Wait for the loose ball or missed yorker at the death.,Ben Dwarshuis is a frontline Bowler. See off their best spells and attack the weaker backup bowlers.,Not Available,Not Available,112.0,127.0,8.2,9.7,120,2100
Vyshak Vijaykumar,Vyshak Vijaykumar,India,Bowler,Lower Order,Neutral Venues,Cover / Boundary,Not Available,0,Target the stumps with raw pace. Look for quick dismissals.,Bowl flat and straight. Do not offer flight.,Respect Vyshak Vijaykumar's stock delivery. Wait for the loose ball or missed yorker at the death.,Vyshak Vijaykumar is a frontline Bowler. See off their best spells and attack the weaker backup bowlers.,Not Available,Not Available,105.0,120.0,8.9,10.4,22,400
Donovan Ferreira,Donovan Ferreira,South Africa,Wicketkeeper,Death Over Finisher,Neutral Venues,Cover / Boundary,Not Available,0,"Bowl hard lengths to Donovan Ferreira, pack the off-side field. Look for early nip-back.",Deploy spinners to restrict scoring zones. Force Donovan Ferreira to generate their own power.,Not a regular bowler. Focus purely on strike rotation if they bowl.,Donovan Ferreira is a designated Wicketkeeper. Deny them width and force them to hit straight down the ground.,Not Available,Not Available,156.2,171.2,0.0,0.0,0,0
Kwena Maphaka,Kwena Maphaka,South Africa,Bowler,Lower Order,Neutral Venues,Cover / Boundary,Not Available,0,Target the stumps with raw pace. Look for quick dismissals.,Bowl flat and straight. Do not offer flight.,Respect Kwena Maphaka's stock delivery. Wait for the loose ball or missed yorker at the death.,Kwena Maphaka is a frontline Bowler. See off their best spells and attack the weaker backup bowlers.,Not Available,Not Available,80.0,95.0,8.8,10.3,15,300
Jacob Bethell,Jacob Bethell,England,All-Rounder,Middle Order Anchor,Neutral Venues,Cover / Boundary,Not Available,0,Bowl heavy bouncers at the body to cramp Jacob Bethell for room.,Keep the ball turning away from Jacob Bethell's hitting arc.,Exploit Jacob Bethell's lack of raw pace. Look for the straight drive or slog sweep.,Jacob Bethell provides critical balance. Attack their bowling to put them under pressure before they bat.,Not Available,Not Available,138.0,153.0,7.8,9.3,18,350
Nuwan Thushara,Nuwan Thushara,Sri Lanka,Bowler,Lower Order,Neutral Venues,Cover / Boundary,Not Available,0,Target the stumps with raw pace. Look for quick dismissals.,Bowl flat and straight. Do not offer flight.,Respect Nuwan Thushara's stock delivery. Wait for the loose ball or missed yorker at the death.,Nuwan Thushara is a frontline Bowler. See off their best spells and attack the weaker backup bowlers.,Not Available,Not Available,90.0,105.0,7.9,9.4,115,1900
Swapnil Singh,Swapnil Singh,India,All-Rounder,Middle Order,Neutral Venues,Cover / Boundary,Not Available,0,Bowl heavy bouncers at the body to cramp Swapnil Singh for room.,Keep the ball turning away from Swapnil Singh's hitting arc.,Exploit Swapnil Singh's lack of raw pace. Look for the straight drive or slog sweep.,Swapnil Singh provides critical balance. Attack their bowling to put them under pressure before they bat.,Not Available,Not Available,128.0,143.0,8.0,9.5,45,900
Yash Dayal,Yash Dayal,India,Bowler,Lower Order,Neutral Venues,Cover / Boundary,Not Available,0,Target the stumps with raw pace. Look for quick dismissals.,Bowl flat and straight. Do not offer flight.,Respect Yash Dayal's stock delivery. Wait for the loose ball or missed yorker at the death.,Yash Dayal is a frontline Bowler. See off their best spells and attack the weaker backup bowlers.,Not Available,Not Available,85.0,100.0,9.1,10.6,38,750
Nitish Kumar Reddy,Nitish Kumar Reddy,India,All-Rounder,Middle Order Anchor,Neutral Venues,Cover / Boundary,Not Available,0,Bowl heavy bouncers at the body to cramp Nitish Kumar Reddy for room.,Keep the ball turning away from Nitish Kumar Reddy's hitting arc.,Exploit Nitish Kumar Reddy's lack of raw pace. Look for the straight drive or slog sweep.,Nitish Kumar Reddy provides critical balance. Attack their bowling to put them under pressure before they bat.,Not Available,Not Available,142.5,157.5,8.7,10.2,8,150
Kamindu Mendis,Kamindu Mendis,Sri Lanka,All-Rounder,Middle Order Anchor,Neutral Venues,Cover / Boundary,Not Available,0,Bowl heavy bouncers at the body to cramp Kamindu Mendis for room.,Keep the ball turning away from Kamindu Mendis's hitting arc.,Exploit Kamindu Mendis's lack of raw pace. Look for the straight drive or slog sweep.,Kamindu Mendis provides critical balance. Attack their bowling to put them under pressure before they bat.,Not Available,Not Available,134.0,149.0,7.6,9.1,30,600
Brydon Carse,Brydon Carse,England,Bowler,Lower Order,Neutral Venues,Cover / Boundary,Not Available,0,Target the stumps with raw pace. Look for quick dismissals.,Bowl flat and straight. Do not offer flight.,Respect Brydon Carse's stock delivery. Wait for the loose ball or missed yorker at the death.,Brydon Carse is a frontline Bowler. See off their best spells and attack the weaker backup bowlers.,Not Available,Not Available,115.0,130.0,8.4,9.9,95,1700
Shivam Mavi,Shivam Mavi,India,Bowler,Lower Order,Neutral Venues,Cover / Boundary,Not Available,0,Target the stumps with raw pace. Look for quick dismissals.,Bowl flat and straight. Do not offer flight.,Respect Shivam Mavi's stock delivery. Wait for the loose ball or missed yorker at the death.,Shivam Mavi is a frontline Bowler. See off their best spells and attack the weaker backup bowlers.,Not Available,Not Available,105.0,120.0,8.7,10.2,55,1100
Dewald Brevis,Dewald Brevis,South Africa,Batsman,Top Order Aggressor,Neutral Venues,Cover / Boundary,Not Available,0,"Bowl hard lengths to Dewald Brevis, pack the off-side field. Look for early nip-back.",Deploy spinners to restrict scoring zones. Force Dewald Brevis to generate their own power.,Not a regular bowler. Focus purely on strike rotation if they bowl.,Dewald Brevis is a designated Batsman. Deny them width and force them to hit straight down the ground.,Not Available,Not Available,152.0,167.0,0.0,0.0,0,0
Mukesh Choudhary,Mukesh Choudhary,India,Bowler,Lower Order,Neutral Venues,Cover / Boundary,Not Available,0,Target the stumps with raw pace. Look for quick dismissals.,Bowl flat and straight. Do not offer flight.,Respect Mukesh Choudhary's stock delivery. Wait for the loose ball or missed yorker at the death.,Mukesh Choudhary is a frontline Bowler. See off their best spells and attack the weaker backup bowlers.,Not Available,Not Available,75.0,90.0,9.0,10.5,25,480
Jamie Overton,Jamie Overton,England,All-Rounder,Death Over Finisher,Neutral Venues,Cover / Boundary,Not Available,0,Bowl heavy bouncers at the body to cramp Jamie Overton for room.,Keep the ball turning away from Jamie Overton's hitting arc.,Exploit Jamie Overton's lack of raw pace. Look for the straight drive or slog sweep.,Jamie Overton provides critical balance. Attack their bowling to put them under pressure before they bat.,Not Available,Not Available,144.5,159.5,8.6,10.1,75,1500
Tom Banton,Tom Banton,England,Wicketkeeper,Top Order Aggressor,Neutral Venues,Cover / Boundary,Not Available,0,"Bowl hard lengths to Tom Banton, pack the off-side field. Look for early nip-back.",Deploy spinners to restrict scoring zones. Force Tom Banton to generate their own power.,Not a regular bowler. Focus purely on strike rotation if they bowl.,Tom Banton is a designated Wicketkeeper. Deny them width and force them to hit straight down the ground.,Not Available,Not Available,148.0,163.0,0.0,0.0,0,0
Ryan Rickelton,Ryan Rickelton,South Africa,Wicketkeeper,Top Order Aggressor,Neutral Venues,Cover / Boundary,Not Available,0,"Bowl hard lengths to Ryan Rickelton, pack the off-side field. Look for early nip-back.",Deploy spinners to restrict scoring zones. Force Ryan Rickelton to generate their own power.,Not a regular bowler. Focus purely on strike rotation if they bowl.,Ryan Rickelton is a designated Wicketkeeper. Deny them width and force them to hit straight down the ground.,Not Available,Not Available,141.5,156.5,0.0,0.0,0,0
Allah Ghazanfar,Allah Ghazanfar,Afghanistan,Bowler,Lower Order,Neutral Venues,Cover / Boundary,Not Available,0,Target the stumps with raw pace. Look for quick dismissals.,Bowl flat and straight. Do not offer flight.,Respect Allah Ghazanfar's stock delivery. Wait for the loose ball or missed yorker at the death.,Allah Ghazanfar is a frontline Bowler. See off their best spells and attack the weaker backup bowlers.,Not Available,Not Available,90.0,105.0,7.1,8.6,15,300
Corbin Bosch,Corbin Bosch,South Africa,All-Rounder,Middle Order,Neutral Venues,Cover / Boundary,Not Available,0,Bowl heavy bouncers at the body to cramp Corbin Bosch for room.,Keep the ball turning away from Corbin Bosch's hitting arc.,Exploit Corbin Bosch's lack of raw pace. Look for the straight drive or slog sweep.,Corbin Bosch provides critical balance. Attack their bowling to put them under pressure before they bat.,Not Available,Not Available,135.0,150.0,8.3,9.8,50,900
