Team,Player_Name,Role,Country,Primary_Batting_Phase,Best_to_Worst_Venues,General_Fielding_Position,Loose_Fielding_Position,Total_Dropped_Catches,Clash_Pace_Tactic,Clash_Spin_Tactic,Batting_Against_Him_Tactic,Coach_Tape_Suggestion,Primary_Threat_Bowler,Primary_Nightmare_Batter,Overall_Bat_SR,Pressure_Bat_SR_Death,Overall_Bowl_Econ,Pressure_Bowl_Econ_Death,Wickets,Balls_Bowled
Chennai Super Kings,Ruturaj Gaikwad,Batsman,India,Middle Order Anchor,Neutral Venues,Cover / Boundary,,0.0,Bowl standard lines and build pressure.,Restrict boundaries and use flight.,Rotate the strike and wait for bad balls.,Review standard match footage.,,,0.0,0.0,9.0,10.0,0.0,0.0
Chennai Super Kings,MS Dhoni,Wicketkeeper,India,Death Over Finisher,"MA Chidambaram Stadium, Chepauk > Maharashtra Cricket Association Stadium > M Chinnaswamy Stadium > Eden Gardens",Unknown,Wicketkeeper,1.0,Target primary weakness: Exploit raw pace. Use well-directed bouncers at the body and yorkers to trap them.,Alternate Tactic (Spin): Toss it up wide of off-stump. Force them to generate their own power by taking the pace off.,Target this bowler aggressively. High economy rate suggests frequent boundary deliveries. Look for gaps early. ,"MS Dhoni is a Death Over Finisher. Strongest at MA Chidambaram Stadium, Chepauk. Beware of Z Khan who owns this matchup.",Z Khan,Not Available,132.6,166.5,0.0,0.0,0.0,0.0
Chennai Super Kings,Sanju Samson,Wicketkeeper,India,Middle Order Anchor,Neutral Venues,Cover / Boundary,,0.0,Bowl standard lines and build pressure.,Restrict boundaries and use flight.,Rotate the strike and wait for bad balls.,Review standard match footage.,,,0.0,0.0,9.0,10.0,0.0,0.0
Chennai Super Kings,Dewald Brevis,Batsman,South Africa,Top Order Aggressor,Neutral Venues,Cover / Boundary,Not Available,0.0,"Bowl hard lengths to Dewald Brevis, pack the off-side field. Look for early nip-back.",Deploy spinners to restrict scoring zones. Force Dewald Brevis to generate their own power.,Not a regular bowler. Focus purely on strike rotation if they bowl.,Dewald Brevis is a designated Batsman. Deny them width and force them to hit straight down the ground.,Not Available,Not Available,152.0,167.0,0.0,0.0,0.0,0.0
Chennai Super Kings,Ayush Mhatre,Batsman,India,Middle Order Anchor,Neutral Venues,Cover / Boundary,,0.0,Bowl standard lines and build pressure.,Restrict boundaries and use flight.,Rotate the strike and wait for bad balls.,Review standard match footage.,,,0.0,0.0,9.0,10.0,0.0,0.0
Chennai Super Kings,Shivam Dube,All-Rounder,India,Middle Order Anchor,Neutral Venues,Cover / Boundary,,0.0,Bowl standard lines and build pressure.,Restrict boundaries and use flight.,Rotate the strike and wait for bad balls.,Review standard match footage.,,,0.0,0.0,9.0,10.0,0.0,0.0
Chennai Super Kings,Urvil Patel,Wicketkeeper,India,Top Order Aggressor,Neutral Venues,Unknown,Not Available,0.0,Execute standard death-over strategies: wide yorkers and back-of-a-length slower balls.,Vary pace and trajectory. Aim for the rough patches to induce a false shot.,Target this bowler aggressively. High economy rate suggests frequent boundary deliveries. Look for gaps early. ,Urvil Patel is a Top Order Aggressor. Strongest at most grounds.,Not Available,Not Available,194.6,0.0,0.0,0.0,0.0,0.0
Chennai Super Kings,Noor Ahmad,Bowler,Afghanistan,Death Over Finisher,"MA Chidambaram Stadium, Chepauk, Chennai > Narendra Modi Stadium, Ahmedabad > Eden Gardens, Kolkata > M Chinnaswamy Stadium, Bengaluru",Unknown,Not Available,0.0,Execute standard death-over strategies: wide yorkers and back-of-a-length slower balls.,Vary pace and trajectory. Aim for the rough patches to induce a false shot.,"Play out his deliveries on merit and wait for loose balls. Historically, V Suryavanshi completely owns this bowler. Emulate that aggressive footprint.","Noor Ahmad is a Death Over Finisher. Strongest at MA Chidambaram Stadium, Chepauk, Chennai. Keep away from V Suryavanshi who hits them at will.",Not Available,V Suryavanshi,55.6,66.7,7.86,8.05,55.0,1008.0
Chennai Super Kings,Spencer Johnson,Bowler,Australia,Middle Order Anchor,Neutral Venues,Cover / Boundary,,0.0,Bowl standard lines and build pressure.,Restrict boundaries and use flight.,Rotate the strike and wait for bad balls.,Review standard match footage.,,,0.0,0.0,9.0,10.0,0.0,0.0
Chennai Super Kings,Shreyas Gopal,Bowler,India,Middle Order Anchor,Neutral Venues,Cover / Boundary,,0.0,Bowl standard lines and build pressure.,Restrict boundaries and use flight.,Rotate the strike and wait for bad balls.,Review standard match footage.,,,0.0,0.0,9.0,10.0,0.0,0.0
Chennai Super Kings,Kuldip Yadav,Bowler,India,Middle Order Anchor,Neutral Venues,Cover / Boundary,,0.0,Bowl standard lines and build pressure.,Restrict boundaries and use flight.,Rotate the strike and wait for bad balls.,Review standard match footage.,,,0.0,0.0,9.0,10.0,0.0,0.0
Chennai Super Kings,Macneil Noronha,All-Rounder,India,Middle Order Anchor,Neutral Venues,Cover / Boundary,,0.0,Bowl standard lines and build pressure.,Restrict boundaries and use flight.,Rotate the strike and wait for bad balls.,Review standard match footage.,,,0.0,0.0,9.0,10.0,0.0,0.0
Chennai Super Kings,Mukesh Choudhary,Bowler,India,Lower Order,Neutral Venues,Cover / Boundary,Not Available,0.0,Target the stumps with raw pace. Look for quick dismissals.,Bowl flat and straight. Do not offer flight.,Respect Mukesh Choudhary's stock delivery. Wait for the loose ball or missed yorker at the death.,Mukesh Choudhary is a frontline Bowler. See off their best spells and attack the weaker backup bowlers.,Not Available,Not Available,75.0,90.0,9.0,10.5,25.0,480.0
Chennai Super Kings,Dian Forrester,All-Rounder,England,Middle Order Anchor,Neutral Venues,Cover / Boundary,,0.0,Bowl standard lines and build pressure.,Restrict boundaries and use flight.,Rotate the strike and wait for bad balls.,Review standard match footage.,,,0.0,0.0,9.0,10.0,0.0,0.0
Chennai Super Kings,Gurjapneet Singh,Bowler,India,Middle Order,Neutral Venues,Unknown,Not Available,0.0,Execute standard death-over strategies: wide yorkers and back-of-a-length slower balls.,Vary pace and trajectory. Aim for the rough patches to induce a false shot.,"Target this bowler aggressively. High economy rate suggests frequent boundary deliveries. Look for gaps early. Historically, T Stubbs completely owns this bowler. Emulate that aggressive footprint.",Gurjapneet Singh is a Middle Order. Strongest at most grounds.,Not Available,T Stubbs,0.0,0.0,9.48,9.38,3.0,88.0
Chennai Super Kings,Anshul Kamboj,All-Rounder,India,Middle Order Anchor,Neutral Venues,Cover / Boundary,,0.0,Bowl standard lines and build pressure.,Restrict boundaries and use flight.,Rotate the strike and wait for bad balls.,Review standard match footage.,,,0.0,0.0,9.0,10.0,0.0,0.0
Chennai Super Kings,Akeal Hosein,Bowler,West Indies,Middle Order Anchor,Neutral Venues,Cover / Boundary,,0.0,Bowl standard lines and build pressure.,Restrict boundaries and use flight.,Rotate the strike and wait for bad balls.,Review standard match footage.,,,0.0,0.0,9.0,10.0,0.0,0.0
Chennai Super Kings,Prashant Veer,All-Rounder,India,Middle Order Anchor,Neutral Venues,Cover / Boundary,,0.0,Bowl standard lines and build pressure.,Restrict boundaries and use flight.,Rotate the strike and wait for bad balls.,Review standard match footage.,,,0.0,0.0,9.0,10.0,0.0,0.0
Chennai Super Kings,Kartik Sharma,Wicketkeeper,India,Middle Order Anchor,Neutral Venues,Unknown,Not Available,0.0,Execute standard death-over strategies: wide yorkers and back-of-a-length slower balls.,Vary pace and trajectory. Aim for the rough patches to induce a false shot.,Target this bowler aggressively. High economy rate suggests frequent boundary deliveries. Look for gaps early. ,Kartik Sharma is a Middle Order Anchor. Strongest at most grounds.,Not Available,Not Available,113.7,115.4,0.0,0.0,0.0,0.0
Chennai Super Kings,Matthew Short,All-Rounder,Australia,Middle Order Anchor,Neutral Venues,Cover / Boundary,,0.0,Bowl standard lines and build pressure.,Restrict boundaries and use flight.,Rotate the strike and wait for bad balls.,Review standard match footage.,,,0.0,0.0,9.0,10.0,0.0,0.0
Chennai Super Kings,Aman Khan,All-Rounder,India,Middle Order Anchor,Neutral Venues,Cover / Boundary,,0.0,Bowl standard lines and build pressure.,Restrict boundaries and use flight.,Rotate the strike and wait for bad balls.,Review standard match footage.,,,0.0,0.0,9.0,10.0,0.0,0.0
Chennai Super Kings,Sarfaraz Khan,Batsman,India,Middle Order Anchor,Neutral Venues,Cover / Boundary,,0.0,Bowl standard lines and build pressure.,Restrict boundaries and use flight.,Rotate the strike and wait for bad balls.,Review standard match footage.,,,0.0,0.0,9.0,10.0,0.0,0.0
Chennai Super Kings,Rahul Chahar,Bowler,India,Middle Order Anchor,Neutral Venues,Cover / Boundary,,0.0,Bowl standard lines and build pressure.,Restrict boundaries and use flight.,Rotate the strike and wait for bad balls.,Review standard match footage.,,,0.0,0.0,9.0,10.0,0.0,0.0
Chennai Super Kings,Matt Henry,Bowler,New Zealand,Middle Order Anchor,Neutral Venues,Cover / Boundary,,0.0,Bowl standard lines and build pressure.,Restrict boundaries and use flight.,Rotate the strike and wait for bad balls.,Review standard match footage.,,,0.0,0.0,9.0,10.0,0.0,0.0
Chennai Super Kings,Zak Foulkes,All-Rounder,New Zealand,Middle Order Anchor,Neutral Venues,Cover / Boundary,,0.0,Bowl standard lines and build pressure.,Restrict boundaries and use flight.,Rotate the strike and wait for bad balls.,Review standard match footage.,,,0.0,0.0,9.0,10.0,0.0,0.0
Delhi Capitals,Axar Patel,All-Rounder,India,Middle Order Anchor,Neutral Venues,Cover / Boundary,,0.0,Bowl standard lines and build pressure.,Restrict boundaries and use flight.,Rotate the strike and wait for bad balls.,Review standard match footage.,,,0.0,0.0,9.0,10.0,0.0,0.0
Delhi Capitals,KL Rahul,Wicketkeeper,India,Top Order Aggressor,"Dubai International Cricket Stadium > Bharat Ratna Shri Atal Bihari Vajpayee Ekana Cricket Stadium, Lucknow > Arun Jaitley Stadium, Delhi > Punjab Cricket Association IS Bindra Stadium",Unknown,Wicketkeeper,3.0,Alternate Tactic (Pace): Bowl hard lengths outside off-stump. Use off-cutters rolling fingers over the seam to disrupt timing.,"Target primary weakness: Exploit the spinning ball, use variations in flight and turn away from the bat.",Target this bowler aggressively. High economy rate suggests frequent boundary deliveries. Look for gaps early. ,KL Rahul is a Top Order Aggressor. Strongest at Dubai International Cricket Stadium. Beware of DS Kulkarni who owns this matchup.,DS Kulkarni,Not Available,135.2,169.2,0.0,0.0,0.0,0.0
Delhi Capitals,Karun Nair,Batsman,India,Middle Order Anchor,Neutral Venues,Cover / Boundary,,0.0,Bowl standard lines and build pressure.,Restrict boundaries and use flight.,Rotate the strike and wait for bad balls.,Review standard match footage.,,,0.0,0.0,9.0,10.0,0.0,0.0
Delhi Capitals,Mitchell Starc,Bowler,Australia,Middle Order Anchor,Neutral Venues,Cover / Boundary,,0.0,Bowl standard lines and build pressure.,Restrict boundaries and use flight.,Rotate the strike and wait for bad balls.,Review standard match footage.,,,0.0,0.0,9.0,10.0,0.0,0.0
Delhi Capitals,David Miller,Batsman,South Africa,Middle Order Anchor,Neutral Venues,Cover / Boundary,,0.0,Bowl standard lines and build pressure.,Restrict boundaries and use flight.,Rotate the strike and wait for bad balls.,Review standard match footage.,,,0.0,0.0,9.0,10.0,0.0,0.0
Delhi Capitals,Rehan Ahmed,All-Rounder,England,Middle Order Anchor,Neutral Venues,Cover / Boundary,,0.0,Bowl standard lines and build pressure.,Restrict boundaries and use flight.,Rotate the strike and wait for bad balls.,Review standard match footage.,,,0.0,0.0,9.0,10.0,0.0,0.0
Delhi Capitals,Pathum Nissanka,Batsman,Sri Lanka,Top Order Aggressor,Neutral Venues,Cover / Boundary,Not Available,0.0,"Bowl hard lengths to Pathum Nissanka, pack the off-side field. Look for early nip-back.",Deploy spinners to restrict scoring zones. Force Pathum Nissanka to generate their own power.,Not a regular bowler. Focus purely on strike rotation if they bowl.,Pathum Nissanka is a designated Batsman. Deny them width and force them to hit straight down the ground.,Not Available,Not Available,132.5,147.5,0.0,0.0,0.0,0.0
Delhi Capitals,Sahil Parakh,Batsman,India,Middle Order Anchor,Neutral Venues,Cover / Boundary,,0.0,Bowl standard lines and build pressure.,Restrict boundaries and use flight.,Rotate the strike and wait for bad balls.,Review standard match footage.,,,0.0,0.0,9.0,10.0,0.0,0.0
Delhi Capitals,Prithvi Shaw,Batsman,India,Middle Order Anchor,Neutral Venues,Cover / Boundary,,0.0,Bowl standard lines and build pressure.,Restrict boundaries and use flight.,Rotate the strike and wait for bad balls.,Review standard match footage.,,,0.0,0.0,9.0,10.0,0.0,0.0
Delhi Capitals,Abhishek Porel,Wicketkeeper,India,Middle Order Anchor,Neutral Venues,Cover / Boundary,Not Available,0.0,"Bowl hard lengths to Abhishek Porel, pack the off-side field. Look for early nip-back.",Deploy spinners to restrict scoring zones. Force Abhishek Porel to generate their own power.,Not a regular bowler. Focus purely on strike rotation if they bowl.,Abhishek Porel is a designated Wicketkeeper. Deny them width and force them to hit straight down the ground.,Not Available,Not Available,141.2,156.2,0.0,0.0,0.0,0.0
Delhi Capitals,Tristan Stubbs,Wicketkeeper,South Africa,Middle Order Anchor,Neutral Venues,Cover / Boundary,,0.0,Bowl standard lines and build pressure.,Restrict boundaries and use flight.,Rotate the strike and wait for bad balls.,Review standard match footage.,,,0.0,0.0,9.0,10.0,0.0,0.0
Delhi Capitals,Sameer Rizvi,Batsman,India,Death Over Finisher,Neutral Venues,Cover / Boundary,Not Available,0.0,"Bowl hard lengths to Sameer Rizvi, pack the off-side field. Look for early nip-back.",Deploy spinners to restrict scoring zones. Force Sameer Rizvi to generate their own power.,Not a regular bowler. Focus purely on strike rotation if they bowl.,Sameer Rizvi is a designated Batsman. Deny them width and force them to hit straight down the ground.,Not Available,Not Available,155.0,170.0,0.0,0.0,0.0,0.0
Delhi Capitals,Ashutosh Sharma,Batsman,India,Death Over Finisher,"Maharaja Yadavindra Singh International Cricket Stadium, Mullanpur > Narendra Modi Stadium, Ahmedabad > Dr. Y.S. Rajasekhara Reddy ACA-VDCA Cricket Stadium, Visakhapatnam > Rajiv Gandhi International Stadium, Uppal, Hyderabad",Unknown,Not Available,0.0,Target primary weakness: Exploit raw pace. Use well-directed bouncers at the body and yorkers to trap them.,Alternate Tactic (Spin): Toss it up wide of off-stump. Force them to generate their own power by taking the pace off.,Target this bowler aggressively. High economy rate suggests frequent boundary deliveries. Look for gaps early. ,"Ashutosh Sharma is a Death Over Finisher. Strongest at Maharaja Yadavindra Singh International Cricket Stadium, Mullanpur. Beware of E Malinga who owns this matchup.",E Malinga,Not Available,152.4,162.0,0.0,0.0,0.0,0.0
Delhi Capitals,Vipraj Nigam,All-Rounder,India,Middle Order Anchor,Neutral Venues,Cover / Boundary,,0.0,Bowl standard lines and build pressure.,Restrict boundaries and use flight.,Rotate the strike and wait for bad balls.,Review standard match footage.,,,0.0,0.0,9.0,10.0,0.0,0.0
Delhi Capitals,Ajay Mandal,All-Rounder,India,Middle Order Anchor,Neutral Venues,Cover / Boundary,,0.0,Bowl standard lines and build pressure.,Restrict boundaries and use flight.,Rotate the strike and wait for bad balls.,Review standard match footage.,,,0.0,0.0,9.0,10.0,0.0,0.0
Delhi Capitals,Tripurana Vijay,All-Rounder,India,Middle Order Anchor,Neutral Venues,Cover / Boundary,,0.0,Bowl standard lines and build pressure.,Restrict boundaries and use flight.,Rotate the strike and wait for bad balls.,Review standard match footage.,,,0.0,0.0,9.0,10.0,0.0,0.0
Delhi Capitals,Madhav Tiwari,Bowler,India,Middle Order Anchor,Neutral Venues,Cover / Boundary,,0.0,Bowl standard lines and build pressure.,Restrict boundaries and use flight.,Rotate the strike and wait for bad balls.,Review standard match footage.,,,0.0,0.0,9.0,10.0,0.0,0.0
Delhi Capitals,Auqib Dar,Bowler,India,Middle Order Anchor,Neutral Venues,Cover / Boundary,,0.0,Bowl standard lines and build pressure.,Restrict boundaries and use flight.,Rotate the strike and wait for bad balls.,Review standard match footage.,,,0.0,0.0,9.0,10.0,0.0,0.0
Delhi Capitals,Nitish Rana,All-Rounder,India,Middle Order Anchor,Neutral Venues,Cover / Boundary,,0.0,Bowl standard lines and build pressure.,Restrict boundaries and use flight.,Rotate the strike and wait for bad balls.,Review standard match footage.,,,0.0,0.0,9.0,10.0,0.0,0.0
Delhi Capitals,T. Natarajan,Bowler,India,Middle Order Anchor,Neutral Venues,Cover / Boundary,,0.0,Bowl standard lines and build pressure.,Restrict boundaries and use flight.,Rotate the strike and wait for bad balls.,Review standard match footage.,,,0.0,0.0,9.0,10.0,0.0,0.0
Delhi Capitals,Mukesh Kumar,Bowler,India,Death Over Finisher,"Arun Jaitley Stadium, Delhi > Bharat Ratna Shri Atal Bihari Vajpayee Ekana Cricket Stadium, Lucknow > Dr. Y.S. Rajasekhara Reddy ACA-VDCA Cricket Stadium, Visakhapatnam > Narendra Modi Stadium, Ahmedabad",Unknown,Backward Point,1.0,Execute standard death-over strategies: wide yorkers and back-of-a-length slower balls.,Vary pace and trajectory. Aim for the rough patches to induce a false shot.,"Prime target for the death overs. Attack him aggressively late in the innings as he loses his length under pressure. Historically, H Klaasen completely owns this bowler. Emulate that aggressive footprint.","Mukesh Kumar is a Death Over Finisher. Strongest at Arun Jaitley Stadium, Delhi. Keep away from H Klaasen who hits them at will.",Not Available,H Klaasen,50.0,50.0,9.86,11.74,42.0,838.0
Delhi Capitals,Dushmantha Chameera,Bowler,Sri Lanka,Middle Order Anchor,Neutral Venues,Cover / Boundary,,0.0,Bowl standard lines and build pressure.,Restrict boundaries and use flight.,Rotate the strike and wait for bad balls.,Review standard match footage.,,,0.0,0.0,9.0,10.0,0.0,0.0
Delhi Capitals,Lungi Ngidi,Bowler,South Africa,Middle Order Anchor,Neutral Venues,Cover / Boundary,,0.0,Bowl standard lines and build pressure.,Restrict boundaries and use flight.,Rotate the strike and wait for bad balls.,Review standard match footage.,,,0.0,0.0,9.0,10.0,0.0,0.0
Delhi Capitals,Kyle Jamieson,Bowler,New Zealand,Lower Order,Neutral Venues,Cover / Boundary,Not Available,0.0,Target the stumps with raw pace. Look for quick dismissals.,Bowl flat and straight. Do not offer flight.,Respect Kyle Jamieson's stock delivery. Wait for the loose ball or missed yorker at the death.,Kyle Jamieson is a frontline Bowler. See off their best spells and attack the weaker backup bowlers.,Not Available,Not Available,105.0,120.0,8.6,10.1,85.0,1400.0
Delhi Capitals,Kuldeep Yadav,Bowler,India,Death Over Finisher,"Eden Gardens > Arun Jaitley Stadium, Delhi > Brabourne Stadium, Mumbai > Wankhede Stadium, Mumbai",Unknown,Not Available,0.0,Target primary weakness: Exploit raw pace. Use well-directed bouncers at the body and yorkers to trap them.,Alternate Tactic (Spin): Toss it up wide of off-stump. Force them to generate their own power by taking the pace off.,"Play out his deliveries on merit and wait for loose balls. Historically, Abhishek Sharma completely owns this bowler. Emulate that aggressive footprint.",Kuldeep Yadav is a Death Over Finisher. Strongest at Eden Gardens. Beware of Arshdeep Singh who owns this matchup. Keep away from Abhishek Sharma who hits them at will.,Arshdeep Singh,Abhishek Sharma,79.8,86.6,8.06,8.37,109.0,2275.0
Gujarat Titans,Shubman Gill,Batsman,India,Top Order Aggressor,"Narendra Modi Stadium, Ahmedabad > Eden Gardens > Sharjah Cricket Stadium > Dubai International Cricket Stadium",Unknown,Long On,3.0,Alternate Tactic (Pace): Bowl hard lengths outside off-stump. Use off-cutters rolling fingers over the seam to disrupt timing.,"Target primary weakness: Exploit the spinning ball, use variations in flight and turn away from the bat.",Target this bowler aggressively. High economy rate suggests frequent boundary deliveries. Look for gaps early. ,"Shubman Gill is a Top Order Aggressor. Strongest at Narendra Modi Stadium, Ahmedabad. Beware of B Kumar who owns this matchup.",B Kumar,Not Available,136.1,146.5,0.0,0.0,0.0,0.0
Gujarat Titans,Sai Sudharsan,Batsman,India,Middle Order Anchor,Neutral Venues,Cover / Boundary,,0.0,Bowl standard lines and build pressure.,Restrict boundaries and use flight.,Rotate the strike and wait for bad balls.,Review standard match footage.,,,0.0,0.0,9.0,10.0,0.0,0.0
Gujarat Titans,Kumar Kushagra,Wicketkeeper,India,Top Order Aggressor,Neutral Venues,Unknown,Not Available,0.0,Execute standard death-over strategies: wide yorkers and back-of-a-length slower balls.,Vary pace and trajectory. Aim for the rough patches to induce a false shot.,Target this bowler aggressively. High economy rate suggests frequent boundary deliveries. Look for gaps early. ,Kumar Kushagra is a Top Order Aggressor. Strongest at most grounds.,Not Available,Not Available,100.0,0.0,0.0,0.0,0.0,0.0
Gujarat Titans,Anuj Rawat,Wicketkeeper,India,Middle Order Anchor,"M Chinnaswamy Stadium, Bengaluru > Maharashtra Cricket Association Stadium, Pune",Unknown,Deep Mid-Wicket,1.0,Execute standard death-over strategies: wide yorkers and back-of-a-length slower balls.,Vary pace and trajectory. Aim for the rough patches to induce a false shot.,Target this bowler aggressively. High economy rate suggests frequent boundary deliveries. Look for gaps early. ,"Anuj Rawat is a Middle Order Anchor. Strongest at M Chinnaswamy Stadium, Bengaluru. Beware of JD Unadkat who owns this matchup.",JD Unadkat,Not Available,115.2,167.1,0.0,0.0,0.0,0.0
Gujarat Titans,Jos Buttler,Wicketkeeper,England,Middle Order Anchor,Neutral Venues,Cover / Boundary,,0.0,Bowl standard lines and build pressure.,Restrict boundaries and use flight.,Rotate the strike and wait for bad balls.,Review standard match footage.,,,0.0,0.0,9.0,10.0,0.0,0.0
Gujarat Titans,Nishant Sindhu,All-Rounder,India,Middle Order Anchor,Neutral Venues,Cover / Boundary,,0.0,Bowl standard lines and build pressure.,Restrict boundaries and use flight.,Rotate the strike and wait for bad balls.,Review standard match footage.,,,0.0,0.0,9.0,10.0,0.0,0.0
Gujarat Titans,Washington Sundar,All-Rounder,India,Death Over Finisher,"M.Chinnaswamy Stadium > Rajiv Gandhi International Stadium, Uppal, Hyderabad > Dubai International Cricket Stadium > Wankhede Stadium, Mumbai",Unknown,Deep Mid-Wicket,6.0,Alternate Tactic (Pace): Bowl hard lengths outside off-stump. Use off-cutters rolling fingers over the seam to disrupt timing.,"Target primary weakness: Exploit the spinning ball, use variations in flight and turn away from the bat.","Play out his deliveries on merit and wait for loose balls. Historically, SV Samson completely owns this bowler. Emulate that aggressive footprint.",Washington Sundar is a Death Over Finisher. Strongest at M.Chinnaswamy Stadium. Beware of Ravi Bishnoi who owns this matchup. Keep away from SV Samson who hits them at will.,Ravi Bishnoi,SV Samson,123.6,136.8,7.68,9.44,40.0,1162.0
Gujarat Titans,Arshad Khan,All-Rounder,India,Death Over Finisher,"Narendra Modi Stadium, Ahmedabad > Arun Jaitley Stadium, Delhi > Wankhede Stadium, Mumbai > M Chinnaswamy Stadium, Bengaluru",Unknown,Not Available,0.0,Execute standard death-over strategies: wide yorkers and back-of-a-length slower balls.,Vary pace and trajectory. Aim for the rough patches to induce a false shot.,"Prime target for the death overs. Attack him aggressively late in the innings as he loses his length under pressure. Historically, Abishek Porel completely owns this bowler. Emulate that aggressive footprint.","Arshad Khan is a Death Over Finisher. Strongest at Narendra Modi Stadium, Ahmedabad. Keep away from Abishek Porel who hits them at will.",Kuldeep Yadav,Abishek Porel,132.2,135.6,10.04,12.42,17.0,336.0
Gujarat Titans,Shahrukh Khan,Batsman,India,Middle Order Anchor,Neutral Venues,Cover / Boundary,,0.0,Bowl standard lines and build pressure.,Restrict boundaries and use flight.,Rotate the strike and wait for bad balls.,Review standard match footage.,,,0.0,0.0,9.0,10.0,0.0,0.0
Gujarat Titans,Rahul Tewatia,All-Rounder,India,Middle Order Anchor,Neutral Venues,Cover / Boundary,,0.0,Bowl standard lines and build pressure.,Restrict boundaries and use flight.,Rotate the strike and wait for bad balls.,Review standard match footage.,,,0.0,0.0,9.0,10.0,0.0,0.0
Gujarat Titans,Kagiso Rabada,Bowler,South Africa,Middle Order Anchor,Neutral Venues,Cover / Boundary,,0.0,Bowl standard lines and build pressure.,Restrict boundaries and use flight.,Rotate the strike and wait for bad balls.,Review standard match footage.,,,0.0,0.0,9.0,10.0,0.0,0.0
Gujarat Titans,Mohammed Siraj,Bowler,India,Death Over Finisher,"M Chinnaswamy Stadium, Bengaluru > Narendra Modi Stadium, Ahmedabad > Sheikh Zayed Stadium > M.Chinnaswamy Stadium",Unknown,Fine Leg,15.0,Execute standard death-over strategies: wide yorkers and back-of-a-length slower balls.,Vary pace and trajectory. Aim for the rough patches to induce a false shot.,"Play out his deliveries on merit and wait for loose balls. Historically, CH Gayle completely owns this bowler. Emulate that aggressive footprint.","Mohammed Siraj is a Death Over Finisher. Strongest at M Chinnaswamy Stadium, Bengaluru. Beware of DJ Bravo who owns this matchup. Keep away from CH Gayle who hits them at will.",DJ Bravo,CH Gayle,85.5,85.5,8.18,9.37,118.0,2652.0
Gujarat Titans,Prasidh Krishna,Bowler,India,Middle Order Anchor,Neutral Venues,Cover / Boundary,,0.0,Bowl standard lines and build pressure.,Restrict boundaries and use flight.,Rotate the strike and wait for bad balls.,Review standard match footage.,,,0.0,0.0,9.0,10.0,0.0,0.0
Gujarat Titans,Ishant Sharma,Bowler,India,Middle Order Anchor,Neutral Venues,Cover / Boundary,,0.0,Bowl standard lines and build pressure.,Restrict boundaries and use flight.,Rotate the strike and wait for bad balls.,Review standard match footage.,,,0.0,0.0,9.0,10.0,0.0,0.0
Gujarat Titans,Gurnoor Singh Brar,Bowler,India,Middle Order Anchor,Neutral Venues,Cover / Boundary,,0.0,Bowl standard lines and build pressure.,Restrict boundaries and use flight.,Rotate the strike and wait for bad balls.,Review standard match footage.,,,0.0,0.0,9.0,10.0,0.0,0.0
Gujarat Titans,Rashid Khan,Bowler,Afghanistan,Death Over Finisher,"Narendra Modi Stadium, Ahmedabad > Rajiv Gandhi International Stadium > Dubai International Cricket Stadium > Wankhede Stadium, Mumbai",Unknown,Long On,9.0,Target primary weakness: Exploit raw pace. Use well-directed bouncers at the body and yorkers to trap them.,Alternate Tactic (Spin): Toss it up wide of off-stump. Force them to generate their own power by taking the pace off.,"Play out his deliveries on merit and wait for loose balls. Historically, Rahmanullah Gurbaz completely owns this bowler. Emulate that aggressive footprint.","Rashid Khan is a Death Over Finisher. Strongest at Narendra Modi Stadium, Ahmedabad. Beware of TU Deshpande who owns this matchup. Keep away from Rahmanullah Gurbaz who hits them at will.",TU Deshpande,Rahmanullah Gurbaz,148.0,154.1,7.07,8.26,168.0,3440.0
Gujarat Titans,Manav Suthar,All-Rounder,India,Middle Order Anchor,Neutral Venues,Cover / Boundary,,0.0,Bowl standard lines and build pressure.,Restrict boundaries and use flight.,Rotate the strike and wait for bad balls.,Review standard match footage.,,,0.0,0.0,9.0,10.0,0.0,0.0
Gujarat Titans,R Sai Kishore,Bowler,India,Death Over Finisher,"Narendra Modi Stadium, Ahmedabad > Maharaja Yadavindra Singh International Cricket Stadium, Mullanpur > Wankhede Stadium, Mumbai",Unknown,Not Available,0.0,Execute standard death-over strategies: wide yorkers and back-of-a-length slower balls.,Vary pace and trajectory. Aim for the rough patches to induce a false shot.,"Play out his deliveries on merit and wait for loose balls. Historically, WG Jacks completely owns this bowler. Emulate that aggressive footprint.","R Sai Kishore is a Death Over Finisher. Strongest at Narendra Modi Stadium, Ahmedabad. Keep away from WG Jacks who hits them at will.",Not Available,WG Jacks,112.5,112.5,8.62,10.21,32.0,453.0
Gujarat Titans,Jayant Yadav,All-Rounder,India,Middle Order Anchor,Neutral Venues,Cover / Boundary,,0.0,Bowl standard lines and build pressure.,Restrict boundaries and use flight.,Rotate the strike and wait for bad balls.,Review standard match footage.,,,0.0,0.0,9.0,10.0,0.0,0.0
Gujarat Titans,Ashok Sharma,Bowler,India,Middle Order Anchor,"Narendra Modi Stadium, Ahmedabad",Unknown,Not Available,0.0,Execute standard death-over strategies: wide yorkers and back-of-a-length slower balls.,Vary pace and trajectory. Aim for the rough patches to induce a false shot.,"Prime target for the death overs. Attack him aggressively late in the innings as he loses his length under pressure. Historically, C Green completely owns this bowler. Emulate that aggressive footprint.","Ashok Sharma is a Middle Order Anchor. Strongest at Narendra Modi Stadium, Ahmedabad. Keep away from C Green who hits them at will.",Not Available,C Green,20.0,0.0,10.06,10.53,6.0,136.0
Gujarat Titans,Jason Holder,All-Rounder,West Indies,Middle Order Anchor,Neutral Venues,Cover / Boundary,,0.0,Bowl standard lines and build pressure.,Restrict boundaries and use flight.,Rotate the strike and wait for bad balls.,Review standard match footage.,,,0.0,0.0,9.0,10.0,0.0,0.0
Gujarat Titans,Tom Banton,Wicketkeeper,England,Top Order Aggressor,Neutral Venues,Cover / Boundary,Not Available,0.0,"Bowl hard lengths to Tom Banton, pack the off-side field. Look for early nip-back.",Deploy spinners to restrict scoring zones. Force Tom Banton to generate their own power.,Not a regular bowler. Focus purely on strike rotation if they bowl.,Tom Banton is a designated Wicketkeeper. Deny them width and force them to hit straight down the ground.,Not Available,Not Available,148.0,163.0,0.0,0.0,0.0,0.0
Gujarat Titans,Luke Wood,Bowler,England,Middle Order Anchor,Neutral Venues,Cover / Boundary,,0.0,Bowl standard lines and build pressure.,Restrict boundaries and use flight.,Rotate the strike and wait for bad balls.,Review standard match footage.,,,0.0,0.0,9.0,10.0,0.0,0.0
Gujarat Titans,Prithvi Raj Yarra,Bowler,India,Middle Order Anchor,Neutral Venues,Cover / Boundary,,0.0,Bowl standard lines and build pressure.,Restrict boundaries and use flight.,Rotate the strike and wait for bad balls.,Review standard match footage.,,,0.0,0.0,9.0,10.0,0.0,0.0
Gujarat Titans,Glenn Phillips,Batsman,New Zealand,Middle Order Anchor,Neutral Venues,Cover / Boundary,,0.0,Bowl standard lines and build pressure.,Restrict boundaries and use flight.,Rotate the strike and wait for bad balls.,Review standard match footage.,,,0.0,0.0,9.0,10.0,0.0,0.0
Kolkata Knight Riders,Rinku Singh,Batsman,India,Middle Order Anchor,Neutral Venues,Cover / Boundary,,0.0,Bowl standard lines and build pressure.,Restrict boundaries and use flight.,Rotate the strike and wait for bad balls.,Review standard match footage.,,,0.0,0.0,9.0,10.0,0.0,0.0
Kolkata Knight Riders,Angkrish Raghuvanshi,Batsman,India,Top Order Aggressor,Neutral Venues,Cover / Boundary,Not Available,0.0,"Bowl hard lengths to Angkrish Raghuvanshi, pack the off-side field. Look for early nip-back.",Deploy spinners to restrict scoring zones. Force Angkrish Raghuvanshi to generate their own power.,Not a regular bowler. Focus purely on strike rotation if they bowl.,Angkrish Raghuvanshi is a designated Batsman. Deny them width and force them to hit straight down the ground.,Not Available,Not Available,145.8,160.8,0.0,0.0,0.0,0.0
Kolkata Knight Riders,Ajinkya Rahane,Batsman,India,Middle Order Anchor,Neutral Venues,Cover / Boundary,,0.0,Bowl standard lines and build pressure.,Restrict boundaries and use flight.,Rotate the strike and wait for bad balls.,Review standard match footage.,,,0.0,0.0,9.0,10.0,0.0,0.0
Kolkata Knight Riders,Manish Pandey,Batsman,India,Middle Order Anchor,Neutral Venues,Cover / Boundary,,0.0,Bowl standard lines and build pressure.,Restrict boundaries and use flight.,Rotate the strike and wait for bad balls.,Review standard match footage.,,,0.0,0.0,9.0,10.0,0.0,0.0
Kolkata Knight Riders,Rovman Powell,Batsman,West Indies,Middle Order Anchor,Neutral Venues,Cover / Boundary,,0.0,Bowl standard lines and build pressure.,Restrict boundaries and use flight.,Rotate the strike and wait for bad balls.,Review standard match footage.,,,0.0,0.0,9.0,10.0,0.0,0.0
Kolkata Knight Riders,Sunil Narine,All-Rounder,West Indies,Middle Order Anchor,Neutral Venues,Cover / Boundary,,0.0,Bowl standard lines and build pressure.,Restrict boundaries and use flight.,Rotate the strike and wait for bad balls.,Review standard match footage.,,,0.0,0.0,9.0,10.0,0.0,0.0
Kolkata Knight Riders,Ramandeep Singh,All-Rounder,India,Death Over Finisher,Neutral Venues,Cover / Boundary,Not Available,0.0,Bowl heavy bouncers at the body to cramp Ramandeep Singh for room.,Keep the ball turning away from Ramandeep Singh's hitting arc.,Exploit Ramandeep Singh's lack of raw pace. Look for the straight drive or slog sweep.,Ramandeep Singh provides critical balance. Attack their bowling to put them under pressure before they bat.,Not Available,Not Available,162.5,177.5,8.9,10.4,15.0,320.0
Kolkata Knight Riders,Anukul Roy,All-Rounder,India,Middle Order Anchor,Neutral Venues,Cover / Boundary,,0.0,Bowl standard lines and build pressure.,Restrict boundaries and use flight.,Rotate the strike and wait for bad balls.,Review standard match footage.,,,0.0,0.0,9.0,10.0,0.0,0.0
Kolkata Knight Riders,Varun Chakravarthy,Bowler,India,Middle Order Anchor,Neutral Venues,Cover / Boundary,,0.0,Bowl standard lines and build pressure.,Restrict boundaries and use flight.,Rotate the strike and wait for bad balls.,Review standard match footage.,,,0.0,0.0,9.0,10.0,0.0,0.0
Kolkata Knight Riders,Harshit Rana,Bowler,India,Lower Order,Neutral Venues,Cover / Boundary,Not Available,0.0,Target the stumps with raw pace. Look for quick dismissals.,Bowl flat and straight. Do not offer flight.,Respect Harshit Rana's stock delivery. Wait for the loose ball or missed yorker at the death.,Harshit Rana is a frontline Bowler. See off their best spells and attack the weaker backup bowlers.,Not Available,Not Available,110.0,125.0,8.4,9.9,30.0,600.0
Kolkata Knight Riders,Vaibhav Arora,Bowler,India,Lower Order,Neutral Venues,Cover / Boundary,Not Available,0.0,Target the stumps with raw pace. Look for quick dismissals.,Bowl flat and straight. Do not offer flight.,Respect Vaibhav Arora's stock delivery. Wait for the loose ball or missed yorker at the death.,Vaibhav Arora is a frontline Bowler. See off their best spells and attack the weaker backup bowlers.,Not Available,Not Available,85.0,100.0,8.8,10.3,25.0,450.0
Kolkata Knight Riders,Umran Malik,Bowler,India,Death Over Finisher,"Wankhede Stadium, Mumbai > Maharashtra Cricket Association Stadium, Pune > Dr DY Patil Sports Academy, Mumbai > Rajiv Gandhi International Stadium, Uppal, Hyderabad",Unknown,Not Available,0.0,Target primary weakness: Exploit raw pace. Use well-directed bouncers at the body and yorkers to trap them.,Alternate Tactic (Spin): Toss it up wide of off-stump. Force them to generate their own power by taking the pace off.,"Play out his deliveries on merit and wait for loose balls. Historically, LS Livingstone completely owns this bowler. Emulate that aggressive footprint.","Umran Malik is a Death Over Finisher. Strongest at Wankhede Stadium, Mumbai. Keep away from LS Livingstone who hits them at will.",Not Available,LS Livingstone,143.8,143.8,8.92,10.08,29.0,519.0
Kolkata Knight Riders,Cameron Green,All-Rounder,Australia,Middle Order Anchor,Neutral Venues,Cover / Boundary,,0.0,Bowl standard lines and build pressure.,Restrict boundaries and use flight.,Rotate the strike and wait for bad balls.,Review standard match footage.,,,0.0,0.0,9.0,10.0,0.0,0.0
Kolkata Knight Riders,Finn Allen,Wicketkeeper,New Zealand,Middle Order Anchor,Neutral Venues,Cover / Boundary,,0.0,Bowl standard lines and build pressure.,Restrict boundaries and use flight.,Rotate the strike and wait for bad balls.,Review standard match footage.,,,0.0,0.0,9.0,10.0,0.0,0.0
Kolkata Knight Riders,Matheesha Pathirana,Bowler,Sri Lanka,Middle Order Anchor,Neutral Venues,Cover / Boundary,,0.0,Bowl standard lines and build pressure.,Restrict boundaries and use flight.,Rotate the strike and wait for bad balls.,Review standard match footage.,,,0.0,0.0,9.0,10.0,0.0,0.0
Kolkata Knight Riders,Tejasvi Singh,Wicketkeeper,India,Middle Order Anchor,Neutral Venues,Cover / Boundary,,0.0,Bowl standard lines and build pressure.,Restrict boundaries and use flight.,Rotate the strike and wait for bad balls.,Review standard match footage.,,,0.0,0.0,9.0,10.0,0.0,0.0
Kolkata Knight Riders,Kartik Tyagi,Bowler,India,Death Over Finisher,"Dubai International Cricket Stadium > Eden Gardens, Kolkata > Sheikh Zayed Stadium",Unknown,Not Available,0.0,Execute standard death-over strategies: wide yorkers and back-of-a-length slower balls.,Vary pace and trajectory. Aim for the rough patches to induce a false shot.,"Target this bowler aggressively. High economy rate suggests frequent boundary deliveries. Look for gaps early. Historically, HH Pandya completely owns this bowler. Emulate that aggressive footprint.",Kartik Tyagi is a Death Over Finisher. Strongest at Dubai International Cricket Stadium. Keep away from HH Pandya who hits them at will.,Not Available,HH Pandya,96.0,87.0,9.3,9.75,24.0,628.0
Kolkata Knight Riders,Prashant Solanki,Bowler,India,Middle Order Anchor,Neutral Venues,Cover / Boundary,,0.0,Bowl standard lines and build pressure.,Restrict boundaries and use flight.,Rotate the strike and wait for bad balls.,Review standard match footage.,,,0.0,0.0,9.0,10.0,0.0,0.0
Kolkata Knight Riders,Rahul Tripathi,Batsman,India,Middle Order Anchor,Neutral Venues,Cover / Boundary,,0.0,Bowl standard lines and build pressure.,Restrict boundaries and use flight.,Rotate the strike and wait for bad balls.,Review standard match footage.,,,0.0,0.0,9.0,10.0,0.0,0.0
Kolkata Knight Riders,Tim Seifert,Wicketkeeper,New Zealand,Middle Order Anchor,Neutral Venues,Cover / Boundary,,0.0,Bowl standard lines and build pressure.,Restrict boundaries and use flight.,Rotate the strike and wait for bad balls.,Review standard match footage.,,,0.0,0.0,9.0,10.0,0.0,0.0
Kolkata Knight Riders,Sarthak Ranjan,All-Rounder,India,Middle Order Anchor,Neutral Venues,Cover / Boundary,,0.0,Bowl standard lines and build pressure.,Restrict boundaries and use flight.,Rotate the strike and wait for bad balls.,Review standard match footage.,,,0.0,0.0,9.0,10.0,0.0,0.0
Kolkata Knight Riders,Daksh Kamra,All-Rounder,India,Middle Order Anchor,Neutral Venues,Cover / Boundary,,0.0,Bowl standard lines and build pressure.,Restrict boundaries and use flight.,Rotate the strike and wait for bad balls.,Review standard match footage.,,,0.0,0.0,9.0,10.0,0.0,0.0
Kolkata Knight Riders,Rachin Ravindra,All-Rounder,New Zealand,Middle Order Anchor,Neutral Venues,Cover / Boundary,,0.0,Bowl standard lines and build pressure.,Restrict boundaries and use flight.,Rotate the strike and wait for bad balls.,Review standard match footage.,,,0.0,0.0,9.0,10.0,0.0,0.0
Kolkata Knight Riders,Akash Deep,Bowler,India,Lower Order,Neutral Venues,Cover / Boundary,Not Available,0.0,Target the stumps with raw pace. Look for quick dismissals.,Bowl flat and straight. Do not offer flight.,Respect Akash Deep's stock delivery. Wait for the loose ball or missed yorker at the death.,Akash Deep is a frontline Bowler. See off their best spells and attack the weaker backup bowlers.,Not Available,Not Available,95.0,110.0,8.7,10.2,40.0,800.0
Kolkata Knight Riders,Chetan Sakariya,Bowler,India,Middle Order Anchor,Neutral Venues,Cover / Boundary,,0.0,Bowl standard lines and build pressure.,Restrict boundaries and use flight.,Rotate the strike and wait for bad balls.,Review standard match footage.,,,0.0,0.0,9.0,10.0,0.0,0.0
Lucknow Super Giants,Rishabh Pant,Wicketkeeper,India,Middle Order Anchor,Neutral Venues,Cover / Boundary,,0.0,Bowl standard lines and build pressure.,Restrict boundaries and use flight.,Rotate the strike and wait for bad balls.,Review standard match footage.,,,0.0,0.0,9.0,10.0,0.0,0.0
Lucknow Super Giants,Aiden Markram,Batsman,South Africa,Middle Order Anchor,Neutral Venues,Cover / Boundary,,0.0,Bowl standard lines and build pressure.,Restrict boundaries and use flight.,Rotate the strike and wait for bad balls.,Review standard match footage.,,,0.0,0.0,9.0,10.0,0.0,0.0
Lucknow Super Giants,Himmat Singh,Batsman,India,Middle Order Anchor,Neutral Venues,Unknown,Not Available,0.0,Execute standard death-over strategies: wide yorkers and back-of-a-length slower balls.,Vary pace and trajectory. Aim for the rough patches to induce a false shot.,Target this bowler aggressively. High economy rate suggests frequent boundary deliveries. Look for gaps early. ,Himmat Singh is a Middle Order Anchor. Strongest at most grounds.,Not Available,Not Available,129.6,181.8,0.0,0.0,0.0,0.0
Lucknow Super Giants,Matthew Breetzke,Batsman,South Africa,Middle Order Anchor,Neutral Venues,Cover / Boundary,,0.0,Bowl standard lines and build pressure.,Restrict boundaries and use flight.,Rotate the strike and wait for bad balls.,Review standard match footage.,,,0.0,0.0,9.0,10.0,0.0,0.0
Lucknow Super Giants,Mukul Choudhary,Batsman,India,Middle Order Anchor,Neutral Venues,Cover / Boundary,,0.0,Bowl standard lines and build pressure.,Restrict boundaries and use flight.,Rotate the strike and wait for bad balls.,Review standard match footage.,,,0.0,0.0,9.0,10.0,0.0,0.0
Lucknow Super Giants,Akshat Raghuwanshi,Batsman,India,Middle Order Anchor,Neutral Venues,Cover / Boundary,,0.0,Bowl standard lines and build pressure.,Restrict boundaries and use flight.,Rotate the strike and wait for bad balls.,Review standard match footage.,,,0.0,0.0,9.0,10.0,0.0,0.0
Lucknow Super Giants,Josh Inglis,Wicketkeeper,Australia,Middle Order Anchor,Neutral Venues,Cover / Boundary,,0.0,Bowl standard lines and build pressure.,Restrict boundaries and use flight.,Rotate the strike and wait for bad balls.,Review standard match footage.,,,0.0,0.0,9.0,10.0,0.0,0.0
Lucknow Super Giants,Nicholas Pooran,Wicketkeeper,West Indies,Middle Order Anchor,Neutral Venues,Cover / Boundary,,0.0,Bowl standard lines and build pressure.,Restrict boundaries and use flight.,Rotate the strike and wait for bad balls.,Review standard match footage.,,,0.0,0.0,9.0,10.0,0.0,0.0
Lucknow Super Giants,Mitchell Marsh,All-Rounder,Australia,Middle Order Anchor,Neutral Venues,Cover / Boundary,,0.0,Bowl standard lines and build pressure.,Restrict boundaries and use flight.,Rotate the strike and wait for bad balls.,Review standard match footage.,,,0.0,0.0,9.0,10.0,0.0,0.0
Lucknow Super Giants,Abdul Samad,Batsman,India,Death Over Finisher,"Rajiv Gandhi International Stadium, Uppal, Hyderabad > Bharat Ratna Shri Atal Bihari Vajpayee Ekana Cricket Stadium, Lucknow > Dubai International Cricket Stadium > Sheikh Zayed Stadium",Unknown,Long On,2.0,Target primary weakness: Exploit raw pace. Use well-directed bouncers at the body and yorkers to trap them.,Alternate Tactic (Spin): Toss it up wide of off-stump. Force them to generate their own power by taking the pace off.,"Prime target for the death overs. Attack him aggressively late in the innings as he loses his length under pressure. Historically, MS Dhoni completely owns this bowler. Emulate that aggressive footprint.","Abdul Samad is a Death Over Finisher. Strongest at Rajiv Gandhi International Stadium, Uppal, Hyderabad. Beware of YS Chahal who owns this matchup.",YS Chahal,MS Dhoni,142.5,162.8,12.93,19.2,2.0,58.0
Lucknow Super Giants,Shahbaz Ahamad,All-Rounder,India,Middle Order Anchor,Neutral Venues,Cover / Boundary,,0.0,Bowl standard lines and build pressure.,Restrict boundaries and use flight.,Rotate the strike and wait for bad balls.,Review standard match footage.,,,0.0,0.0,9.0,10.0,0.0,0.0
Lucknow Super Giants,Arshin Kulkarni,All-Rounder,India,Middle Order Anchor,Neutral Venues,Cover / Boundary,,0.0,Bowl standard lines and build pressure.,Restrict boundaries and use flight.,Rotate the strike and wait for bad balls.,Review standard match footage.,,,0.0,0.0,9.0,10.0,0.0,0.0
Lucknow Super Giants,Wanindu Hasaranga,All-Rounder,Sri Lanka,Middle Order Anchor,Neutral Venues,Cover / Boundary,,0.0,Bowl standard lines and build pressure.,Restrict boundaries and use flight.,Rotate the strike and wait for bad balls.,Review standard match footage.,,,0.0,0.0,9.0,10.0,0.0,0.0
Lucknow Super Giants,Ayush Badoni,Batsman,India,Middle Order Anchor,Neutral Venues,Cover / Boundary,,0.0,Bowl standard lines and build pressure.,Restrict boundaries and use flight.,Rotate the strike and wait for bad balls.,Review standard match footage.,,,0.0,0.0,9.0,10.0,0.0,0.0
Lucknow Super Giants,Mohammad Shami,Bowler,India,Middle Order Anchor,Neutral Venues,Cover / Boundary,,0.0,Bowl standard lines and build pressure.,Restrict boundaries and use flight.,Rotate the strike and wait for bad balls.,Review standard match footage.,,,0.0,0.0,9.0,10.0,0.0,0.0
Lucknow Super Giants,Avesh Khan,Bowler,India,Death Over Finisher,"Wankhede Stadium, Mumbai > MA Chidambaram Stadium, Chepauk, Chennai > Narendra Modi Stadium, Ahmedabad > Sawai Mansingh Stadium, Jaipur",Unknown,Not Available,0.0,Execute standard death-over strategies: wide yorkers and back-of-a-length slower balls.,Vary pace and trajectory. Aim for the rough patches to induce a false shot.,"Play out his deliveries on merit and wait for loose balls. Historically, Ashutosh Sharma completely owns this bowler. Emulate that aggressive footprint.","Avesh Khan is a Death Over Finisher. Strongest at Wankhede Stadium, Mumbai. Keep away from Ashutosh Sharma who hits them at will.",Not Available,Ashutosh Sharma,147.8,133.3,8.84,9.23,93.0,1788.0
Lucknow Super Giants,M. Siddharth,Bowler,India,Middle Order Anchor,Neutral Venues,Cover / Boundary,,0.0,Bowl standard lines and build pressure.,Restrict boundaries and use flight.,Rotate the strike and wait for bad balls.,Review standard match footage.,,,0.0,0.0,9.0,10.0,0.0,0.0
Lucknow Super Giants,Digvesh Singh,Bowler,India,Middle Order Anchor,Neutral Venues,Cover / Boundary,,0.0,Bowl standard lines and build pressure.,Restrict boundaries and use flight.,Rotate the strike and wait for bad balls.,Review standard match footage.,,,0.0,0.0,9.0,10.0,0.0,0.0
Lucknow Super Giants,Akash Singh,Bowler,India,Middle Order,"MA Chidambaram Stadium, Chepauk, Chennai",Unknown,Not Available,0.0,Execute standard death-over strategies: wide yorkers and back-of-a-length slower balls.,Vary pace and trajectory. Aim for the rough patches to induce a false shot.,"Prime target for the death overs. Attack him aggressively late in the innings as he loses his length under pressure. Historically, YBK Jaiswal completely owns this bowler. Emulate that aggressive footprint.","Akash Singh is a Middle Order. Strongest at MA Chidambaram Stadium, Chepauk, Chennai. Keep away from YBK Jaiswal who hits them at will.",Not Available,YBK Jaiswal,0.0,0.0,9.4,13.5,9.0,208.0
Lucknow Super Giants,Prince Yadav,Bowler,India,Death Over Finisher,"Bharat Ratna Shri Atal Bihari Vajpayee Ekana Cricket Stadium, Lucknow > Rajiv Gandhi International Stadium, Uppal, Hyderabad > M Chinnaswamy Stadium, Bengaluru",Unknown,Not Available,0.0,Execute standard death-over strategies: wide yorkers and back-of-a-length slower balls.,Vary pace and trajectory. Aim for the rough patches to induce a false shot.,"Prime target for the death overs. Attack him aggressively late in the innings as he loses his length under pressure. Historically, P Simran Singh completely owns this bowler. Emulate that aggressive footprint.","Prince Yadav is a Death Over Finisher. Strongest at Bharat Ratna Shri Atal Bihari Vajpayee Ekana Cricket Stadium, Lucknow. Keep away from P Simran Singh who hits them at will.",Not Available,P Simran Singh,41.7,41.7,8.39,10.58,16.0,337.0
Lucknow Super Giants,Arjun Tendulkar,All-Rounder,India,Middle Order,Neutral Venues,Cover / Boundary,Not Available,0.0,Bowl heavy bouncers at the body to cramp Arjun Tendulkar for room.,Keep the ball turning away from Arjun Tendulkar's hitting arc.,Exploit Arjun Tendulkar's lack of raw pace. Look for the straight drive or slog sweep.,Arjun Tendulkar provides critical balance. Attack their bowling to put them under pressure before they bat.,Not Available,Not Available,115.0,130.0,9.2,10.7,5.0,120.0
Lucknow Super Giants,Anrich Nortje,Bowler,South Africa,Middle Order Anchor,Neutral Venues,Cover / Boundary,,0.0,Bowl standard lines and build pressure.,Restrict boundaries and use flight.,Rotate the strike and wait for bad balls.,Review standard match footage.,,,0.0,0.0,9.0,10.0,0.0,0.0
Lucknow Super Giants,Naman Tiwari,Bowler,India,Middle Order Anchor,Neutral Venues,Cover / Boundary,,0.0,Bowl standard lines and build pressure.,Restrict boundaries and use flight.,Rotate the strike and wait for bad balls.,Review standard match footage.,,,0.0,0.0,9.0,10.0,0.0,0.0
Lucknow Super Giants,Mayank Yadav,Bowler,India,Middle Order Anchor,Neutral Venues,Cover / Boundary,,0.0,Bowl standard lines and build pressure.,Restrict boundaries and use flight.,Rotate the strike and wait for bad balls.,Review standard match footage.,,,0.0,0.0,9.0,10.0,0.0,0.0
Lucknow Super Giants,Mohsin Khan,Bowler,India,Death Over Finisher,"Bharat Ratna Shri Atal Bihari Vajpayee Ekana Cricket Stadium, Lucknow > Wankhede Stadium, Mumbai > Maharashtra Cricket Association Stadium, Pune > Dr DY Patil Sports Academy, Mumbai",Unknown,Not Available,0.0,Execute standard death-over strategies: wide yorkers and back-of-a-length slower balls.,Vary pace and trajectory. Aim for the rough patches to induce a false shot.,"Play out his deliveries on merit and wait for loose balls. Historically, TH David completely owns this bowler. Emulate that aggressive footprint.","Mohsin Khan is a Death Over Finisher. Strongest at Bharat Ratna Shri Atal Bihari Vajpayee Ekana Cricket Stadium, Lucknow. Keep away from TH David who hits them at will.",Not Available,TH David,80.6,85.7,7.84,9.48,36.0,605.0
Mumbai Indians,Hardik Pandya,All-Rounder,India,Middle Order Anchor,Neutral Venues,Cover / Boundary,,0.0,Bowl standard lines and build pressure.,Restrict boundaries and use flight.,Rotate the strike and wait for bad balls.,Review standard match footage.,,,0.0,0.0,9.0,10.0,0.0,0.0
Mumbai Indians,Jasprit Bumrah,Bowler,India,Middle Order Anchor,Neutral Venues,Cover / Boundary,,0.0,Bowl standard lines and build pressure.,Restrict boundaries and use flight.,Rotate the strike and wait for bad balls.,Review standard match footage.,,,0.0,0.0,9.0,10.0,0.0,0.0
Mumbai Indians,Mitchell Santner,All-Rounder,New Zealand,Middle Order Anchor,Neutral Venues,Cover / Boundary,,0.0,Bowl standard lines and build pressure.,Restrict boundaries and use flight.,Rotate the strike and wait for bad balls.,Review standard match footage.,,,0.0,0.0,9.0,10.0,0.0,0.0
Mumbai Indians,Rohit Sharma,Batsman,India,Middle Order Anchor,Neutral Venues,Cover / Boundary,,0.0,Bowl standard lines and build pressure.,Restrict boundaries and use flight.,Rotate the strike and wait for bad balls.,Review standard match footage.,,,0.0,0.0,9.0,10.0,0.0,0.0
Mumbai Indians,Ryan Rickelton,Wicketkeeper,South Africa,Top Order Aggressor,Neutral Venues,Cover / Boundary,Not Available,0.0,"Bowl hard lengths to Ryan Rickelton, pack the off-side field. Look for early nip-back.",Deploy spinners to restrict scoring zones. Force Ryan Rickelton to generate their own power.,Not a regular bowler. Focus purely on strike rotation if they bowl.,Ryan Rickelton is a designated Wicketkeeper. Deny them width and force them to hit straight down the ground.,Not Available,Not Available,141.5,156.5,0.0,0.0,0.0,0.0
Mumbai Indians,Suryakumar Yadav,Batsman,India,Middle Order Anchor,Neutral Venues,Cover / Boundary,,0.0,Bowl standard lines and build pressure.,Restrict boundaries and use flight.,Rotate the strike and wait for bad balls.,Review standard match footage.,,,0.0,0.0,9.0,10.0,0.0,0.0
Mumbai Indians,Tilak Varma,Batsman,India,Middle Order Anchor,"Wankhede Stadium, Mumbai > Narendra Modi Stadium, Ahmedabad > Arun Jaitley Stadium, Delhi > Dr DY Patil Sports Academy, Mumbai",Unknown,Short Mid-Wicket,1.0,Execute standard death-over strategies: wide yorkers and back-of-a-length slower balls.,Vary pace and trajectory. Aim for the rough patches to induce a false shot.,Prime target for the death overs. Attack him aggressively late in the innings as he loses his length under pressure. ,"Tilak Varma is a Middle Order Anchor. Strongest at Wankhede Stadium, Mumbai. Beware of Mukesh Kumar who owns this matchup.",Mukesh Kumar,Not Available,140.0,181.0,7.3,12.0,0.0,23.0
Mumbai Indians,Trent Boult,Bowler,New Zealand,Middle Order Anchor,Neutral Venues,Cover / Boundary,,0.0,Bowl standard lines and build pressure.,Restrict boundaries and use flight.,Rotate the strike and wait for bad balls.,Review standard match footage.,,,0.0,0.0,9.0,10.0,0.0,0.0
Mumbai Indians,Will Jacks,All-Rounder,England,Middle Order Anchor,Neutral Venues,Cover / Boundary,,0.0,Bowl standard lines and build pressure.,Restrict boundaries and use flight.,Rotate the strike and wait for bad balls.,Review standard match footage.,,,0.0,0.0,9.0,10.0,0.0,0.0
Mumbai Indians,Shardul Thakur,All-Rounder,India,Middle Order Anchor,Neutral Venues,Cover / Boundary,,0.0,Bowl standard lines and build pressure.,Restrict boundaries and use flight.,Rotate the strike and wait for bad balls.,Review standard match footage.,,,0.0,0.0,9.0,10.0,0.0,0.0
Mumbai Indians,Sherfane Rutherford,All-Rounder,West Indies,Middle Order Anchor,Neutral Venues,Cover / Boundary,,0.0,Bowl standard lines and build pressure.,Restrict boundaries and use flight.,Rotate the strike and wait for bad balls.,Review standard match footage.,,,0.0,0.0,9.0,10.0,0.0,0.0
Mumbai Indians,Mayank Markande,Bowler,India,Middle Order Anchor,Neutral Venues,Cover / Boundary,,0.0,Bowl standard lines and build pressure.,Restrict boundaries and use flight.,Rotate the strike and wait for bad balls.,Review standard match footage.,,,0.0,0.0,9.0,10.0,0.0,0.0
Mumbai Indians,AM Ghazanfar,Bowler,Afghanistan,Middle Order,"Wankhede Stadium, Mumbai",Unknown,Not Available,0.0,Execute standard death-over strategies: wide yorkers and back-of-a-length slower balls.,Vary pace and trajectory. Aim for the rough patches to induce a false shot.,Target this bowler aggressively. High economy rate suggests frequent boundary deliveries. Look for gaps early. ,"AM Ghazanfar is a Middle Order. Strongest at Wankhede Stadium, Mumbai.",Not Available,Not Available,0.0,0.0,9.19,10.0,10.0,128.0
Mumbai Indians,Ashwani Kumar,Bowler,India,Death Over Finisher,"Wankhede Stadium, Mumbai > Narendra Modi Stadium, Ahmedabad",Unknown,Not Available,0.0,Execute standard death-over strategies: wide yorkers and back-of-a-length slower balls.,Vary pace and trajectory. Aim for the rough patches to induce a false shot.,"Prime target for the death overs. Attack him aggressively late in the innings as he loses his length under pressure. Historically, SS Iyer completely owns this bowler. Emulate that aggressive footprint.","Ashwani Kumar is a Death Over Finisher. Strongest at Wankhede Stadium, Mumbai. Keep away from SS Iyer who hits them at will.",Not Available,SS Iyer,16.7,16.7,10.22,12.94,17.0,196.0
Mumbai Indians,Corbin Bosch,All-Rounder,South Africa,Middle Order,Neutral Venues,Cover / Boundary,Not Available,0.0,Bowl heavy bouncers at the body to cramp Corbin Bosch for room.,Keep the ball turning away from Corbin Bosch's hitting arc.,Exploit Corbin Bosch's lack of raw pace. Look for the straight drive or slog sweep.,Corbin Bosch provides critical balance. Attack their bowling to put them under pressure before they bat.,Not Available,Not Available,135.0,150.0,8.3,9.8,50.0,900.0
Mumbai Indians,Deepak Chahar,Bowler,India,Middle Order Anchor,Neutral Venues,Cover / Boundary,,0.0,Bowl standard lines and build pressure.,Restrict boundaries and use flight.,Rotate the strike and wait for bad balls.,Review standard match footage.,,,0.0,0.0,9.0,10.0,0.0,0.0
Mumbai Indians,Naman Dhir,All-Rounder,India,Death Over Finisher,"Wankhede Stadium, Mumbai > Narendra Modi Stadium, Ahmedabad > Arun Jaitley Stadium, Delhi",Unknown,Deep Square Leg,1.0,Execute standard death-over strategies: wide yorkers and back-of-a-length slower balls.,Vary pace and trajectory. Aim for the rough patches to induce a false shot.,Play out his deliveries on merit and wait for loose balls. ,"Naman Dhir is a Death Over Finisher. Strongest at Wankhede Stadium, Mumbai. Beware of M Prasidh Krishna who owns this matchup.",M Prasidh Krishna,Not Available,163.2,185.8,8.6,4.0,0.0,53.0
Mumbai Indians,Raghu Sharma,Bowler,India,Middle Order Anchor,Neutral Venues,Cover / Boundary,,0.0,Bowl standard lines and build pressure.,Restrict boundaries and use flight.,Rotate the strike and wait for bad balls.,Review standard match footage.,,,0.0,0.0,9.0,10.0,0.0,0.0
Mumbai Indians,Raj Angad Bawa,All-Rounder,India,Middle Order Anchor,Neutral Venues,Cover / Boundary,,0.0,Bowl standard lines and build pressure.,Restrict boundaries and use flight.,Rotate the strike and wait for bad balls.,Review standard match footage.,,,0.0,0.0,9.0,10.0,0.0,0.0
Mumbai Indians,Robin Minz,Wicketkeeper,India,Middle Order Anchor,Neutral Venues,Cover / Boundary,,0.0,Bowl standard lines and build pressure.,Restrict boundaries and use flight.,Rotate the strike and wait for bad balls.,Review standard match footage.,,,0.0,0.0,9.0,10.0,0.0,0.0
Mumbai Indians,Atharva Ankolekar,All-Rounder,India,Middle Order Anchor,Neutral Venues,Cover / Boundary,,0.0,Bowl standard lines and build pressure.,Restrict boundaries and use flight.,Rotate the strike and wait for bad balls.,Review standard match footage.,,,0.0,0.0,9.0,10.0,0.0,0.0
Mumbai Indians,Mayank Rawat,All-Rounder,India,Middle Order Anchor,Neutral Venues,Cover / Boundary,,0.0,Bowl standard lines and build pressure.,Restrict boundaries and use flight.,Rotate the strike and wait for bad balls.,Review standard match footage.,,,0.0,0.0,9.0,10.0,0.0,0.0
Mumbai Indians,Mohammad Izhar,Bowler,India,Middle Order Anchor,Neutral Venues,Cover / Boundary,,0.0,Bowl standard lines and build pressure.,Restrict boundaries and use flight.,Rotate the strike and wait for bad balls.,Review standard match footage.,,,0.0,0.0,9.0,10.0,0.0,0.0
Mumbai Indians,Quinton de Kock,Wicketkeeper,South Africa,Middle Order Anchor,Neutral Venues,Cover / Boundary,,0.0,Bowl standard lines and build pressure.,Restrict boundaries and use flight.,Rotate the strike and wait for bad balls.,Review standard match footage.,,,0.0,0.0,9.0,10.0,0.0,0.0
Mumbai Indians,Akash Madhwal,Bowler,India,Death Over Finisher,"Wankhede Stadium, Mumbai > MA Chidambaram Stadium, Chepauk, Chennai > Arun Jaitley Stadium, Delhi",Unknown,Not Available,0.0,Execute standard death-over strategies: wide yorkers and back-of-a-length slower balls.,Vary pace and trajectory. Aim for the rough patches to induce a false shot.,"Target this bowler aggressively. High economy rate suggests frequent boundary deliveries. Look for gaps early. Historically, KD Karthik completely owns this bowler. Emulate that aggressive footprint.","Akash Madhwal is a Death Over Finisher. Strongest at Wankhede Stadium, Mumbai. Keep away from KD Karthik who hits them at will.",Not Available,KD Karthik,57.1,66.7,9.41,9.87,24.0,376.0
Punjab Kings,Shreyas Iyer,Batsman,India,Middle Order Anchor,Neutral Venues,Cover / Boundary,,0.0,Bowl standard lines and build pressure.,Restrict boundaries and use flight.,Rotate the strike and wait for bad balls.,Review standard match footage.,,,0.0,0.0,9.0,10.0,0.0,0.0
Punjab Kings,Nehal Wadhera,Batsman,India,Middle Order Anchor,Neutral Venues,Cover / Boundary,Not Available,0.0,"Bowl hard lengths to Nehal Wadhera, pack the off-side field. Look for early nip-back.",Deploy spinners to restrict scoring zones. Force Nehal Wadhera to generate their own power.,Not a regular bowler. Focus purely on strike rotation if they bowl.,Nehal Wadhera is a designated Batsman. Deny them width and force them to hit straight down the ground.,Not Available,Not Available,148.3,163.3,0.0,0.0,0.0,0.0
Punjab Kings,Vishnu Vinod,Wicketkeeper,India,Middle Order Anchor,Neutral Venues,Unknown,Not Available,0.0,Execute standard death-over strategies: wide yorkers and back-of-a-length slower balls.,Vary pace and trajectory. Aim for the rough patches to induce a false shot.,Target this bowler aggressively. High economy rate suggests frequent boundary deliveries. Look for gaps early. ,Vishnu Vinod is a Middle Order Anchor. Strongest at most grounds.,Not Available,Not Available,96.6,109.1,0.0,0.0,0.0,0.0
Punjab Kings,Harnoor Singh Pannu,Batsman,India,Middle Order Anchor,Neutral Venues,Cover / Boundary,,0.0,Bowl standard lines and build pressure.,Restrict boundaries and use flight.,Rotate the strike and wait for bad balls.,Review standard match footage.,,,0.0,0.0,9.0,10.0,0.0,0.0
Punjab Kings,Pyla Avinash,Batsman,India,Middle Order Anchor,Neutral Venues,Cover / Boundary,,0.0,Bowl standard lines and build pressure.,Restrict boundaries and use flight.,Rotate the strike and wait for bad balls.,Review standard match footage.,,,0.0,0.0,9.0,10.0,0.0,0.0
Punjab Kings,Prabhsimran Singh,Wicketkeeper,India,Middle Order Anchor,Neutral Venues,Cover / Boundary,,0.0,Bowl standard lines and build pressure.,Restrict boundaries and use flight.,Rotate the strike and wait for bad balls.,Review standard match footage.,,,0.0,0.0,9.0,10.0,0.0,0.0
Punjab Kings,Shashank Singh,Batsman,India,Death Over Finisher,Neutral Venues,Cover / Boundary,Not Available,0.0,"Bowl hard lengths to Shashank Singh, pack the off-side field. Look for early nip-back.",Deploy spinners to restrict scoring zones. Force Shashank Singh to generate their own power.,Not a regular bowler. Focus purely on strike rotation if they bowl.,Shashank Singh is a designated Batsman. Deny them width and force them to hit straight down the ground.,Not Available,Not Available,158.4,173.4,0.0,0.0,0.0,0.0
Punjab Kings,Marcus Stoinis,All-Rounder,Australia,Middle Order Anchor,Neutral Venues,Cover / Boundary,,0.0,Bowl standard lines and build pressure.,Restrict boundaries and use flight.,Rotate the strike and wait for bad balls.,Review standard match footage.,,,0.0,0.0,9.0,10.0,0.0,0.0
Punjab Kings,Harpreet Brar,All-Rounder,India,Death Over Finisher,"Sawai Mansingh Stadium, Jaipur > Narendra Modi Stadium, Ahmedabad > Maharaja Yadavindra Singh International Cricket Stadium, Mullanpur > Arun Jaitley Stadium, Delhi",Unknown,Deep Mid-Wicket,1.0,Execute standard death-over strategies: wide yorkers and back-of-a-length slower balls.,Vary pace and trajectory. Aim for the rough patches to induce a false shot.,"Play out his deliveries on merit and wait for loose balls. Historically, Nithish Kumar Reddy completely owns this bowler. Emulate that aggressive footprint.","Harpreet Brar is a Death Over Finisher. Strongest at Sawai Mansingh Stadium, Jaipur. Beware of HV Patel who owns this matchup. Keep away from Nithish Kumar Reddy who hits them at will.",HV Patel,Nithish Kumar Reddy,114.0,127.5,7.84,10.32,35.0,850.0
Punjab Kings,Marco Jansen,All-Rounder,South Africa,Middle Order Anchor,Neutral Venues,Cover / Boundary,,0.0,Bowl standard lines and build pressure.,Restrict boundaries and use flight.,Rotate the strike and wait for bad balls.,Review standard match footage.,,,0.0,0.0,9.0,10.0,0.0,0.0
Punjab Kings,Azmatullah Omarzai,All-Rounder,Afghanistan,Middle Order Anchor,"Narendra Modi Stadium, Ahmedabad > Sawai Mansingh Stadium, Jaipur",Unknown,Not Available,0.0,Execute standard death-over strategies: wide yorkers and back-of-a-length slower balls.,Vary pace and trajectory. Aim for the rough patches to induce a false shot.,"Prime target for the death overs. Attack him aggressively late in the innings as he loses his length under pressure. Historically, JM Bairstow completely owns this bowler. Emulate that aggressive footprint.","Azmatullah Omarzai is a Middle Order Anchor. Strongest at Narendra Modi Stadium, Ahmedabad. Keep away from JM Bairstow who hits them at will.",Not Available,JM Bairstow,128.6,145.0,9.3,11.88,12.0,300.0
Punjab Kings,Priyansh Arya,Batsman,India,Top Order Aggressor,"Maharaja Yadavindra Singh International Cricket Stadium, New Chandigarh > Maharaja Yadavindra Singh International Cricket Stadium, Mullanpur > Narendra Modi Stadium, Ahmedabad > Sawai Mansingh Stadium, Jaipur",Unknown,Not Available,0.0,Execute standard death-over strategies: wide yorkers and back-of-a-length slower balls.,Vary pace and trajectory. Aim for the rough patches to induce a false shot.,Target this bowler aggressively. High economy rate suggests frequent boundary deliveries. Look for gaps early. ,"Priyansh Arya is a Top Order Aggressor. Strongest at Maharaja Yadavindra Singh International Cricket Stadium, New Chandigarh. Beware of JR Hazlewood who owns this matchup.",JR Hazlewood,Not Available,192.6,0.0,0.0,0.0,0.0,0.0
Punjab Kings,Musheer Khan,All-Rounder,India,Middle Order Anchor,Neutral Venues,Cover / Boundary,Not Available,0.0,Bowl heavy bouncers at the body to cramp Musheer Khan for room.,Keep the ball turning away from Musheer Khan's hitting arc.,Exploit Musheer Khan's lack of raw pace. Look for the straight drive or slog sweep.,Musheer Khan provides critical balance. Attack their bowling to put them under pressure before they bat.,Not Available,Not Available,125.0,140.0,7.5,9.0,12.0,250.0
Punjab Kings,Suryansh Shedge,All-Rounder,India,Death Over Finisher,Neutral Venues,Unknown,Not Available,0.0,Execute standard death-over strategies: wide yorkers and back-of-a-length slower balls.,Vary pace and trajectory. Aim for the rough patches to induce a false shot.,"Prime target for the death overs. Attack him aggressively late in the innings as he loses his length under pressure. Historically, SM Curran completely owns this bowler. Emulate that aggressive footprint.",Suryansh Shedge is a Death Over Finisher. Strongest at most grounds.,Not Available,SM Curran,71.4,60.0,12.63,22.29,0.0,19.0
Punjab Kings,Mitch Owen,All-Rounder,Australia,Middle Order Anchor,Neutral Venues,Cover / Boundary,,0.0,Bowl standard lines and build pressure.,Restrict boundaries and use flight.,Rotate the strike and wait for bad balls.,Review standard match footage.,,,0.0,0.0,9.0,10.0,0.0,0.0
Punjab Kings,Cooper Connolly,All-Rounder,Australia,Death Over Finisher,Neutral Venues,Cover / Boundary,Not Available,0.0,Bowl heavy bouncers at the body to cramp Cooper Connolly for room.,Keep the ball turning away from Cooper Connolly's hitting arc.,Exploit Cooper Connolly's lack of raw pace. Look for the straight drive or slog sweep.,Cooper Connolly provides critical balance. Attack their bowling to put them under pressure before they bat.,Not Available,Not Available,145.0,160.0,8.1,9.6,10.0,200.0
Punjab Kings,Ben Dwarshuis,Bowler,Australia,Lower Order,Neutral Venues,Cover / Boundary,Not Available,0.0,Target the stumps with raw pace. Look for quick dismissals.,Bowl flat and straight. Do not offer flight.,Respect Ben Dwarshuis's stock delivery. Wait for the loose ball or missed yorker at the death.,Ben Dwarshuis is a frontline Bowler. See off their best spells and attack the weaker backup bowlers.,Not Available,Not Available,112.0,127.0,8.2,9.7,120.0,2100.0
Punjab Kings,Arshdeep Singh,Bowler,India,Death Over Finisher,"Dubai International Cricket Stadium > Wankhede Stadium, Mumbai > Maharaja Yadavindra Singh International Cricket Stadium, Mullanpur > Himachal Pradesh Cricket Association Stadium, Dharamsala",Unknown,Deep Mid-Wicket,3.0,Execute standard death-over strategies: wide yorkers and back-of-a-length slower balls.,Vary pace and trajectory. Aim for the rough patches to induce a false shot.,"Play out his deliveries on merit and wait for loose balls. Historically, V Suryavanshi completely owns this bowler. Emulate that aggressive footprint.",Arshdeep Singh is a Death Over Finisher. Strongest at Dubai International Cricket Stadium. Keep away from V Suryavanshi who hits them at will.,Not Available,V Suryavanshi,64.6,60.0,8.61,9.16,105.0,2020.0
Punjab Kings,Yuzvendra Chahal,Bowler,India,Middle Order Anchor,Neutral Venues,Cover / Boundary,,0.0,Bowl standard lines and build pressure.,Restrict boundaries and use flight.,Rotate the strike and wait for bad balls.,Review standard match footage.,,,0.0,0.0,9.0,10.0,0.0,0.0
Punjab Kings,Vyshak Vijaykumar,Bowler,India,Lower Order,Neutral Venues,Cover / Boundary,Not Available,0.0,Target the stumps with raw pace. Look for quick dismissals.,Bowl flat and straight. Do not offer flight.,Respect Vyshak Vijaykumar's stock delivery. Wait for the loose ball or missed yorker at the death.,Vyshak Vijaykumar is a frontline Bowler. See off their best spells and attack the weaker backup bowlers.,Not Available,Not Available,105.0,120.0,8.9,10.4,22.0,400.0
Punjab Kings,Xavier Bartlett,Bowler,Australia,Middle Order Anchor,Neutral Venues,Cover / Boundary,,0.0,Bowl standard lines and build pressure.,Restrict boundaries and use flight.,Rotate the strike and wait for bad balls.,Review standard match footage.,,,0.0,0.0,9.0,10.0,0.0,0.0
Punjab Kings,Lockie Ferguson,Bowler,New Zealand,Middle Order Anchor,Neutral Venues,Cover / Boundary,,0.0,Bowl standard lines and build pressure.,Restrict boundaries and use flight.,Rotate the strike and wait for bad balls.,Review standard match footage.,,,0.0,0.0,9.0,10.0,0.0,0.0
Punjab Kings,Samarth Vyas,Batsman,India,Middle Order Anchor,Neutral Venues,Cover / Boundary,,0.0,Bowl standard lines and build pressure.,Restrict boundaries and use flight.,Rotate the strike and wait for bad balls.,Review standard match footage.,,,0.0,0.0,9.0,10.0,0.0,0.0
Punjab Kings,Vidwath Kaverappa,Bowler,India,Middle Order Anchor,Neutral Venues,Cover / Boundary,,0.0,Bowl standard lines and build pressure.,Restrict boundaries and use flight.,Rotate the strike and wait for bad balls.,Review standard match footage.,,,0.0,0.0,9.0,10.0,0.0,0.0
Punjab Kings,Tanay Thyagaraj,Bowler,India,Middle Order Anchor,Neutral Venues,Cover / Boundary,,0.0,Bowl standard lines and build pressure.,Restrict boundaries and use flight.,Rotate the strike and wait for bad balls.,Review standard match footage.,,,0.0,0.0,9.0,10.0,0.0,0.0
Rajasthan Royals,Riyan Parag,All-Rounder,India,Middle Order Anchor,Neutral Venues,Cover / Boundary,,0.0,Bowl standard lines and build pressure.,Restrict boundaries and use flight.,Rotate the strike and wait for bad balls.,Review standard match footage.,,,0.0,0.0,9.0,10.0,0.0,0.0
Rajasthan Royals,Yashasvi Jaiswal,Batsman,India,Middle Order Anchor,Neutral Venues,Cover / Boundary,,0.0,Bowl standard lines and build pressure.,Restrict boundaries and use flight.,Rotate the strike and wait for bad balls.,Review standard match footage.,,,0.0,0.0,9.0,10.0,0.0,0.0
Rajasthan Royals,Shubham Dubey,Batsman,India,Middle Order Anchor,Neutral Venues,Cover / Boundary,,0.0,Bowl standard lines and build pressure.,Restrict boundaries and use flight.,Rotate the strike and wait for bad balls.,Review standard match footage.,,,0.0,0.0,9.0,10.0,0.0,0.0
Rajasthan Royals,Vaibhav Suryavanshi,Batsman,India,Middle Order Anchor,Neutral Venues,Cover / Boundary,,0.0,Bowl standard lines and build pressure.,Restrict boundaries and use flight.,Rotate the strike and wait for bad balls.,Review standard match footage.,,,0.0,0.0,9.0,10.0,0.0,0.0
Rajasthan Royals,Ravindra Jadeja,All-Rounder,India,Middle Order Anchor,Neutral Venues,Cover / Boundary,,0.0,Bowl standard lines and build pressure.,Restrict boundaries and use flight.,Rotate the strike and wait for bad balls.,Review standard match footage.,,,0.0,0.0,9.0,10.0,0.0,0.0
Rajasthan Royals,Sam Curran,All-Rounder,England,Middle Order Anchor,Neutral Venues,Cover / Boundary,,0.0,Bowl standard lines and build pressure.,Restrict boundaries and use flight.,Rotate the strike and wait for bad balls.,Review standard match footage.,,,0.0,0.0,9.0,10.0,0.0,0.0
Rajasthan Royals,Shimron Hetmyer,Batsman,West Indies,Middle Order Anchor,Neutral Venues,Cover / Boundary,,0.0,Bowl standard lines and build pressure.,Restrict boundaries and use flight.,Rotate the strike and wait for bad balls.,Review standard match footage.,,,0.0,0.0,9.0,10.0,0.0,0.0
Rajasthan Royals,Dhruv Jurel,Wicketkeeper,India,Middle Order Anchor,"Sawai Mansingh Stadium, Jaipur > Barsapara Cricket Stadium, Guwahati > Narendra Modi Stadium, Ahmedabad > MA Chidambaram Stadium, Chepauk, Chennai",Unknown,Not Available,0.0,Execute standard death-over strategies: wide yorkers and back-of-a-length slower balls.,Vary pace and trajectory. Aim for the rough patches to induce a false shot.,Target this bowler aggressively. High economy rate suggests frequent boundary deliveries. Look for gaps early. ,"Dhruv Jurel is a Middle Order Anchor. Strongest at Sawai Mansingh Stadium, Jaipur. Beware of CV Varun who owns this matchup.",CV Varun,Not Available,147.6,171.9,0.0,0.0,0.0,0.0
Rajasthan Royals,Jofra Archer,Bowler,England,Middle Order Anchor,Neutral Venues,Cover / Boundary,,0.0,Bowl standard lines and build pressure.,Restrict boundaries and use flight.,Rotate the strike and wait for bad balls.,Review standard match footage.,,,0.0,0.0,9.0,10.0,0.0,0.0
Rajasthan Royals,Donovan Ferreira,Wicketkeeper,South Africa,Death Over Finisher,Neutral Venues,Cover / Boundary,Not Available,0.0,"Bowl hard lengths to Donovan Ferreira, pack the off-side field. Look for early nip-back.",Deploy spinners to restrict scoring zones. Force Donovan Ferreira to generate their own power.,Not a regular bowler. Focus purely on strike rotation if they bowl.,Donovan Ferreira is a designated Wicketkeeper. Deny them width and force them to hit straight down the ground.,Not Available,Not Available,156.2,171.2,0.0,0.0,0.0,0.0
Rajasthan Royals,Lhuan-dre Pretorius,Wicketkeeper,South Africa,Middle Order Anchor,Neutral Venues,Cover / Boundary,,0.0,Bowl standard lines and build pressure.,Restrict boundaries and use flight.,Rotate the strike and wait for bad balls.,Review standard match footage.,,,0.0,0.0,9.0,10.0,0.0,0.0
Rajasthan Royals,Ravi Singh,Batsman,India,Middle Order Anchor,Neutral Venues,Cover / Boundary,,0.0,Bowl standard lines and build pressure.,Restrict boundaries and use flight.,Rotate the strike and wait for bad balls.,Review standard match footage.,,,0.0,0.0,9.0,10.0,0.0,0.0
Rajasthan Royals,Aman Rao Parela,All-Rounder,India,Middle Order Anchor,Neutral Venues,Cover / Boundary,,0.0,Bowl standard lines and build pressure.,Restrict boundaries and use flight.,Rotate the strike and wait for bad balls.,Review standard match footage.,,,0.0,0.0,9.0,10.0,0.0,0.0
Rajasthan Royals,Yudhvir Singh Charak,All-Rounder,India,Middle Order Anchor,Neutral Venues,Cover / Boundary,,0.0,Bowl standard lines and build pressure.,Restrict boundaries and use flight.,Rotate the strike and wait for bad balls.,Review standard match footage.,,,0.0,0.0,9.0,10.0,0.0,0.0
Rajasthan Royals,Tushar Deshpande,Bowler,India,Middle Order Anchor,Neutral Venues,Cover / Boundary,,0.0,Bowl standard lines and build pressure.,Restrict boundaries and use flight.,Rotate the strike and wait for bad balls.,Review standard match footage.,,,0.0,0.0,9.0,10.0,0.0,0.0
Rajasthan Royals,Kwena Maphaka,Bowler,South Africa,Lower Order,Neutral Venues,Cover / Boundary,Not Available,0.0,Target the stumps with raw pace. Look for quick dismissals.,Bowl flat and straight. Do not offer flight.,Respect Kwena Maphaka's stock delivery. Wait for the loose ball or missed yorker at the death.,Kwena Maphaka is a frontline Bowler. See off their best spells and attack the weaker backup bowlers.,Not Available,Not Available,80.0,95.0,8.8,10.3,15.0,300.0
Rajasthan Royals,Ravi Bishnoi,Bowler,India,Death Over Finisher,"Bharat Ratna Shri Atal Bihari Vajpayee Ekana Cricket Stadium, Lucknow > Dubai International Cricket Stadium > Narendra Modi Stadium, Ahmedabad > Wankhede Stadium, Mumbai",Unknown,Backward Point,6.0,Execute standard death-over strategies: wide yorkers and back-of-a-length slower balls.,Vary pace and trajectory. Aim for the rough patches to induce a false shot.,"Play out his deliveries on merit and wait for loose balls. Historically, P Simran Singh completely owns this bowler. Emulate that aggressive footprint.","Ravi Bishnoi is a Death Over Finisher. Strongest at Bharat Ratna Shri Atal Bihari Vajpayee Ekana Cricket Stadium, Lucknow. Keep away from P Simran Singh who hits them at will.",Not Available,P Simran Singh,63.4,67.9,8.06,8.97,83.0,1857.0
Rajasthan Royals,Sushant Mishra,Bowler,India,Middle Order Anchor,Neutral Venues,Cover / Boundary,,0.0,Bowl standard lines and build pressure.,Restrict boundaries and use flight.,Rotate the strike and wait for bad balls.,Review standard match footage.,,,0.0,0.0,9.0,10.0,0.0,0.0
Rajasthan Royals,Yash Raj Punja,Bowler,India,Middle Order,Neutral Venues,Unknown,Not Available,0.0,Execute standard death-over strategies: wide yorkers and back-of-a-length slower balls.,Vary pace and trajectory. Aim for the rough patches to induce a false shot.,Play out his deliveries on merit and wait for loose balls. ,Yash Raj Punja is a Middle Order. Strongest at most grounds.,Not Available,Not Available,0.0,0.0,8.25,10.0,3.0,48.0
Rajasthan Royals,Vignesh Puthur,Bowler,India,Middle Order Anchor,Neutral Venues,Cover / Boundary,,0.0,Bowl standard lines and build pressure.,Restrict boundaries and use flight.,Rotate the strike and wait for bad balls.,Review standard match footage.,,,0.0,0.0,9.0,10.0,0.0,0.0
Rajasthan Royals,Brijesh Sharma,Bowler,India,Death Over Finisher,"Barsapara Cricket Stadium, Guwahati",Unknown,Not Available,0.0,Execute standard death-over strategies: wide yorkers and back-of-a-length slower balls.,Vary pace and trajectory. Aim for the rough patches to induce a false shot.,Play out his deliveries on merit and wait for loose balls. ,"Brijesh Sharma is a Death Over Finisher. Strongest at Barsapara Cricket Stadium, Guwahati.",Not Available,Not Available,33.3,33.3,8.68,9.62,7.0,148.0
Rajasthan Royals,Adam Milne,Bowler,New Zealand,Middle Order Anchor,Neutral Venues,Cover / Boundary,,0.0,Bowl standard lines and build pressure.,Restrict boundaries and use flight.,Rotate the strike and wait for bad balls.,Review standard match footage.,,,0.0,0.0,9.0,10.0,0.0,0.0
Rajasthan Royals,Kuldeep Sen,Bowler,India,Middle Order Anchor,Neutral Venues,Cover / Boundary,,0.0,Bowl standard lines and build pressure.,Restrict boundaries and use flight.,Rotate the strike and wait for bad balls.,Review standard match footage.,,,0.0,0.0,9.0,10.0,0.0,0.0
Rajasthan Royals,Sandeep Sharma,Bowler,India,Death Over Finisher,"Punjab Cricket Association IS Bindra Stadium, Mohali > Rajiv Gandhi International Stadium > Dubai International Cricket Stadium > Sawai Mansingh Stadium, Jaipur",Unknown,Not Available,0.0,Execute standard death-over strategies: wide yorkers and back-of-a-length slower balls.,Vary pace and trajectory. Aim for the rough patches to induce a false shot.,"Play out his deliveries on merit and wait for loose balls. Historically, T Stubbs completely owns this bowler. Emulate that aggressive footprint.","Sandeep Sharma is a Death Over Finisher. Strongest at Punjab Cricket Association IS Bindra Stadium, Mohali. Keep away from T Stubbs who hits them at will.",Not Available,T Stubbs,75.9,75.0,7.81,9.92,151.0,3277.0
Rajasthan Royals,Nandre Burger,Bowler,South Africa,Middle Order Anchor,Neutral Venues,Cover / Boundary,,0.0,Bowl standard lines and build pressure.,Restrict boundaries and use flight.,Rotate the strike and wait for bad balls.,Review standard match footage.,,,0.0,0.0,9.0,10.0,0.0,0.0
Royal Challengers Bengaluru,Rajat Patidar,Batsman,India,Middle Order Anchor,Neutral Venues,Cover / Boundary,,0.0,Bowl standard lines and build pressure.,Restrict boundaries and use flight.,Rotate the strike and wait for bad balls.,Review standard match footage.,,,0.0,0.0,9.0,10.0,0.0,0.0
Royal Challengers Bengaluru,Abhinandan Singh,Bowler,India,Middle Order,"M Chinnaswamy Stadium, Bengaluru",Unknown,Not Available,0.0,Execute standard death-over strategies: wide yorkers and back-of-a-length slower balls.,Vary pace and trajectory. Aim for the rough patches to induce a false shot.,"Target this bowler aggressively. High economy rate suggests frequent boundary deliveries. Look for gaps early. Historically, Dhruv Jurel completely owns this bowler. Emulate that aggressive footprint.","Abhinandan Singh is a Middle Order. Strongest at M Chinnaswamy Stadium, Bengaluru.",Not Available,Dhruv Jurel,0.0,0.0,12.2,9.6,3.0,60.0
Royal Challengers Bengaluru,Bhuvneshwar Kumar,Bowler,India,Middle Order Anchor,Neutral Venues,Cover / Boundary,,0.0,Bowl standard lines and build pressure.,Restrict boundaries and use flight.,Rotate the strike and wait for bad balls.,Review standard match footage.,,,0.0,0.0,9.0,10.0,0.0,0.0
Royal Challengers Bengaluru,Devdutt Padikkal,Batsman,India,Middle Order Anchor,Neutral Venues,Cover / Boundary,,0.0,Bowl standard lines and build pressure.,Restrict boundaries and use flight.,Rotate the strike and wait for bad balls.,Review standard match footage.,,,0.0,0.0,9.0,10.0,0.0,0.0
Royal Challengers Bengaluru,Jacob Bethell,All-Rounder,England,Middle Order Anchor,Neutral Venues,Cover / Boundary,Not Available,0.0,Bowl heavy bouncers at the body to cramp Jacob Bethell for room.,Keep the ball turning away from Jacob Bethell's hitting arc.,Exploit Jacob Bethell's lack of raw pace. Look for the straight drive or slog sweep.,Jacob Bethell provides critical balance. Attack their bowling to put them under pressure before they bat.,Not Available,Not Available,138.0,153.0,7.8,9.3,18.0,350.0
Royal Challengers Bengaluru,Jitesh Sharma,Wicketkeeper,India,Middle Order Anchor,Neutral Venues,Cover / Boundary,,0.0,Bowl standard lines and build pressure.,Restrict boundaries and use flight.,Rotate the strike and wait for bad balls.,Review standard match footage.,,,0.0,0.0,9.0,10.0,0.0,0.0
Royal Challengers Bengaluru,Josh Hazlewood,Bowler,Australia,Middle Order Anchor,Neutral Venues,Cover / Boundary,,0.0,Bowl standard lines and build pressure.,Restrict boundaries and use flight.,Rotate the strike and wait for bad balls.,Review standard match footage.,,,0.0,0.0,9.0,10.0,0.0,0.0
Royal Challengers Bengaluru,Krunal Pandya,All-Rounder,India,Middle Order Anchor,Neutral Venues,Cover / Boundary,,0.0,Bowl standard lines and build pressure.,Restrict boundaries and use flight.,Rotate the strike and wait for bad balls.,Review standard match footage.,,,0.0,0.0,9.0,10.0,0.0,0.0
Royal Challengers Bengaluru,Nuwan Thushara,Bowler,Sri Lanka,Lower Order,Neutral Venues,Cover / Boundary,Not Available,0.0,Target the stumps with raw pace. Look for quick dismissals.,Bowl flat and straight. Do not offer flight.,Respect Nuwan Thushara's stock delivery. Wait for the loose ball or missed yorker at the death.,Nuwan Thushara is a frontline Bowler. See off their best spells and attack the weaker backup bowlers.,Not Available,Not Available,90.0,105.0,7.9,9.4,115.0,1900.0
Royal Challengers Bengaluru,Phil Salt,Wicketkeeper,England,Middle Order Anchor,Neutral Venues,Cover / Boundary,,0.0,Bowl standard lines and build pressure.,Restrict boundaries and use flight.,Rotate the strike and wait for bad balls.,Review standard match footage.,,,0.0,0.0,9.0,10.0,0.0,0.0
Royal Challengers Bengaluru,Rasikh Dar,Bowler,India,Middle Order Anchor,Neutral Venues,Cover / Boundary,,0.0,Bowl standard lines and build pressure.,Restrict boundaries and use flight.,Rotate the strike and wait for bad balls.,Review standard match footage.,,,0.0,0.0,9.0,10.0,0.0,0.0
Royal Challengers Bengaluru,Romario Shepherd,All-Rounder,West Indies,Middle Order Anchor,Neutral Venues,Cover / Boundary,,0.0,Bowl standard lines and build pressure.,Restrict boundaries and use flight.,Rotate the strike and wait for bad balls.,Review standard match footage.,,,0.0,0.0,9.0,10.0,0.0,0.0
Royal Challengers Bengaluru,Suyash Sharma,Bowler,India,Middle Order,"Eden Gardens, Kolkata > M Chinnaswamy Stadium, Bengaluru > Maharaja Yadavindra Singh International Cricket Stadium, Mullanpur > Wankhede Stadium, Mumbai",Unknown,Short Third Man,2.0,Execute standard death-over strategies: wide yorkers and back-of-a-length slower balls.,Vary pace and trajectory. Aim for the rough patches to induce a false shot.,"Play out his deliveries on merit and wait for loose balls. Historically, RR Pant completely owns this bowler. Emulate that aggressive footprint.","Suyash Sharma is a Middle Order. Strongest at Eden Gardens, Kolkata. Keep away from RR Pant who hits them at will.",Not Available,RR Pant,0.0,0.0,8.45,8.94,25.0,754.0
Royal Challengers Bengaluru,Swapnil Singh,All-Rounder,India,Middle Order,Neutral Venues,Cover / Boundary,Not Available,0.0,Bowl heavy bouncers at the body to cramp Swapnil Singh for room.,Keep the ball turning away from Swapnil Singh's hitting arc.,Exploit Swapnil Singh's lack of raw pace. Look for the straight drive or slog sweep.,Swapnil Singh provides critical balance. Attack their bowling to put them under pressure before they bat.,Not Available,Not Available,128.0,143.0,8.0,9.5,45.0,900.0
Royal Challengers Bengaluru,Tim David,Batsman,Australia,Middle Order Anchor,Neutral Venues,Cover / Boundary,,0.0,Bowl standard lines and build pressure.,Restrict boundaries and use flight.,Rotate the strike and wait for bad balls.,Review standard match footage.,,,0.0,0.0,9.0,10.0,0.0,0.0
Royal Challengers Bengaluru,Virat Kohli,Batsman,India,Middle Order Anchor,Neutral Venues,Cover / Boundary,,0.0,Bowl standard lines and build pressure.,Restrict boundaries and use flight.,Rotate the strike and wait for bad balls.,Review standard match footage.,,,0.0,0.0,9.0,10.0,0.0,0.0
Royal Challengers Bengaluru,Yash Dayal,Bowler,India,Lower Order,Neutral Venues,Cover / Boundary,Not Available,0.0,Target the stumps with raw pace. Look for quick dismissals.,Bowl flat and straight. Do not offer flight.,Respect Yash Dayal's stock delivery. Wait for the loose ball or missed yorker at the death.,Yash Dayal is a frontline Bowler. See off their best spells and attack the weaker backup bowlers.,Not Available,Not Available,85.0,100.0,9.1,10.6,38.0,750.0
Royal Challengers Bengaluru,Venkatesh Iyer,All-Rounder,India,Middle Order Anchor,Neutral Venues,Cover / Boundary,,0.0,Bowl standard lines and build pressure.,Restrict boundaries and use flight.,Rotate the strike and wait for bad balls.,Review standard match footage.,,,0.0,0.0,9.0,10.0,0.0,0.0
Royal Challengers Bengaluru,Jacob Duffy,Bowler,New Zealand,Middle Order Anchor,Neutral Venues,Cover / Boundary,,0.0,Bowl standard lines and build pressure.,Restrict boundaries and use flight.,Rotate the strike and wait for bad balls.,Review standard match footage.,,,0.0,0.0,9.0,10.0,0.0,0.0
Royal Challengers Bengaluru,Mangesh Yadav,All-Rounder,India,Middle Order Anchor,Neutral Venues,Cover / Boundary,,0.0,Bowl standard lines and build pressure.,Restrict boundaries and use flight.,Rotate the strike and wait for bad balls.,Review standard match footage.,,,0.0,0.0,9.0,10.0,0.0,0.0
Royal Challengers Bengaluru,Satwik Deswal,All-Rounder,India,Middle Order Anchor,Neutral Venues,Cover / Boundary,,0.0,Bowl standard lines and build pressure.,Restrict boundaries and use flight.,Rotate the strike and wait for bad balls.,Review standard match footage.,,,0.0,0.0,9.0,10.0,0.0,0.0
Royal Challengers Bengaluru,Vicky Ostwal,All-Rounder,India,Middle Order Anchor,Neutral Venues,Cover / Boundary,,0.0,Bowl standard lines and build pressure.,Restrict boundaries and use flight.,Rotate the strike and wait for bad balls.,Review standard match footage.,,,0.0,0.0,9.0,10.0,0.0,0.0
Royal Challengers Bengaluru,Vihaan Malhotra,All-Rounder,India,Middle Order Anchor,Neutral Venues,Cover / Boundary,,0.0,Bowl standard lines and build pressure.,Restrict boundaries and use flight.,Rotate the strike and wait for bad balls.,Review standard match footage.,,,0.0,0.0,9.0,10.0,0.0,0.0
Royal Challengers Bengaluru,Kanishk Chouhan,All-Rounder,India,Middle Order Anchor,Neutral Venues,Cover / Boundary,,0.0,Bowl standard lines and build pressure.,Restrict boundaries and use flight.,Rotate the strike and wait for bad balls.,Review standard match footage.,,,0.0,0.0,9.0,10.0,0.0,0.0
Royal Challengers Bengaluru,Manoj Bhandage,All-Rounder,India,Middle Order Anchor,Neutral Venues,Cover / Boundary,,0.0,Bowl standard lines and build pressure.,Restrict boundaries and use flight.,Rotate the strike and wait for bad balls.,Review standard match footage.,,,0.0,0.0,9.0,10.0,0.0,0.0
Sunrisers Hyderabad,Pat Cummins,Bowler,Australia,Middle Order Anchor,Neutral Venues,Cover / Boundary,,0.0,Bowl standard lines and build pressure.,Restrict boundaries and use flight.,Rotate the strike and wait for bad balls.,Review standard match footage.,,,0.0,0.0,9.0,10.0,0.0,0.0
Sunrisers Hyderabad,Travis Head,Batsman,Australia,Middle Order Anchor,Neutral Venues,Cover / Boundary,,0.0,Bowl standard lines and build pressure.,Restrict boundaries and use flight.,Rotate the strike and wait for bad balls.,Review standard match footage.,,,0.0,0.0,9.0,10.0,0.0,0.0
Sunrisers Hyderabad,Abhishek Sharma,All-Rounder,India,Top Order Aggressor,"Rajiv Gandhi International Stadium, Uppal, Hyderabad > Wankhede Stadium, Mumbai > MA Chidambaram Stadium, Chepauk, Chennai > Arun Jaitley Stadium, Delhi",Unknown,Long On,1.0,Alternate Tactic (Pace): Bowl hard lengths outside off-stump. Use off-cutters rolling fingers over the seam to disrupt timing.,"Target primary weakness: Exploit the spinning ball, use variations in flight and turn away from the bat.","Prime target for the death overs. Attack him aggressively late in the innings as he loses his length under pressure. Historically, Dhruv Jurel completely owns this bowler. Emulate that aggressive footprint.","Abhishek Sharma is a Top Order Aggressor. Strongest at Rajiv Gandhi International Stadium, Uppal, Hyderabad. Beware of SN Thakur who owns this matchup. Keep away from Dhruv Jurel who hits them at will.",SN Thakur,Dhruv Jurel,160.5,141.0,8.88,15.0,11.0,362.0
Sunrisers Hyderabad,Aniket Verma,Batsman,India,Middle Order Anchor,"Rajiv Gandhi International Stadium, Uppal, Hyderabad > Dr. Y.S. Rajasekhara Reddy ACA-VDCA Cricket Stadium, Visakhapatnam",Unknown,Not Available,0.0,Execute standard death-over strategies: wide yorkers and back-of-a-length slower balls.,Vary pace and trajectory. Aim for the rough patches to induce a false shot.,Target this bowler aggressively. High economy rate suggests frequent boundary deliveries. Look for gaps early. ,"Aniket Verma is a Middle Order Anchor. Strongest at Rajiv Gandhi International Stadium, Uppal, Hyderabad. Beware of AR Patel who owns this matchup.",AR Patel,Not Available,156.9,181.0,0.0,0.0,0.0,0.0
Sunrisers Hyderabad,Smaran Ravichandran,Batsman,India,Middle Order Anchor,Neutral Venues,Cover / Boundary,,0.0,Bowl standard lines and build pressure.,Restrict boundaries and use flight.,Rotate the strike and wait for bad balls.,Review standard match footage.,,,0.0,0.0,9.0,10.0,0.0,0.0
Sunrisers Hyderabad,Ishan Kishan,Wicketkeeper,India,Middle Order Anchor,"Wankhede Stadium, Mumbai > Rajiv Gandhi International Stadium, Uppal, Hyderabad > Dubai International Cricket Stadium > Bharat Ratna Shri Atal Bihari Vajpayee Ekana Cricket Stadium, Lucknow",Unknown,Wicketkeeper,7.0,Alternate Tactic (Pace): Bowl hard lengths outside off-stump. Use off-cutters rolling fingers over the seam to disrupt timing.,"Target primary weakness: Exploit the spinning ball, use variations in flight and turn away from the bat.",Prime target for the death overs. Attack him aggressively late in the innings as he loses his length under pressure. ,"Ishan Kishan is a Middle Order Anchor. Strongest at Wankhede Stadium, Mumbai. Beware of Imran Tahir who owns this matchup.",Imran Tahir,Not Available,137.9,181.8,24.0,24.0,0.0,1.0
Sunrisers Hyderabad,Heinrich Klaasen,Wicketkeeper,South Africa,Middle Order Anchor,Neutral Venues,Cover / Boundary,,0.0,Bowl standard lines and build pressure.,Restrict boundaries and use flight.,Rotate the strike and wait for bad balls.,Review standard match footage.,,,0.0,0.0,9.0,10.0,0.0,0.0
Sunrisers Hyderabad,Nitish Kumar Reddy,All-Rounder,India,Middle Order Anchor,Neutral Venues,Cover / Boundary,Not Available,0.0,Bowl heavy bouncers at the body to cramp Nitish Kumar Reddy for room.,Keep the ball turning away from Nitish Kumar Reddy's hitting arc.,Exploit Nitish Kumar Reddy's lack of raw pace. Look for the straight drive or slog sweep.,Nitish Kumar Reddy provides critical balance. Attack their bowling to put them under pressure before they bat.,Not Available,Not Available,142.5,157.5,8.7,10.2,8.0,150.0
Sunrisers Hyderabad,Harsh Dubey,All-Rounder,India,Death Over Finisher,"Rajiv Gandhi International Stadium, Uppal, Hyderabad > Arun Jaitley Stadium, Delhi",Unknown,Not Available,0.0,Execute standard death-over strategies: wide yorkers and back-of-a-length slower balls.,Vary pace and trajectory. Aim for the rough patches to induce a false shot.,"Target this bowler aggressively. High economy rate suggests frequent boundary deliveries. Look for gaps early. Historically, AK Markram completely owns this bowler. Emulate that aggressive footprint.","Harsh Dubey is a Death Over Finisher. Strongest at Rajiv Gandhi International Stadium, Uppal, Hyderabad. Keep away from AK Markram who hits them at will.",Not Available,AK Markram,118.2,118.2,9.35,5.75,13.0,186.0
Sunrisers Hyderabad,Kamindu Mendis,All-Rounder,Sri Lanka,Middle Order Anchor,Neutral Venues,Cover / Boundary,Not Available,0.0,Bowl heavy bouncers at the body to cramp Kamindu Mendis for room.,Keep the ball turning away from Kamindu Mendis's hitting arc.,Exploit Kamindu Mendis's lack of raw pace. Look for the straight drive or slog sweep.,Kamindu Mendis provides critical balance. Attack their bowling to put them under pressure before they bat.,Not Available,Not Available,134.0,149.0,7.6,9.1,30.0,600.0
Sunrisers Hyderabad,Harshal Patel,Bowler,India,Middle Order Anchor,Neutral Venues,Cover / Boundary,,0.0,Bowl standard lines and build pressure.,Restrict boundaries and use flight.,Rotate the strike and wait for bad balls.,Review standard match footage.,,,0.0,0.0,9.0,10.0,0.0,0.0
Sunrisers Hyderabad,Brydon Carse,Bowler,England,Lower Order,Neutral Venues,Cover / Boundary,Not Available,0.0,Target the stumps with raw pace. Look for quick dismissals.,Bowl flat and straight. Do not offer flight.,Respect Brydon Carse's stock delivery. Wait for the loose ball or missed yorker at the death.,Brydon Carse is a frontline Bowler. See off their best spells and attack the weaker backup bowlers.,Not Available,Not Available,115.0,130.0,8.4,9.9,95.0,1700.0
Sunrisers Hyderabad,Jaydev Unadkat,Bowler,India,Middle Order Anchor,Neutral Venues,Cover / Boundary,,0.0,Bowl standard lines and build pressure.,Restrict boundaries and use flight.,Rotate the strike and wait for bad balls.,Review standard match footage.,,,0.0,0.0,9.0,10.0,0.0,0.0
Sunrisers Hyderabad,Eshan Malinga,Bowler,Sri Lanka,Middle Order Anchor,Neutral Venues,Cover / Boundary,,0.0,Bowl standard lines and build pressure.,Restrict boundaries and use flight.,Rotate the strike and wait for bad balls.,Review standard match footage.,,,0.0,0.0,9.0,10.0,0.0,0.0
Sunrisers Hyderabad,Zeeshan Ansari,Bowler,India,Middle Order,"Dr. Y.S. Rajasekhara Reddy ACA-VDCA Cricket Stadium, Visakhapatnam",Unknown,Not Available,0.0,Execute standard death-over strategies: wide yorkers and back-of-a-length slower balls.,Vary pace and trajectory. Aim for the rough patches to induce a false shot.,"Prime target for the death overs. Attack him aggressively late in the innings as he loses his length under pressure. Historically, SA Yadav completely owns this bowler. Emulate that aggressive footprint.","Zeeshan Ansari is a Middle Order. Strongest at Dr. Y.S. Rajasekhara Reddy ACA-VDCA Cricket Stadium, Visakhapatnam. Keep away from SA Yadav who hits them at will.",Not Available,SA Yadav,0.0,0.0,9.56,12.0,6.0,209.0
Sunrisers Hyderabad,Liam Livingstone,All-Rounder,England,Middle Order Anchor,Neutral Venues,Cover / Boundary,,0.0,Bowl standard lines and build pressure.,Restrict boundaries and use flight.,Rotate the strike and wait for bad balls.,Review standard match footage.,,,0.0,0.0,9.0,10.0,0.0,0.0
Sunrisers Hyderabad,Shivam Mavi,Bowler,India,Lower Order,Neutral Venues,Cover / Boundary,Not Available,0.0,Target the stumps with raw pace. Look for quick dismissals.,Bowl flat and straight. Do not offer flight.,Respect Shivam Mavi's stock delivery. Wait for the loose ball or missed yorker at the death.,Shivam Mavi is a frontline Bowler. See off their best spells and attack the weaker backup bowlers.,Not Available,Not Available,105.0,120.0,8.7,10.2,55.0,1100.0
Sunrisers Hyderabad,Salil Arora,Wicketkeeper,India,Middle Order Anchor,Neutral Venues,Cover / Boundary,,0.0,Bowl standard lines and build pressure.,Restrict boundaries and use flight.,Rotate the strike and wait for bad balls.,Review standard match footage.,,,0.0,0.0,9.0,10.0,0.0,0.0
Sunrisers Hyderabad,Shivang Kumar,All-Rounder,India,Death Over Finisher,"Maharaja Yadavindra Singh International Cricket Stadium, New Chandigarh > Rajiv Gandhi International Stadium, Uppal, Hyderabad",Unknown,Not Available,0.0,Execute standard death-over strategies: wide yorkers and back-of-a-length slower balls.,Vary pace and trajectory. Aim for the rough patches to induce a false shot.,"Target this bowler aggressively. High economy rate suggests frequent boundary deliveries. Look for gaps early. Historically, D Ferreira completely owns this bowler. Emulate that aggressive footprint.","Shivang Kumar is a Death Over Finisher. Strongest at Maharaja Yadavindra Singh International Cricket Stadium, New Chandigarh. Keep away from D Ferreira who hits them at will.",Not Available,D Ferreira,140.0,140.0,9.43,0.0,5.0,133.0
Sunrisers Hyderabad,Omkar Tarmale,Bowler,India,Middle Order Anchor,Neutral Venues,Cover / Boundary,,0.0,Bowl standard lines and build pressure.,Restrict boundaries and use flight.,Rotate the strike and wait for bad balls.,Review standard match footage.,,,0.0,0.0,9.0,10.0,0.0,0.0
Sunrisers Hyderabad,Krains Fuletra,All-Rounder,India,Middle Order Anchor,Neutral Venues,Cover / Boundary,,0.0,Bowl standard lines and build pressure.,Restrict boundaries and use flight.,Rotate the strike and wait for bad balls.,Review standard match footage.,,,0.0,0.0,9.0,10.0,0.0,0.0
Sunrisers Hyderabad,Praful Hinge,Bowler,India,Middle Order Anchor,Neutral Venues,Cover / Boundary,,0.0,Bowl standard lines and build pressure.,Restrict boundaries and use flight.,Rotate the strike and wait for bad balls.,Review standard match footage.,,,0.0,0.0,9.0,10.0,0.0,0.0
Sunrisers Hyderabad,Amit Kumar,Bowler,India,Middle Order Anchor,Neutral Venues,Cover / Boundary,,0.0,Bowl standard lines and build pressure.,Restrict boundaries and use flight.,Rotate the strike and wait for bad balls.,Review standard match footage.,,,0.0,0.0,9.0,10.0,0.0,0.0
Sunrisers Hyderabad,Sakib Hussain,Bowler,India,Middle Order,"Rajiv Gandhi International Stadium, Uppal, Hyderabad",Unknown,Not Available,0.0,Execute standard death-over strategies: wide yorkers and back-of-a-length slower balls.,Vary pace and trajectory. Aim for the rough patches to induce a false shot.,"Play out his deliveries on merit and wait for loose balls. Historically, D Ferreira completely owns this bowler. Emulate that aggressive footprint.","Sakib Hussain is a Middle Order. Strongest at Rajiv Gandhi International Stadium, Uppal, Hyderabad. Keep away from D Ferreira who hits them at will.",Not Available,D Ferreira,0.0,0.0,8.93,7.45,8.0,125.0
Sunrisers Hyderabad,Jack Edwards,All-Rounder,Australia,Middle Order Anchor,Neutral Venues,Cover / Boundary,,0.0,Bowl standard lines and build pressure.,Restrict boundaries and use flight.,Rotate the strike and wait for bad balls.,Review standard match footage.,,,0.0,0.0,9.0,10.0,0.0,0.0
