Player_Name,Full_Name,Country,Role,Primary_Batting_Phase,Best_to_Worst_Venues,General_Fielding_Position,Loose_Fielding_Position,Total_Dropped_Catches,Clash_Pace_Tactic,Clash_Spin_Tactic,Batting_Against_Him_Tactic,Coach_Tape_Suggestion,Primary_Threat_Bowler,Primary_Nightmare_Batter,Overall_Bat_SR,Pressure_Bat_SR_Death,Overall_Bowl_Econ,Pressure_Bowl_Econ_Death,Wickets,Balls_Bowled,Team
L Wood,Luke Wood,England,New Addition,Death Over Finisher,Neutral Venues,Unknown,Not Available,0,Commit fully to wide pace-off cutters dug into the pitch. Do not bowl at the stumps.,Bowl flat darts aimed at the base of the stumps. Do not offer flight.,Not a regular bowler. Focus purely on strike rotation if they are brought on.,Lethal lower-order hitter. Deny them the arc. Force them to reach for dipping slower balls.,Not Available,Not Available,300.0,300.0,14.68,19.29,1,38,Mumbai Indians
KT Maphaka,Kwena Maphaka,South Africa,New Addition,Death Over Finisher,Neutral Venues,Unknown,Not Available,0,Commit fully to wide pace-off cutters dug into the pitch. Do not bowl at the stumps.,Bowl flat darts aimed at the base of the stumps. Do not offer flight.,Not a regular bowler. Focus purely on strike rotation if they are brought on.,Lethal lower-order hitter. Deny them the arc. Force them to reach for dipping slower balls.,Not Available,Not Available,266.7,266.7,12.08,14.57,2,71,Rajasthan Royals
B Stanlake,Billy Stanlake,Australia,Bowler,Death Over Finisher,Rajiv Gandhi International Stadium,Unknown,Not Available,0,Commit fully to wide pace-off cutters dug into the pitch. Do not bowl at the stumps.,Bowl flat darts aimed at the base of the stumps. Do not offer flight.,Play out their good deliveries on merit. Look to capitalize on the missed yorker at the death.,Solid squad bowler. Exploit their lack of raw pace with calculated aggression.,Not Available,SV Samson,250.0,250.0,8.0,11.0,7,150,Sunrisers Hyderabad
V Suryavanshi,Vaibhav Suryavanshi,India,Batsman,Top Order Aggressor,"Sawai Mansingh Stadium, Jaipur > Barsapara Cricket Stadium, Guwahati > Arun Jaitley Stadium, Delhi",Unknown,Not Available,0,Target the front pad with sharp inswing early in the spell. Highly vulnerable in the first 10 balls.,Use flight and variations in pace. Drag them wide of the crease to induce a sliced drive.,Not a regular bowler. Focus purely on strike rotation if they are brought on.,Explosive top-order threat. Deny them width early and attack the pads to disrupt their timing.,B Kumar,Not Available,215.1,0.0,0.0,0.0,0,0,Rajasthan Royals
Umar Gul,Umar Gul,Pakistan,Bowler,Death Over Finisher,Eden Gardens > Sawai Mansingh Stadium,Unknown,Not Available,0,Commit fully to wide pace-off cutters dug into the pitch. Do not bowl at the stumps.,Bowl flat darts aimed at the base of the stumps. Do not offer flight.,Elite threat. Treat with immense respect. Focus on rotating the strike and attacking others.,Frontline strike bowler. See off their best spells and attack the weaker backups.,Not Available,YK Pathan,205.3,205.3,7.22,9.74,12,153,Kolkata Knight Riders
Auqib Nabi,Auqib Nabi,India,New Addition,Middle Order Anchor,Neutral Venues,Unknown,Not Available,0,Deploy slow off-cutters gripping into the pitch outside the off-stump.,Use high-quality wrist spin tossed up wide to invite the mistimed slog sweep.,Not a regular bowler. Focus purely on strike rotation if they are brought on.,Middle-order anchor. Build dot-ball pressure with tight lines to force a frustrated lofted shot.,Not Available,PD Salt,200.0,0.0,12.26,0.0,0,46,Delhi Capitals
RS Sodhi,Reetinder Singh Sodhi,India,New Addition,Death Over Finisher,Neutral Venues,Unknown,Not Available,0,Commit fully to wide pace-off cutters dug into the pitch. Do not bowl at the stumps.,Bowl flat darts aimed at the base of the stumps. Do not offer flight.,Not a regular bowler. Focus purely on strike rotation if they are brought on.,Lethal lower-order hitter. Deny them the arc. Force them to reach for dipping slower balls.,Not Available,Not Available,200.0,200.0,0.0,0.0,0,0,Kings XI Punjab
Urvil Patel,Urvil Patel,India,Batsman,Top Order Aggressor,Neutral Venues,Unknown,Not Available,0,Target the front pad with sharp inswing early in the spell. Highly vulnerable in the first 10 balls.,Use flight and variations in pace. Drag them wide of the crease to induce a sliced drive.,Not a regular bowler. Focus purely on strike rotation if they are brought on.,Explosive top-order threat. Deny them width early and attack the pads to disrupt their timing.,Not Available,Not Available,194.6,0.0,0.0,0.0,0,0,Chennai Super Kings
Priyansh Arya,Priyansh Arya,India,Batsman,Top Order Aggressor,"Maharaja Yadavindra Singh International Cricket Stadium, New Chandigarh > Maharaja Yadavindra Singh International Cricket Stadium, Mullanpur > Narendra Modi Stadium, Ahmedabad > Sawai Mansingh Stadium, Jaipur",Unknown,Not Available,0,Target the front pad with sharp inswing early in the spell. Highly vulnerable in the first 10 balls.,Use flight and variations in pace. Drag them wide of the crease to induce a sliced drive.,Not a regular bowler. Focus purely on strike rotation if they are brought on.,Explosive top-order threat. Deny them width early and attack the pads to disrupt their timing.,JR Hazlewood,Not Available,192.6,0.0,0.0,0.0,0,0,Punjab Kings
J Fraser-McGurk,Jake Fraser-McGurk,Australia,Batsman,Top Order Aggressor,"Arun Jaitley Stadium, Delhi > Bharat Ratna Shri Atal Bihari Vajpayee Ekana Cricket Stadium, Lucknow",Unknown,Not Available,0,Hits blindly through the line of the ball. Highly vulnerable to dipping off-cutters and pace-off variations.,Toss the ball up extremely wide to force him to lose his shape.,Not a regular bowler.,Ultra-aggressive hitter. Take all the pace off the ball and let him swing himself out of form.,S Sandeep Warrier,Not Available,189.7,0.0,0.0,0.0,0,0,Delhi Capitals
FH Allen,Finn Allen,New Zealand,Batsman,Top Order Aggressor,Neutral Venues,Unknown,Not Available,0,Target the front pad with sharp inswing early in the spell. Highly vulnerable in the first 10 balls.,Use flight and variations in pace. Drag them wide of the crease to induce a sliced drive.,Not a regular bowler. Focus purely on strike rotation if they are brought on.,Explosive top-order threat. Deny them width early and attack the pads to disrupt their timing.,Not Available,Not Available,184.1,0.0,0.0,0.0,0,0,Kolkata Knight Riders
BKG Mendis,Kusal Mendis,Sri Lanka,New Addition,Top Order Aggressor,Neutral Venues,Unknown,Not Available,0,Target the front pad with sharp inswing early in the spell. Highly vulnerable in the first 10 balls.,Use flight and variations in pace. Drag them wide of the crease to induce a sliced drive.,Not a regular bowler. Focus purely on strike rotation if they are brought on.,Explosive top-order threat. Deny them width early and attack the pads to disrupt their timing.,Not Available,Not Available,181.8,0.0,0.0,0.0,0,0,Unattached
R Shepherd,Romario Shepherd,West Indies,All-Rounder,Death Over Finisher,"M Chinnaswamy Stadium, Bengaluru > Narendra Modi Stadium, Ahmedabad > Wankhede Stadium, Mumbai > Bharat Ratna Shri Atal Bihari Vajpayee Ekana Cricket Stadium, Lucknow",Unknown,Not Available,0,Commit fully to wide pace-off cutters dug into the pitch. Do not bowl at the stumps.,Bowl flat darts aimed at the base of the stumps. Do not offer flight.,Target this bowler aggressively. High economy rate suggests frequent loose boundary deliveries.,Lethal lower-order hitter. Deny them the arc. Force them to reach for dipping slower balls.,Not Available,JP Inglis,181.2,207.4,11.3,13.1,15,325,Royal Challengers Bengaluru
A Mhatre,Ayush Mhatre,India,Batsman,Top Order Aggressor,"MA Chidambaram Stadium, Chepauk, Chennai > M Chinnaswamy Stadium, Bengaluru",Unknown,Not Available,0,Target the front pad with sharp inswing early in the spell. Highly vulnerable in the first 10 balls.,Use flight and variations in pace. Drag them wide of the crease to induce a sliced drive.,Not a regular bowler. Focus purely on strike rotation if they are brought on.,Explosive top-order threat. Deny them width early and attack the pads to disrupt their timing.,M Jansen,Not Available,176.4,90.0,0.0,0.0,0,0,Chennai Super Kings
Shahid Afridi,Shahid Afridi,Pakistan,Bowler,Top Order Aggressor,"Rajiv Gandhi International Stadium, Uppal",Unknown,Not Available,0,Target the front pad with sharp inswing early in the spell. Highly vulnerable in the first 10 balls.,Use flight and variations in pace. Drag them wide of the crease to induce a sliced drive.,Elite threat. Treat with immense respect. Focus on rotating the strike and attacking others.,Frontline strike bowler. See off their best spells and attack the weaker backups.,Not Available,SK Raina,176.1,220.0,7.3,9.24,9,185,Deccan Chargers
I Malhotra,Ishan Malhotra,India,New Addition,Death Over Finisher,Neutral Venues,Unknown,Not Available,0,Commit fully to wide pace-off cutters dug into the pitch. Do not bowl at the stumps.,Bowl flat darts aimed at the base of the stumps. Do not offer flight.,Not a regular bowler. Focus purely on strike rotation if they are brought on.,Lethal lower-order hitter. Deny them the arc. Force them to reach for dipping slower balls.,Not Available,Not Available,175.0,175.0,23.0,0.0,0,6,Deccan Chargers
V Nigam,Vineet Nigam,India,Bowler,Death Over Finisher,"Arun Jaitley Stadium, Delhi > Dr. Y.S. Rajasekhara Reddy ACA-VDCA Cricket Stadium, Visakhapatnam > MA Chidambaram Stadium, Chepauk, Chennai",Unknown,Not Available,0,Commit fully to wide pace-off cutters dug into the pitch. Do not bowl at the stumps.,Bowl flat darts aimed at the base of the stumps. Do not offer flight.,Target this bowler aggressively. High economy rate suggests frequent loose boundary deliveries.,Vulnerable to aggressive intent. Look to disrupt their length early in the over.,Not Available,JC Buttler,173.0,172.3,9.03,5.69,13,289,Unattached
S Arora,Siddarth Arora,India,Batsman,Death Over Finisher,Neutral Venues,Unknown,Not Available,0,Commit fully to wide pace-off cutters dug into the pitch. Do not bowl at the stumps.,Bowl flat darts aimed at the base of the stumps. Do not offer flight.,Not a regular bowler. Focus purely on strike rotation if they are brought on.,Lethal lower-order hitter. Deny them the arc. Force them to reach for dipping slower balls.,Not Available,Not Available,169.1,177.3,0.0,0.0,0,0,Unattached
PD Salt,Phil Salt,England,Batsman,Top Order Aggressor,"Eden Gardens, Kolkata > M Chinnaswamy Stadium, Bengaluru > Arun Jaitley Stadium, Delhi > Bharat Ratna Shri Atal Bihari Vajpayee Ekana Cricket Stadium, Lucknow",Unknown,Not Available,0,Target the front pad with sharp inswing early in the spell. Highly vulnerable in the first 10 balls.,Use flight and variations in pace. Drag them wide of the crease to induce a sliced drive.,Not a regular bowler. Focus purely on strike rotation if they are brought on.,Explosive top-order threat. Deny them width early and attack the pads to disrupt their timing.,Arshdeep Singh,Not Available,168.6,184.2,0.0,0.0,0,0,Royal Challengers Bengaluru
LJ Wright,Luke Wright,England,Batsman,Death Over Finisher,Subrata Roy Sahara Stadium,Unknown,Not Available,0,Commit fully to wide pace-off cutters dug into the pitch. Do not bowl at the stumps.,Bowl flat darts aimed at the base of the stumps. Do not offer flight.,Not a regular bowler. Focus purely on strike rotation if they are brought on.,Lethal lower-order hitter. Deny them the arc. Force them to reach for dipping slower balls.,UT Yadav,V Sehwag,168.3,221.1,9.92,11.74,2,75,Pune Warriors India
KMDN Kulasekara,Nuwan Kulasekara,Sri Lanka,New Addition,Death Over Finisher,"MA Chidambaram Stadium, Chepauk",Unknown,Not Available,0,Commit fully to wide pace-off cutters dug into the pitch. Do not bowl at the stumps.,Bowl flat darts aimed at the base of the stumps. Do not offer flight.,Not a regular bowler. Focus purely on strike rotation if they are brought on.,Lethal lower-order hitter. Deny them the arc. Force them to reach for dipping slower balls.,Not Available,JD Ryder,166.7,166.7,6.73,6.0,5,107,Chennai Super Kings
Shivam Sharma,Shivam Sharma,India,New Addition,Death Over Finisher,M Chinnaswamy Stadium,Unknown,Not Available,0,Commit fully to wide pace-off cutters dug into the pitch. Do not bowl at the stumps.,Bowl flat darts aimed at the base of the stumps. Do not offer flight.,Not a regular bowler. Focus purely on strike rotation if they are brought on.,Lethal lower-order hitter. Deny them the arc. Force them to reach for dipping slower balls.,Not Available,KD Karthik,166.7,166.7,8.68,9.5,4,114,Kings XI Punjab
KK Cooper,Kevon Cooper,West Indies,Bowler,Death Over Finisher,"Sawai Mansingh Stadium > Wankhede Stadium > Feroz Shah Kotla > Punjab Cricket Association Stadium, Mohali",Unknown,Not Available,0,Commit fully to wide pace-off cutters dug into the pitch. Do not bowl at the stumps.,Bowl flat darts aimed at the base of the stumps. Do not offer flight.,Play out their good deliveries on merit. Look to capitalize on the missed yorker at the death.,Solid squad bowler. Exploit their lack of raw pace with calculated aggression.,Not Available,DJ Bravo,165.7,179.5,7.57,8.36,33,600,Rajasthan Royals
TH David,Tim David,Australia,Batsman,Death Over Finisher,"Wankhede Stadium, Mumbai > M Chinnaswamy Stadium, Bengaluru > Arun Jaitley Stadium, Delhi > Bharat Ratna Shri Atal Bihari Vajpayee Ekana Cricket Stadium, Lucknow",Unknown,Not Available,0,Commit fully to wide pace-off cutters dug into the pitch. Do not bowl at the stumps.,Bowl flat darts aimed at the base of the stumps. Do not offer flight.,Not a regular bowler. Focus purely on strike rotation if they are brought on.,Lethal lower-order hitter. Deny them the arc. Force them to reach for dipping slower balls.,Rashid Khan,Not Available,165.3,181.6,18.0,0.0,0,6,Royal Challengers Bengaluru
Kamran Akmal,Kamran Akmal,Pakistan,Batsman,Top Order Aggressor,"MA Chidambaram Stadium, Chepauk",Unknown,Not Available,0,Target the front pad with sharp inswing early in the spell. Highly vulnerable in the first 10 balls.,Use flight and variations in pace. Drag them wide of the crease to induce a sliced drive.,Not a regular bowler. Focus purely on strike rotation if they are brought on.,Explosive top-order threat. Deny them width early and attack the pads to disrupt their timing.,M Ntini,Not Available,164.1,152.9,0.0,0.0,0,0,Rajasthan Royals
SB Dubey,Saurabh Dubey,India,Batsman,Death Over Finisher,Neutral Venues,Unknown,Not Available,0,Commit fully to wide pace-off cutters dug into the pitch. Do not bowl at the stumps.,Bowl flat darts aimed at the base of the stumps. Do not offer flight.,Not a regular bowler. Focus purely on strike rotation if they are brought on.,Lethal lower-order hitter. Deny them the arc. Force them to reach for dipping slower balls.,Not Available,Not Available,163.9,182.1,0.0,0.0,0,0,Sunrisers Hyderabad
C Connolly,Cooper Connolly,Australia,Batsman,Middle Order Anchor,"Maharaja Yadavindra Singh International Cricket Stadium, New Chandigarh",Unknown,Not Available,0,Deploy slow off-cutters gripping into the pitch outside the off-stump.,Use high-quality wrist spin tossed up wide to invite the mistimed slog sweep.,Not a regular bowler. Focus purely on strike rotation if they are brought on.,Middle-order anchor. Build dot-ball pressure with tight lines to force a frustrated lofted shot.,Rashid Khan,Not Available,163.6,209.1,0.0,0.0,0,0,Punjab Kings
BJ Haddin,Brad Haddin,Australia,New Addition,Top Order Aggressor,Neutral Venues,Unknown,Not Available,0,Target the front pad with sharp inswing early in the spell. Highly vulnerable in the first 10 balls.,Use flight and variations in pace. Drag them wide of the crease to induce a sliced drive.,Not a regular bowler. Focus purely on strike rotation if they are brought on.,Explosive top-order threat. Deny them width early and attack the pads to disrupt their timing.,Not Available,Not Available,163.6,0.0,0.0,0.0,0,0,Kolkata Knight Riders
AD Russell,Andre Russell,West Indies,All-Rounder,Middle Order Anchor,"Eden Gardens > Eden Gardens, Kolkata > Wankhede Stadium, Mumbai > MA Chidambaram Stadium, Chepauk, Chennai",Unknown,Not Available,0,Commit fully to the extreme wide yorker or target the badge of the helmet. No half-measures.,Bowl leg-spin or mystery spin turning away from his hitting arc.,Slashes hard at wide balls. Wait for the pace-off cutter dug into the pitch.,Clears his front leg. Pack the off-side boundary and force him to reach for wide deliveries.,Rashid Khan,AR Patel,163.3,180.1,9.11,10.31,123,1885,Kolkata Knight Riders
Naman Dhir,Naman Dhir,India,Batsman,Death Over Finisher,"Wankhede Stadium, Mumbai > Narendra Modi Stadium, Ahmedabad > Arun Jaitley Stadium, Delhi",Unknown,Deep Square Leg,1,Commit fully to wide pace-off cutters dug into the pitch. Do not bowl at the stumps.,Bowl flat darts aimed at the base of the stumps. Do not offer flight.,Not a regular bowler. Focus purely on strike rotation if they are brought on.,Lethal lower-order hitter. Deny them the arc. Force them to reach for dipping slower balls.,M Prasidh Krishna,Not Available,163.2,185.8,8.6,4.0,0,53,Mumbai Indians
JG Bethell,Jacob Bethell,England,Batsman,Top Order Aggressor,"M Chinnaswamy Stadium, Bengaluru",Unknown,Not Available,0,Target the front pad with sharp inswing early in the spell. Highly vulnerable in the first 10 balls.,Use flight and variations in pace. Drag them wide of the crease to induce a sliced drive.,Not a regular bowler. Focus purely on strike rotation if they are brought on.,Explosive top-order threat. Deny them width early and attack the pads to disrupt their timing.,Mohammed Siraj,Not Available,163.1,0.0,0.0,0.0,0,0,Royal Challengers Bengaluru
BCJ Cutting,Ben Cutting,Australia,All-Rounder,Death Over Finisher,Eden Gardens > M Chinnaswamy Stadium > Feroz Shah Kotla > Wankhede Stadium,Unknown,Not Available,0,Commit fully to wide pace-off cutters dug into the pitch. Do not bowl at the stumps.,Bowl flat darts aimed at the base of the stumps. Do not offer flight.,Play out their good deliveries on merit. Look to capitalize on the missed yorker at the death.,Lethal lower-order hitter. Deny them the arc. Force them to reach for dipping slower balls.,SR Watson,RR Pant,163.0,171.4,8.94,11.23,10,288,Mumbai Indians
KJ Abbott,Kyle Abbott,South Africa,New Addition,Death Over Finisher,Neutral Venues,Unknown,Not Available,0,Commit fully to wide pace-off cutters dug into the pitch. Do not bowl at the stumps.,Bowl flat darts aimed at the base of the stumps. Do not offer flight.,Not a regular bowler. Focus purely on strike rotation if they are brought on.,Lethal lower-order hitter. Deny them the arc. Force them to reach for dipping slower balls.,Not Available,F du Plessis,162.5,185.7,10.41,12.72,2,102,Punjab Kings
D Ferreira,Donovan Ferreira,South Africa,Batsman,Middle Order Anchor,"Sawai Mansingh Stadium, Jaipur > Rajiv Gandhi International Stadium, Uppal, Hyderabad > Maharaja Yadavindra Singh International Cricket Stadium, New Chandigarh",Unknown,Not Available,0,Deploy slow off-cutters gripping into the pitch outside the off-stump.,Use high-quality wrist spin tossed up wide to invite the mistimed slog sweep.,Not a regular bowler. Focus purely on strike rotation if they are brought on.,Middle-order anchor. Build dot-ball pressure with tight lines to force a frustrated lofted shot.,Sakib Hussain,Not Available,161.9,183.3,14.0,0.0,1,6,Rajasthan Royals
TM Head,Travis Head,Australia,Batsman,Top Order Aggressor,"Rajiv Gandhi International Stadium, Uppal, Hyderabad > Arun Jaitley Stadium, Delhi > Wankhede Stadium, Mumbai > M Chinnaswamy Stadium, Bengaluru",Unknown,Not Available,0,Highly susceptible to express pace swinging back into the pads. Target the base of middle and leg stump.,Bowl pace-off cutters and slow left-arm orthodox to force him to generate his own power.,"Respect the pitch if it's turning, otherwise attack his part-time off-spin.",Devastating in the powerplay. Don't give him width outside off. Attack the stumps with swing.,Arshdeep Singh,SS Iyer,161.5,169.5,11.69,9.0,2,58,Sunrisers Hyderabad
C Bosch,Corbin Bosch,South Africa,Batsman,Death Over Finisher,"Wankhede Stadium, Mumbai",Unknown,Not Available,0,Commit fully to wide pace-off cutters dug into the pitch. Do not bowl at the stumps.,Bowl flat darts aimed at the base of the stumps. Do not offer flight.,Not a regular bowler. Focus purely on strike rotation if they are brought on.,Lethal lower-order hitter. Deny them the arc. Force them to reach for dipping slower balls.,Not Available,Sameer Rizvi,161.1,180.6,8.68,4.57,2,65,Mumbai Indians
Abhishek Sharma,Abhishek Sharma,India,All-Rounder,Top Order Aggressor,"Rajiv Gandhi International Stadium, Uppal, Hyderabad > Wankhede Stadium, Mumbai > MA Chidambaram Stadium, Chepauk, Chennai > Arun Jaitley Stadium, Delhi",Unknown,Long On,1,Tends to slash hard at deliveries angling across him. Bowl back of a length outside off.,Vulnerable to high-quality off-spin dragging him out of his crease.,Part-time spinner. Target him to break his rhythm.,Aggressive opener. Angle the ball across him with high pace and pack the point boundary.,SN Thakur,Dhruv Jurel,160.5,141.0,8.88,15.0,11,362,Sunrisers Hyderabad
OC McCoy,Obed McCoy,West Indies,Bowler,Death Over Finisher,"Brabourne Stadium, Mumbai > Narendra Modi Stadium, Ahmedabad",Unknown,Not Available,0,Commit fully to wide pace-off cutters dug into the pitch. Do not bowl at the stumps.,Bowl flat darts aimed at the base of the stumps. Do not offer flight.,Play out their good deliveries on merit. Look to capitalize on the missed yorker at the death.,Solid squad bowler. Exploit their lack of raw pace with calculated aggression.,Not Available,DA Miller,160.0,160.0,8.33,8.2,11,180,Rajasthan Royals
ER Dwivedi,Eklavya Dwivedi,India,New Addition,Death Over Finisher,Neutral Venues,Unknown,Not Available,0,Commit fully to wide pace-off cutters dug into the pitch. Do not bowl at the stumps.,Bowl flat darts aimed at the base of the stumps. Do not offer flight.,Not a regular bowler. Focus purely on strike rotation if they are brought on.,Lethal lower-order hitter. Deny them the arc. Force them to reach for dipping slower balls.,Not Available,Not Available,160.0,211.1,0.0,0.0,0,0,Gujarat Lions
H Klaasen,Heinrich Klaasen,South Africa,Batsman,Middle Order Anchor,"Rajiv Gandhi International Stadium, Uppal, Hyderabad > Arun Jaitley Stadium, Delhi > Eden Gardens, Kolkata > Narendra Modi Stadium, Ahmedabad",Unknown,Not Available,0,"Bogged down by extremely wide, slow off-cutters and wide bouncers well outside his arc.",Do NOT bowl spin to him between overs 12-16. He will destroy it.,Not a regular bowler.,The best spin-hitter in the world. Rely entirely on pace-off variations outside the off-stump.,SN Thakur,Not Available,159.7,185.2,0.0,0.0,0,0,Sunrisers Hyderabad
D Pretorius,Dwaine Pretorius,South Africa,Bowler,Death Over Finisher,"Brabourne Stadium, Mumbai > Maharashtra Cricket Association Stadium, Pune",Unknown,Not Available,0,Commit fully to wide pace-off cutters dug into the pitch. Do not bowl at the stumps.,Bowl flat darts aimed at the base of the stumps. Do not offer flight.,Play out their good deliveries on merit. Look to capitalize on the missed yorker at the death.,Solid squad bowler. Exploit their lack of raw pace with calculated aggression.,Not Available,N Pooran,157.1,157.1,8.6,10.81,6,166,Chennai Super Kings
JP Inglis,Josh Inglis,Australia,Batsman,Top Order Aggressor,"Sawai Mansingh Stadium, Jaipur > Narendra Modi Stadium, Ahmedabad",Unknown,Not Available,0,Target the front pad with sharp inswing early in the spell. Highly vulnerable in the first 10 balls.,Use flight and variations in pace. Drag them wide of the crease to induce a sliced drive.,Not a regular bowler. Focus purely on strike rotation if they are brought on.,Explosive top-order threat. Deny them width early and attack the pads to disrupt their timing.,MJ Santner,Not Available,157.1,147.4,0.0,0.0,0,0,Lucknow Super Giants
Aniket Verma,Aniket Verma,India,Batsman,Middle Order Anchor,"Rajiv Gandhi International Stadium, Uppal, Hyderabad > Dr. Y.S. Rajasekhara Reddy ACA-VDCA Cricket Stadium, Visakhapatnam",Unknown,Not Available,0,Deploy slow off-cutters gripping into the pitch outside the off-stump.,Use high-quality wrist spin tossed up wide to invite the mistimed slog sweep.,Not a regular bowler. Focus purely on strike rotation if they are brought on.,Middle-order anchor. Build dot-ball pressure with tight lines to force a frustrated lofted shot.,AR Patel,Not Available,156.9,181.0,0.0,0.0,0,0,Unattached
RD Rickelton,Ryan Rickelton,South Africa,Batsman,Top Order Aggressor,"Wankhede Stadium, Mumbai > Sawai Mansingh Stadium, Jaipur",Unknown,Not Available,0,Target the front pad with sharp inswing early in the spell. Highly vulnerable in the first 10 balls.,Use flight and variations in pace. Drag them wide of the crease to induce a sliced drive.,Not a regular bowler. Focus purely on strike rotation if they are brought on.,Explosive top-order threat. Deny them width early and attack the pads to disrupt their timing.,Arshdeep Singh,Not Available,156.5,171.4,0.0,0.0,0,0,Mumbai Indians
K Gowtham,Krishnappa Gowtham,India,All-Rounder,Death Over Finisher,"Sawai Mansingh Stadium > Bharat Ratna Shri Atal Bihari Vajpayee Ekana Cricket Stadium, Lucknow > Wankhede Stadium, Mumbai > Eden Gardens",Unknown,Not Available,0,Commit fully to wide pace-off cutters dug into the pitch. Do not bowl at the stumps.,Bowl flat darts aimed at the base of the stumps. Do not offer flight.,Play out their good deliveries on merit. Look to capitalize on the missed yorker at the death.,Lethal lower-order hitter. Deny them the arc. Force them to reach for dipping slower balls.,TA Boult,SP Narine,155.3,169.1,8.09,12.5,21,599,Lucknow Super Giants
P Nissanka,Pathum Nissanka,Sri Lanka,Batsman,Top Order Aggressor,"Arun Jaitley Stadium, Delhi > Sawai Mansingh Stadium, Jaipur",Unknown,Not Available,0,Target the front pad with sharp inswing early in the spell. Highly vulnerable in the first 10 balls.,Use flight and variations in pace. Drag them wide of the crease to induce a sliced drive.,Not a regular bowler. Focus purely on strike rotation if they are brought on.,Explosive top-order threat. Deny them width early and attack the pads to disrupt their timing.,Not Available,Not Available,154.8,0.0,0.0,0.0,0,0,Delhi Capitals
WG Jacks,Will Jacks,England,All-Rounder,Middle Order Anchor,"Wankhede Stadium, Mumbai > Narendra Modi Stadium, Ahmedabad > Eden Gardens, Kolkata > Rajiv Gandhi International Stadium, Uppal, Hyderabad",Unknown,Not Available,0,Deploy slow off-cutters gripping into the pitch outside the off-stump.,Use high-quality wrist spin tossed up wide to invite the mistimed slog sweep.,Target this bowler aggressively. High economy rate suggests frequent loose boundary deliveries.,Middle-order anchor. Build dot-ball pressure with tight lines to force a frustrated lofted shot.,Noor Ahmad,Abhishek Sharma,154.7,483.3,9.5,9.43,8,151,Mumbai Indians
SP Narine,Sunil Narine,West Indies,All-Rounder,Top Order Aggressor,"Eden Gardens > Eden Gardens, Kolkata > Sheikh Zayed Stadium > MA Chidambaram Stadium, Chepauk, Chennai",Unknown,Not Available,0,Cannot handle express pace directed straight at the armpit or throat.,Do not bowl spin to him in the powerplay.,Struggles to turn the ball on flat decks. Play the ball late and look for singles.,"Pinch-hitter and mystery spinner. Bounce him out with the bat, play him cautiously with the ball.",JD Unadkat,TK Curran,154.5,112.7,6.69,7.14,201,4586,Kolkata Knight Riders
J Overton,Jamie Overton,England,Bowler,Death Over Finisher,"MA Chidambaram Stadium, Chepauk, Chennai > Rajiv Gandhi International Stadium, Uppal, Hyderabad > M Chinnaswamy Stadium, Bengaluru > Barsapara Cricket Stadium, Guwahati",Unknown,Not Available,0,Commit fully to wide pace-off cutters dug into the pitch. Do not bowl at the stumps.,Bowl flat darts aimed at the base of the stumps. Do not offer flight.,Target this bowler aggressively. High economy rate suggests frequent loose boundary deliveries.,Vulnerable to aggressive intent. Look to disrupt their length early in the over.,Not Available,Ramandeep Singh,154.1,155.2,9.99,9.65,9,161,Chennai Super Kings
N Pooran,Nicholas Pooran,West Indies,Batsman,Middle Order Anchor,"Bharat Ratna Shri Atal Bihari Vajpayee Ekana Cricket Stadium, Lucknow > Dubai International Cricket Stadium > Eden Gardens, Kolkata > Wankhede Stadium, Mumbai",Unknown,Not Available,0,"Struggles to generate power on short, slow bouncers angled across his body.",Vulnerable to mystery spin turning away from the bat.,Not a regular bowler.,Destructive hitter. Force him to hit square of the wicket using pace-off variations.,K Rabada,Not Available,154.1,163.0,0.0,0.0,0,0,Lucknow Super Giants
P Simran Singh,Prabhsimran Singh,India,Batsman,Top Order Aggressor,"Himachal Pradesh Cricket Association Stadium, Dharamsala > Arun Jaitley Stadium, Delhi > Maharaja Yadavindra Singh International Cricket Stadium, Mullanpur > MA Chidambaram Stadium, Chepauk, Chennai",Unknown,Not Available,0,Target the front pad with sharp inswing early in the spell. Highly vulnerable in the first 10 balls.,Use flight and variations in pace. Drag them wide of the crease to induce a sliced drive.,Not a regular bowler. Focus purely on strike rotation if they are brought on.,Explosive top-order threat. Deny them width early and attack the pads to disrupt their timing.,B Kumar,Not Available,153.7,175.6,0.0,0.0,0,0,Punjab Kings
T Stubbs,Tristan Stubbs,South Africa,Batsman,Middle Order Anchor,"Arun Jaitley Stadium, Delhi > MA Chidambaram Stadium, Chepauk, Chennai > Dr. Y.S. Rajasekhara Reddy ACA-VDCA Cricket Stadium, Visakhapatnam > M Chinnaswamy Stadium, Bengaluru",Unknown,Not Available,0,Deploy slow off-cutters gripping into the pitch outside the off-stump.,Use high-quality wrist spin tossed up wide to invite the mistimed slog sweep.,Not a regular bowler. Focus purely on strike rotation if they are brought on.,Middle-order anchor. Build dot-ball pressure with tight lines to force a frustrated lofted shot.,M Pathirana,Not Available,153.5,201.1,11.19,5.0,4,37,Delhi Capitals
Ashutosh Sharma,Ashutosh Sharma,India,Batsman,Death Over Finisher,"Maharaja Yadavindra Singh International Cricket Stadium, Mullanpur > Narendra Modi Stadium, Ahmedabad > Dr. Y.S. Rajasekhara Reddy ACA-VDCA Cricket Stadium, Visakhapatnam > Rajiv Gandhi International Stadium, Uppal, Hyderabad",Unknown,Not Available,0,Exceptional at scooping and sweeping pace. You MUST bowl fast bouncers to push him deep into the crease.,"Restrict his sweep shot with full, wide lines.",Not a regular bowler.,Unorthodox finisher. Do not bowl predictable yorkers. Hit the deck hard and aim for the helmet.,E Malinga,Not Available,152.4,162.0,0.0,0.0,0,0,Delhi Capitals
RM Patidar,Rajat Patidar,India,Batsman,Middle Order Anchor,"M Chinnaswamy Stadium, Bengaluru > Wankhede Stadium, Mumbai > Narendra Modi Stadium, Ahmedabad > Eden Gardens, Kolkata",Unknown,Not Available,0,Deploy slow off-cutters gripping into the pitch outside the off-stump.,Use high-quality wrist spin tossed up wide to invite the mistimed slog sweep.,Not a regular bowler. Focus purely on strike rotation if they are brought on.,Middle-order anchor. Build dot-ball pressure with tight lines to force a frustrated lofted shot.,R Ashwin,Not Available,152.3,175.5,0.0,0.0,0,0,Royal Challengers Bengaluru
TU Deshpande,Tushar Deshpande,India,Bowler,Death Over Finisher,"MA Chidambaram Stadium, Chepauk, Chennai > Narendra Modi Stadium, Ahmedabad > Sawai Mansingh Stadium, Jaipur > Rajiv Gandhi International Stadium, Uppal, Hyderabad",Unknown,Not Available,0,Commit fully to wide pace-off cutters dug into the pitch. Do not bowl at the stumps.,Bowl flat darts aimed at the base of the stumps. Do not offer flight.,Target this bowler aggressively. High economy rate suggests frequent loose boundary deliveries.,Vulnerable to aggressive intent. Look to disrupt their length early in the over.,Not Available,D Padikkal,151.4,151.4,9.25,10.34,55,1149,Rajasthan Royals
Bipul Sharma,Bipul Sharma,India,All-Rounder,Death Over Finisher,"Rajiv Gandhi International Stadium, Uppal > Punjab Cricket Association Stadium, Mohali > Eden Gardens > Feroz Shah Kotla",Unknown,Not Available,0,Commit fully to wide pace-off cutters dug into the pitch. Do not bowl at the stumps.,Bowl flat darts aimed at the base of the stumps. Do not offer flight.,Play out their good deliveries on merit. Look to capitalize on the missed yorker at the death.,Lethal lower-order hitter. Deny them the arc. Force them to reach for dipping slower balls.,Not Available,SPD Smith,150.8,156.4,7.87,14.0,17,436,Sunrisers Hyderabad
CR Brathwaite,Carlos Brathwaite,West Indies,All-Rounder,Death Over Finisher,Feroz Shah Kotla > Wankhede Stadium > Shaheed Veer Narayan Singh International Stadium > Eden Gardens,Unknown,Not Available,0,Commit fully to wide pace-off cutters dug into the pitch. Do not bowl at the stumps.,Bowl flat darts aimed at the base of the stumps. Do not offer flight.,Play out their good deliveries on merit. Look to capitalize on the missed yorker at the death.,Lethal lower-order hitter. Deny them the arc. Force them to reach for dipping slower balls.,SN Thakur,AJ Finch,150.8,184.7,8.55,9.89,13,266,Kolkata Knight Riders
Harmeet Singh,Harmeet Singh,India,Bowler,Death Over Finisher,"Feroz Shah Kotla > Vidarbha Cricket Association Stadium, Jamtha > Subrata Roy Sahara Stadium > Punjab Cricket Association Stadium, Mohali",Unknown,Not Available,0,Bowl rapid back-of-a-length deliveries targeting the ribcage to cramp them for room.,Keep the ball turning away from their hitting arc.,Play out their good deliveries on merit. Look to capitalize on the missed yorker at the death.,Solid squad bowler. Exploit their lack of raw pace with calculated aggression.,Not Available,CH Gayle,150.0,150.0,7.64,7.73,27,574,Rajasthan Royals
AUK Pathan,Asad Pathan,India,New Addition,Death Over Finisher,Neutral Venues,Unknown,Not Available,0,Bowl rapid back-of-a-length deliveries targeting the ribcage to cramp them for room.,Keep the ball turning away from their hitting arc.,Not a regular bowler. Focus purely on strike rotation if they are brought on.,Lower-order batter. Exploit their lack of footwork with aggressive body-line bowling.,Not Available,AT Rayudu,150.0,116.7,9.22,11.2,0,41,Royal Challengers Bangalore
CH Morris,Chris Morris,South Africa,All-Rounder,Death Over Finisher,"Feroz Shah Kotla > Wankhede Stadium, Mumbai > MA Chidambaram Stadium, Chepauk > Dubai International Cricket Stadium",Unknown,Not Available,0,Bowl rapid back-of-a-length deliveries targeting the ribcage to cramp them for room.,Keep the ball turning away from their hitting arc.,Play out their good deliveries on merit. Look to capitalize on the missed yorker at the death.,Lower-order batter. Exploit their lack of footwork with aggressive body-line bowling.,HV Patel,GJ Maxwell,149.6,160.5,7.69,8.33,96,1801,Rajasthan Royals
YBK Jaiswal,Yashasvi Jaiswal,India,Batsman,Top Order Aggressor,"Sawai Mansingh Stadium, Jaipur > Barsapara Cricket Stadium, Guwahati > Wankhede Stadium, Mumbai > Eden Gardens, Kolkata",Unknown,Not Available,0,"Tends to fetch wide deliveries, leading to sliced catches. Bowl wide of off-stump.",Bowl off-spin dragging him wide outside off stump.,Not a regular bowler.,Explosive opener. Feed him wide deliveries and pack the point and cover boundaries.,JR Hazlewood,Not Available,149.0,200.0,36.0,36.0,0,1,Rajasthan Royals
V Sehwag,Virender Sehwag,India,All-Rounder,Top Order Aggressor,"Feroz Shah Kotla > Rajiv Gandhi International Stadium, Uppal > Wankhede Stadium > MA Chidambaram Stadium, Chepauk",Unknown,Not Available,0,"Lacks footwork early. Bowl fast, full outswingers to induce the outside edge.",Bowl flat and wide of off-stump to force him to reach.,Part-time off-spinner. Exploit his lack of variations.,Hand-eye coordination genius. Pitch it up with swing early; do not bowl short as he cuts fiercely.,MM Patel,Not Available,148.8,208.6,10.22,13.64,6,138,Punjab Kings
GJ Maxwell,Glenn Maxwell,Australia,All-Rounder,Middle Order Anchor,"M Chinnaswamy Stadium, Bengaluru > Dubai International Cricket Stadium > Sharjah Cricket Stadium > Punjab Cricket Association IS Bindra Stadium, Mohali",Unknown,Not Available,0,Deploy slow off-cutters gripping into the pitch outside the off-stump.,Use high-quality wrist spin tossed up wide to invite the mistimed slog sweep.,Play out their good deliveries on merit. Look to capitalize on the missed yorker at the death.,Middle-order anchor. Build dot-ball pressure with tight lines to force a frustrated lofted shot.,RA Jadeja,JM Bairstow,148.7,172.4,8.1,8.81,41,1047,Royal Challengers Bengaluru
AB de Villiers,AB de Villiers,South Africa,Batsman,Middle Order Anchor,M Chinnaswamy Stadium > M.Chinnaswamy Stadium > Dubai International Cricket Stadium > Wankhede Stadium,Unknown,Not Available,0,Loses balance reaching for extreme wide yorkers outside off-stump at the death.,Can be tucked up by left-arm orthodox sliding into his pads early on.,Not a regular bowler.,Mr. 360. Do not bowl length anywhere near the stumps. Commit fully to the wide tramline.,S Gopal,Not Available,148.6,215.5,0.0,0.0,0,0,Royal Challengers Bengaluru
C Green,Cameron Green,Australia,All-Rounder,Middle Order Anchor,"Wankhede Stadium, Mumbai > M Chinnaswamy Stadium, Bengaluru > Narendra Modi Stadium, Ahmedabad > Rajiv Gandhi International Stadium, Uppal, Hyderabad",Unknown,Not Available,0,Deploy slow off-cutters gripping into the pitch outside the off-stump.,Use high-quality wrist spin tossed up wide to invite the mistimed slog sweep.,Play out their good deliveries on merit. Look to capitalize on the missed yorker at the death.,Middle-order anchor. Build dot-ball pressure with tight lines to force a frustrated lofted shot.,R Ashwin,Shubman Gill,148.5,179.2,8.83,11.55,18,517,Kolkata Knight Riders
LPC Silva,Chamara Silva,Sri Lanka,New Addition,Death Over Finisher,Neutral Venues,Unknown,Not Available,0,Bowl rapid back-of-a-length deliveries targeting the ribcage to cramp them for room.,Keep the ball turning away from their hitting arc.,Not a regular bowler. Focus purely on strike rotation if they are brought on.,Lower-order batter. Exploit their lack of footwork with aggressive body-line bowling.,Not Available,Not Available,148.1,230.0,21.0,21.0,0,6,Deccan Chargers
Rashid Khan,Rashid Khan,Afghanistan,All-Rounder,Death Over Finisher,"Narendra Modi Stadium, Ahmedabad > Rajiv Gandhi International Stadium > Dubai International Cricket Stadium > Wankhede Stadium, Mumbai",Unknown,Long On,9,Slashes wildly at wide pace-off deliveries.,Can be beaten by flighted deliveries if forced to step out.,Watch his wrist closely. Do not pre-meditate the sweep; play him off the pitch.,Elite T20 spinner. Treat him as a 4-over survival test and attack the other bowlers.,TU Deshpande,Rahmanullah Gurbaz,148.0,154.1,7.07,8.26,168,3440,Gujarat Titans
Avesh Khan,Avesh Khan,India,Bowler,Death Over Finisher,"Wankhede Stadium, Mumbai > MA Chidambaram Stadium, Chepauk, Chennai > Narendra Modi Stadium, Ahmedabad > Sawai Mansingh Stadium, Jaipur",Unknown,Not Available,0,Bowl rapid back-of-a-length deliveries targeting the ribcage to cramp them for room.,Keep the ball turning away from their hitting arc.,Play out their good deliveries on merit. Look to capitalize on the missed yorker at the death.,Solid squad bowler. Exploit their lack of raw pace with calculated aggression.,Not Available,Ashutosh Sharma,147.8,133.3,8.84,9.23,93,1788,Lucknow Super Giants
AP Dole,Abhijit Dole,India,New Addition,Death Over Finisher,"Sawai Mansingh Stadium > Vidarbha Cricket Association Stadium, Jamtha",Unknown,Not Available,0,Bowl rapid back-of-a-length deliveries targeting the ribcage to cramp them for room.,Keep the ball turning away from their hitting arc.,Not a regular bowler. Focus purely on strike rotation if they are brought on.,Lower-order batter. Exploit their lack of footwork with aggressive body-line bowling.,Not Available,Not Available,147.8,157.1,9.21,10.15,5,73,Unattached
JM Sharma,Jitesh Sharma,India,Batsman,Middle Order Anchor,"Punjab Cricket Association IS Bindra Stadium, Mohali, Chandigarh > M Chinnaswamy Stadium, Bengaluru > Wankhede Stadium, Mumbai > Bharat Ratna Shri Atal Bihari Vajpayee Ekana Cricket Stadium, Lucknow",Unknown,Not Available,0,Deploy slow off-cutters gripping into the pitch outside the off-stump.,Use high-quality wrist spin tossed up wide to invite the mistimed slog sweep.,Not a regular bowler. Focus purely on strike rotation if they are brought on.,Middle-order anchor. Build dot-ball pressure with tight lines to force a frustrated lofted shot.,YS Chahal,Not Available,147.8,172.5,0.0,0.0,0,0,Royal Challengers Bengaluru
GF Linde,George Linde,South Africa,New Addition,Death Over Finisher,Neutral Venues,Unknown,Not Available,0,Bowl rapid back-of-a-length deliveries targeting the ribcage to cramp them for room.,Keep the ball turning away from their hitting arc.,Not a regular bowler. Focus purely on strike rotation if they are brought on.,Lower-order batter. Exploit their lack of footwork with aggressive body-line bowling.,Not Available,JC Buttler,147.6,147.6,8.92,24.0,1,37,Unattached
Dhruv Jurel,Dhruv Jurel,India,Batsman,Middle Order Anchor,"Sawai Mansingh Stadium, Jaipur > Barsapara Cricket Stadium, Guwahati > Narendra Modi Stadium, Ahmedabad > MA Chidambaram Stadium, Chepauk, Chennai",Unknown,Not Available,0,Deploy slow off-cutters gripping into the pitch outside the off-stump.,Use high-quality wrist spin tossed up wide to invite the mistimed slog sweep.,Not a regular bowler. Focus purely on strike rotation if they are brought on.,Middle-order anchor. Build dot-ball pressure with tight lines to force a frustrated lofted shot.,CV Varun,Not Available,147.6,171.9,0.0,0.0,0,0,Rajasthan Royals
RR Rossouw,Rilee Rossouw,South Africa,Batsman,Middle Order Anchor,"Himachal Pradesh Cricket Association Stadium, Dharamsala > MA Chidambaram Stadium, Chepauk, Chennai",Unknown,Not Available,0,Deploy slow off-cutters gripping into the pitch outside the off-stump.,Use high-quality wrist spin tossed up wide to invite the mistimed slog sweep.,Not a regular bowler. Focus purely on strike rotation if they are brought on.,Middle-order anchor. Build dot-ball pressure with tight lines to force a frustrated lofted shot.,KV Sharma,Not Available,147.4,195.2,0.0,0.0,0,0,Punjab Kings
LS Livingstone,Liam Livingstone,England,All-Rounder,Middle Order Anchor,"Brabourne Stadium, Mumbai > Dr DY Patil Sports Academy, Mumbai > Wankhede Stadium, Mumbai > Maharaja Yadavindra Singh International Cricket Stadium, Mullanpur",Unknown,Not Available,0,Deploy slow off-cutters gripping into the pitch outside the off-stump.,Use high-quality wrist spin tossed up wide to invite the mistimed slog sweep.,Play out their good deliveries on merit. Look to capitalize on the missed yorker at the death.,Middle-order anchor. Build dot-ball pressure with tight lines to force a frustrated lofted shot.,I Sharma,Abhishek Sharma,147.0,199.4,8.77,6.46,13,321,Sunrisers Hyderabad
LH Ferguson,Lockie Ferguson,New Zealand,Bowler,Death Over Finisher,"Sharjah Cricket Stadium > Sheikh Zayed Stadium > Dr DY Patil Sports Academy, Mumbai > Maharaja Yadavindra Singh International Cricket Stadium, Mullanpur",Unknown,Not Available,0,Bowl rapid back-of-a-length deliveries targeting the ribcage to cramp them for room.,Keep the ball turning away from their hitting arc.,Play out their good deliveries on merit. Look to capitalize on the missed yorker at the death.,Solid squad bowler. Exploit their lack of raw pace with calculated aggression.,Not Available,RA Jadeja,146.9,146.9,8.64,10.06,54,1103,Punjab Kings
PJ Cummins,Pat Cummins,Australia,All-Rounder,Death Over Finisher,"Rajiv Gandhi International Stadium, Uppal, Hyderabad > Feroz Shah Kotla > Narendra Modi Stadium, Ahmedabad > MA Chidambaram Stadium, Chepauk, Chennai",Unknown,Not Available,0,Bowl rapid back-of-a-length deliveries targeting the ribcage to cramp them for room.,Keep the ball turning away from their hitting arc.,Play out their good deliveries on merit. Look to capitalize on the missed yorker at the death.,Lower-order batter. Exploit their lack of footwork with aggressive body-line bowling.,TA Boult,BB McCullum,146.8,158.8,8.45,9.68,80,1731,Sunrisers Hyderabad
SD Hope,Shai Hope,West Indies,Batsman,Top Order Aggressor,"Arun Jaitley Stadium, Delhi",Unknown,Not Available,0,Target the front pad with sharp inswing early in the spell. Highly vulnerable in the first 10 balls.,Use flight and variations in pace. Drag them wide of the crease to induce a sliced drive.,Not a regular bowler. Focus purely on strike rotation if they are brought on.,Explosive top-order threat. Deny them width early and attack the pads to disrupt their timing.,Not Available,Not Available,146.4,110.0,0.0,0.0,0,0,Delhi Capitals
P Sahu,Pardeep Sahu,India,New Addition,Death Over Finisher,"Punjab Cricket Association IS Bindra Stadium, Mohali",Unknown,Not Available,0,Bowl rapid back-of-a-length deliveries targeting the ribcage to cramp them for room.,Keep the ball turning away from their hitting arc.,Not a regular bowler. Focus purely on strike rotation if they are brought on.,Lower-order batter. Exploit their lack of footwork with aggressive body-line bowling.,Not Available,F du Plessis,146.2,146.2,8.19,10.0,3,107,Punjab Kings
SA Yadav,Suryakumar Yadav,India,Batsman,Middle Order Anchor,"Wankhede Stadium, Mumbai > Wankhede Stadium > Sheikh Zayed Stadium > Eden Gardens",Unknown,Not Available,0,Pack the off-side field and execute wide yorkers consistently. Deny him the ability to shuffle inside the line.,"Bowl flat, quick deliveries wide of off-stump. Do not offer flight.",Not a regular bowler.,360-degree threat. Force him to hit through the off-side by strictly adhering to the wide tramline.,Sandeep Sharma,Not Available,145.1,176.7,8.0,0.0,0,6,Mumbai Indians
JC Buttler,Jos Buttler,England,Batsman,Middle Order Anchor,"Narendra Modi Stadium, Ahmedabad > Sawai Mansingh Stadium > Wankhede Stadium, Mumbai > Wankhede Stadium",Unknown,Not Available,0,Deploy slow off-cutters gripping into the pitch outside the off-stump.,Use high-quality wrist spin tossed up wide to invite the mistimed slog sweep.,Not a regular bowler. Focus purely on strike rotation if they are brought on.,Middle-order anchor. Build dot-ball pressure with tight lines to force a frustrated lofted shot.,Rashid Khan,Not Available,144.9,184.3,0.0,0.0,0,0,Gujarat Titans
Umran Malik,Umran Malik,India,Bowler,Death Over Finisher,"Wankhede Stadium, Mumbai > Maharashtra Cricket Association Stadium, Pune > Dr DY Patil Sports Academy, Mumbai > Rajiv Gandhi International Stadium, Uppal, Hyderabad",Unknown,Not Available,0,Target primary weakness: Exploit raw pace. Use well-directed bouncers at the body and yorkers to trap them.,Alternate Tactic (Spin): Toss it up wide of off-stump. Force them to generate their own power by taking the pace off.,"Play out his deliveries on merit and wait for loose balls. Historically, LS Livingstone completely owns this bowler. Emulate that aggressive footprint.","Umran Malik is a Death Over Finisher. Strongest at Wankhede Stadium, Mumbai. Keep away from LS Livingstone who hits them at will.",Not Available,LS Livingstone,143.8,143.8,8.92,10.08,29,519,Kolkata Knight Riders
PP Shaw,Prithvi Shaw,India,Batsman,Top Order Aggressor,"Arun Jaitley Stadium > Dubai International Cricket Stadium > Wankhede Stadium, Mumbai > Narendra Modi Stadium, Ahmedabad",Unknown,Not Available,0,Target the front pad with sharp inswing early in the spell. Highly vulnerable in the first 10 balls.,Use flight and variations in pace. Drag them wide of the crease to induce a sliced drive.,Not a regular bowler. Focus purely on strike rotation if they are brought on.,Explosive top-order threat. Deny them width early and attack the pads to disrupt their timing.,DL Chahar,Not Available,143.2,136.4,0.0,0.0,0,0,Delhi Capitals
MD Choudhary,Mukesh Choudhary,India,Batsman,Death Over Finisher,"Eden Gardens, Kolkata",Unknown,Not Available,0,Bowl rapid back-of-a-length deliveries targeting the ribcage to cramp them for room.,Keep the ball turning away from their hitting arc.,Not a regular bowler. Focus purely on strike rotation if they are brought on.,Lower-order batter. Exploit their lack of footwork with aggressive body-line bowling.,Not Available,Not Available,143.1,150.7,0.0,0.0,0,0,Chennai Super Kings
D Brevis,Dewald Brevis,South Africa,Batsman,Middle Order Anchor,"MA Chidambaram Stadium, Chepauk, Chennai > Maharashtra Cricket Association Stadium, Pune > Narendra Modi Stadium, Ahmedabad > Wankhede Stadium, Mumbai",Unknown,Not Available,0,Deploy slow off-cutters gripping into the pitch outside the off-stump.,Use high-quality wrist spin tossed up wide to invite the mistimed slog sweep.,Not a regular bowler. Focus purely on strike rotation if they are brought on.,Middle-order anchor. Build dot-ball pressure with tight lines to force a frustrated lofted shot.,CV Varun,Not Available,143.0,216.7,16.0,16.0,1,3,Chennai Super Kings
A Ashish Reddy,Ashish Reddy,India,All-Rounder,Death Over Finisher,"Rajiv Gandhi International Stadium, Uppal > M Chinnaswamy Stadium > MA Chidambaram Stadium, Chepauk > Dr. Y.S. Rajasekhara Reddy ACA-VDCA Cricket Stadium",Unknown,Not Available,0,Bowl rapid back-of-a-length deliveries targeting the ribcage to cramp them for room.,Keep the ball turning away from their hitting arc.,Play out their good deliveries on merit. Look to capitalize on the missed yorker at the death.,Lower-order batter. Exploit their lack of footwork with aggressive body-line bowling.,DJ Bravo,AB de Villiers,142.9,144.6,8.8,9.54,18,270,Sunrisers Hyderabad
MF Maharoof,Farveez Maharoof,Sri Lanka,All-Rounder,Death Over Finisher,"Feroz Shah Kotla > OUTsurance Oval > Wankhede Stadium > Punjab Cricket Association Stadium, Mohali",Unknown,Not Available,0,Bowl rapid back-of-a-length deliveries targeting the ribcage to cramp them for room.,Keep the ball turning away from their hitting arc.,Elite threat. Treat with immense respect. Focus on rotating the strike and attacking others.,Lower-order batter. Exploit their lack of footwork with aggressive body-line bowling.,Not Available,RG Sharma,142.7,150.0,7.07,8.74,27,441,Delhi Daredevils
Misbah-ul-Haq,Misbah-ul-Haq,Pakistan,Batsman,Middle Order Anchor,M Chinnaswamy Stadium,Unknown,Not Available,0,Deploy slow off-cutters gripping into the pitch outside the off-stump.,Use high-quality wrist spin tossed up wide to invite the mistimed slog sweep.,Not a regular bowler. Focus purely on strike rotation if they are brought on.,Middle-order anchor. Build dot-ball pressure with tight lines to force a frustrated lofted shot.,Not Available,Not Available,142.7,210.0,0.0,0.0,0,0,Royal Challengers Bangalore
B Sai Sudharsan,Sai Sudharsan,India,Batsman,Middle Order Anchor,"Narendra Modi Stadium, Ahmedabad > Arun Jaitley Stadium, Delhi > M Chinnaswamy Stadium, Bengaluru > MA Chidambaram Stadium, Chepauk, Chennai",Unknown,Not Available,0,Takes time to accelerate. Bowl tight lines to frustrate him.,Can get bogged down by tight left-arm orthodox sliding across him.,Not a regular bowler.,Classical anchor. Choke his strike rate early to force a panicked shot later in the innings.,JJ Bumrah,Not Available,142.6,201.6,0.0,0.0,0,0,Gujarat Titans
Abdul Samad,Abdul Samad,India,Batsman,Death Over Finisher,"Rajiv Gandhi International Stadium, Uppal, Hyderabad > Bharat Ratna Shri Atal Bihari Vajpayee Ekana Cricket Stadium, Lucknow > Dubai International Cricket Stadium > Sheikh Zayed Stadium",Unknown,Long On,2,Target primary weakness: Exploit raw pace. Use well-directed bouncers at the body and yorkers to trap them.,Alternate Tactic (Spin): Toss it up wide of off-stump. Force them to generate their own power by taking the pace off.,"Prime target for the death overs. Attack him aggressively late in the innings as he loses his length under pressure. Historically, MS Dhoni completely owns this bowler. Emulate that aggressive footprint.","Abdul Samad is a Death Over Finisher. Strongest at Rajiv Gandhi International Stadium, Uppal, Hyderabad. Beware of YS Chahal who owns this matchup.",YS Chahal,MS Dhoni,142.5,162.8,12.93,19.2,2,58,Lucknow Super Giants
CH Gayle,Chris Gayle,West Indies,All-Rounder,Top Order Aggressor,M Chinnaswamy Stadium > Eden Gardens > Punjab Cricket Association IS Bindra Stadium > Feroz Shah Kotla,Unknown,Not Available,0,Struggles with express pace short balls aimed directly at his ribcage. He cannot pivot quickly.,Bowl off-spin darting into his pads or wide of off-stump to restrict his swing arc.,Part-time off-spinner. Attack him straight down the ground.,The Universe Boss. Do not pitch the ball up in his hitting arc. Cramp him with extreme pace at the body.,R Ashwin,PD Collingwood,142.1,191.1,7.49,8.39,18,584,Punjab Kings
JM Bairstow,Jonny Bairstow,England,Batsman,Top Order Aggressor,"Rajiv Gandhi International Stadium > MA Chidambaram Stadium, Chepauk, Chennai > Dubai International Cricket Stadium > Eden Gardens, Kolkata",Unknown,Not Available,0,Target the front pad with sharp inswing early in the spell. Highly vulnerable in the first 10 balls.,Use flight and variations in pace. Drag them wide of the crease to induce a sliced drive.,Not a regular bowler. Focus purely on strike rotation if they are brought on.,Explosive top-order threat. Deny them width early and attack the pads to disrupt their timing.,YS Chahal,Not Available,141.7,131.6,0.0,0.0,0,0,Punjab Kings
Abishek Porel,Abhishek Porel,India,Batsman,Middle Order Anchor,"Arun Jaitley Stadium, Delhi > Bharat Ratna Shri Atal Bihari Vajpayee Ekana Cricket Stadium, Lucknow",Unknown,Not Available,0,Target primary weakness: Exploit raw pace. Use well-directed bouncers at the body and yorkers to trap them.,Alternate Tactic (Spin): Toss it up wide of off-stump. Force them to generate their own power by taking the pace off.,Target this bowler aggressively. High economy rate suggests frequent boundary deliveries. Look for gaps early. ,"Abishek Porel is a Middle Order Anchor. Strongest at Arun Jaitley Stadium, Delhi. Beware of YS Chahal who owns this matchup.",YS Chahal,Not Available,141.6,167.6,0.0,0.0,0,0,Delhi Capitals
MP Stoinis,Marcus Stoinis,Australia,All-Rounder,Middle Order Anchor,"Bharat Ratna Shri Atal Bihari Vajpayee Ekana Cricket Stadium, Lucknow > Dubai International Cricket Stadium > Sheikh Zayed Stadium > MA Chidambaram Stadium, Chepauk, Chennai",Unknown,Not Available,0,Deploy slow off-cutters gripping into the pitch outside the off-stump.,Use high-quality wrist spin tossed up wide to invite the mistimed slog sweep.,Target this bowler aggressively. High economy rate suggests frequent loose boundary deliveries.,Middle-order anchor. Build dot-ball pressure with tight lines to force a frustrated lofted shot.,JJ Bumrah,RA Tripathi,141.5,172.4,9.46,12.42,44,937,Punjab Kings
RR Pant,Rishabh Pant,India,Batsman,Middle Order Anchor,"Arun Jaitley Stadium > Dubai International Cricket Stadium > Bharat Ratna Shri Atal Bihari Vajpayee Ekana Cricket Stadium, Lucknow > Feroz Shah Kotla",Unknown,Not Available,0,Loses balance when reaching for extreme wide deliveries from over the wicket.,Struggles to generate power against mystery spin turning away on slow pitches.,Not a regular bowler.,Highly unorthodox. Pack the off-side and strictly target the wide guideline.,JJ Bumrah,Not Available,141.4,190.6,0.0,0.0,0,0,Lucknow Super Giants
SO Hetmyer,Shimron Hetmyer,West Indies,Batsman,Death Over Finisher,"Narendra Modi Stadium, Ahmedabad > Wankhede Stadium, Mumbai > Dubai International Cricket Stadium > Sawai Mansingh Stadium, Jaipur",Unknown,Not Available,0,Bowl rapid back-of-a-length deliveries targeting the ribcage to cramp them for room.,Keep the ball turning away from their hitting arc.,Not a regular bowler. Focus purely on strike rotation if they are brought on.,Lower-order batter. Exploit their lack of footwork with aggressive body-line bowling.,JJ Bumrah,Not Available,141.4,159.6,0.0,0.0,0,0,Rajasthan Royals
D Wiese,David Wiese,Namibia,All-Rounder,Death Over Finisher,"M Chinnaswamy Stadium > MA Chidambaram Stadium, Chepauk",Unknown,Not Available,0,Bowl rapid back-of-a-length deliveries targeting the ribcage to cramp them for room.,Keep the ball turning away from their hitting arc.,Play out their good deliveries on merit. Look to capitalize on the missed yorker at the death.,Lower-order batter. Exploit their lack of footwork with aggressive body-line bowling.,DJ Bravo,Q de Kock,141.0,156.2,8.6,9.69,16,307,Kolkata Knight Riders
HH Pandya,Hardik Pandya,India,All-Rounder,Middle Order Anchor,"Wankhede Stadium > Wankhede Stadium, Mumbai > Narendra Modi Stadium, Ahmedabad > Eden Gardens",Unknown,Not Available,0,Struggles with back-of-length deliveries cramping his room. Bowl into the pitch at his lower chest.,Impatient against high-quality wrist spin tossed up wide.,Exploit his lack of raw pace. Look for the straight drive or slog sweep.,Pivotal all-rounder. Tie him down with hard lengths to force a frustrated slog.,YS Chahal,AB de Villiers,140.8,161.4,8.88,11.16,82,1839,Mumbai Indians
Mohammad Nabi,Mohammad Nabi,Afghanistan,All-Rounder,Death Over Finisher,"Rajiv Gandhi International Stadium > Wankhede Stadium > Arun Jaitley Stadium > MA Chidambaram Stadium, Chepauk, Chennai",Unknown,Long On,1,Bowl rapid back-of-a-length deliveries targeting the ribcage to cramp them for room.,Keep the ball turning away from their hitting arc.,Elite threat. Treat with immense respect. Focus on rotating the strike and attacking others.,Lower-order batter. Exploit their lack of footwork with aggressive body-line bowling.,JJ Bumrah,KL Rahul,140.8,140.2,7.4,10.0,15,419,Mumbai Indians
Vivrant Sharma,Vivrant Sharma,India,Batsman,Middle Order Anchor,"Wankhede Stadium, Mumbai",Unknown,Not Available,0,Deploy slow off-cutters gripping into the pitch outside the off-stump.,Use high-quality wrist spin tossed up wide to invite the mistimed slog sweep.,Not a regular bowler. Focus purely on strike rotation if they are brought on.,Middle-order anchor. Build dot-ball pressure with tight lines to force a frustrated lofted shot.,JP Behrendorff,Not Available,140.8,0.0,10.57,0.0,0,21,Sunrisers Hyderabad
M Shahrukh Khan,Shahrukh Khan,India,Batsman,Middle Order Anchor,"Narendra Modi Stadium, Ahmedabad > Wankhede Stadium, Mumbai",Unknown,Not Available,0,Deploy slow off-cutters gripping into the pitch outside the off-stump.,Use high-quality wrist spin tossed up wide to invite the mistimed slog sweep.,Not a regular bowler. Focus purely on strike rotation if they are brought on.,Middle-order anchor. Build dot-ball pressure with tight lines to force a frustrated lofted shot.,Avesh Khan,Not Available,140.7,154.9,9.33,7.0,1,18,Gujarat Titans
KA Pollard,Kieron Pollard,West Indies,All-Rounder,Death Over Finisher,Wankhede Stadium > M Chinnaswamy Stadium > Eden Gardens > Dubai International Cricket Stadium,Unknown,Not Available,0,Struggles to get underneath extreme wide yorkers. Slashes hard and misses.,Vulnerable to sharp googlies turning back into his body.,Relies on dipping off-cutters. Wait on the back foot to punch him down the ground.,Brute force finisher. Do not bowl at the stumps at the death. Commit entirely to the wide line.,R Ashwin,V Sehwag,140.5,160.0,8.25,9.98,69,1586,Mumbai Indians
MJ Lumb,Michael Lumb,England,Batsman,Top Order Aggressor,"Sawai Mansingh Stadium > Sardar Patel Stadium, Motera",Unknown,Not Available,0,Target the front pad with sharp inswing early in the spell. Highly vulnerable in the first 10 balls.,Use flight and variations in pace. Drag them wide of the crease to induce a sliced drive.,Not a regular bowler. Focus purely on strike rotation if they are brought on.,Explosive top-order threat. Deny them width early and attack the pads to disrupt their timing.,JA Morkel,Not Available,140.4,0.0,0.0,0.0,0,0,Deccan Chargers
Shivang Kumar,Shivang Kumar,India,Bowler,Death Over Finisher,"Maharaja Yadavindra Singh International Cricket Stadium, New Chandigarh > Rajiv Gandhi International Stadium, Uppal, Hyderabad",Unknown,Not Available,0,Bowl rapid back-of-a-length deliveries targeting the ribcage to cramp them for room.,Keep the ball turning away from their hitting arc.,Target this bowler aggressively. High economy rate suggests frequent loose boundary deliveries.,Vulnerable to aggressive intent. Look to disrupt their length early in the over.,Not Available,D Ferreira,140.0,140.0,9.43,0.0,5,133,Unattached
V Viyaskanth,Vijayakanth Viyaskanth,Sri Lanka,New Addition,Death Over Finisher,Neutral Venues,Unknown,Not Available,0,Bowl rapid back-of-a-length deliveries targeting the ribcage to cramp them for room.,Keep the ball turning away from their hitting arc.,Not a regular bowler. Focus purely on strike rotation if they are brought on.,Lower-order batter. Exploit their lack of footwork with aggressive body-line bowling.,Not Available,P Simran Singh,140.0,140.0,8.6,0.0,1,60,Sunrisers Hyderabad
Tilak Varma,Tilak Varma,India,Batsman,Middle Order Anchor,"Wankhede Stadium, Mumbai > Narendra Modi Stadium, Ahmedabad > Arun Jaitley Stadium, Delhi > Dr DY Patil Sports Academy, Mumbai",Unknown,Short Mid-Wicket,1,Can be tucked up by high-pace back-of-a-length deliveries aimed at the ribcage.,Struggles slightly against mystery spin turning away from the left-hander.,Part-time off-spin. Respect the pitch if it's turning.,Solid middle-order bat. Cramp his room with hard lengths to prevent him from freeing his arms.,Mukesh Kumar,Not Available,140.0,181.0,7.3,12.0,0,23,Mumbai Indians
A Raghuvanshi,Angkrish Raghuvanshi,India,Batsman,Middle Order Anchor,"Eden Gardens, Kolkata > Wankhede Stadium, Mumbai > Arun Jaitley Stadium, Delhi > Dr. Y.S. Rajasekhara Reddy ACA-VDCA Cricket Stadium, Visakhapatnam",Unknown,Not Available,0,Deploy slow off-cutters gripping into the pitch outside the off-stump.,Use high-quality wrist spin tossed up wide to invite the mistimed slog sweep.,Not a regular bowler. Focus purely on strike rotation if they are brought on.,Middle-order anchor. Build dot-ball pressure with tight lines to force a frustrated lofted shot.,Avesh Khan,Not Available,139.7,141.8,0.0,0.0,0,0,Kolkata Knight Riders
Sunny Singh,Sunny Singh,India,Batsman,Middle Order Anchor,Neutral Venues,Unknown,Not Available,0,Deploy slow off-cutters gripping into the pitch outside the off-stump.,Use high-quality wrist spin tossed up wide to invite the mistimed slog sweep.,Not a regular bowler. Focus purely on strike rotation if they are brought on.,Middle-order anchor. Build dot-ball pressure with tight lines to force a frustrated lofted shot.,Not Available,Not Available,138.7,77.8,0.0,0.0,0,0,Kings XI Punjab
R Ravindra,Rachin Ravindra,New Zealand,Batsman,Top Order Aggressor,"MA Chidambaram Stadium, Chepauk, Chennai > M Chinnaswamy Stadium, Bengaluru",Unknown,Not Available,0,Use back-of-a-length deliveries angling across the body. Invite the false drive.,Deploy left-arm orthodox sliding across to restrict strike rotation and build dot pressure.,Not a regular bowler. Focus purely on strike rotation if they are brought on.,Classical opener. Squeeze their scoring zones on the off-side and force aerial risks.,GJ Maxwell,Not Available,138.6,266.7,3.5,0.0,0,12,Chennai Super Kings
AJ Hosein,Akeal Hosein,West Indies,New Addition,Death Over Finisher,"Wankhede Stadium, Mumbai",Unknown,Not Available,0,Bowl rapid back-of-a-length deliveries targeting the ribcage to cramp them for room.,Keep the ball turning away from their hitting arc.,Not a regular bowler. Focus purely on strike rotation if they are brought on.,Lower-order batter. Exploit their lack of footwork with aggressive body-line bowling.,Not Available,Not Available,138.5,138.5,8.28,12.0,7,108,Chennai Super Kings
Atharva Taide,Atharva Taide,India,Batsman,Top Order Aggressor,"Himachal Pradesh Cricket Association Stadium, Dharamsala > Punjab Cricket Association IS Bindra Stadium, Mohali, Chandigarh",Unknown,Deep Square Leg,1,Alternate Tactic (Pace): Bowl hard lengths outside off-stump. Use off-cutters rolling fingers over the seam to disrupt timing.,"Target primary weakness: Exploit the spinning ball, use variations in flight and turn away from the bat.",Prime target for the death overs. Attack him aggressively late in the innings as he loses his length under pressure. ,"Atharva Taide is a Top Order Aggressor. Strongest at Himachal Pradesh Cricket Association Stadium, Dharamsala. Beware of TA Boult who owns this matchup.",TA Boult,Not Available,138.3,0.0,24.0,24.0,0,1,Punjab Kings
JC Archer,Jofra Archer,England,All-Rounder,Death Over Finisher,"Sawai Mansingh Stadium > Dubai International Cricket Stadium > Sheikh Zayed Stadium > Barsapara Cricket Stadium, Guwahati",Unknown,Not Available,0,Bowl rapid back-of-a-length deliveries targeting the ribcage to cramp them for room.,Keep the ball turning away from their hitting arc.,Play out their good deliveries on merit. Look to capitalize on the missed yorker at the death.,Lower-order batter. Exploit their lack of footwork with aggressive body-line bowling.,JJ Bumrah,AB de Villiers,138.0,146.2,7.64,9.46,74,1509,Rajasthan Royals
YK Pathan,Yusuf Pathan,India,All-Rounder,Middle Order Anchor,"Eden Gardens > Sawai Mansingh Stadium > Wankhede Stadium > Rajiv Gandhi International Stadium, Uppal",Unknown,Not Available,0,Deploy slow off-cutters gripping into the pitch outside the off-stump.,Use high-quality wrist spin tossed up wide to invite the mistimed slog sweep.,Elite threat. Treat with immense respect. Focus on rotating the strike and attacking others.,Middle-order anchor. Build dot-ball pressure with tight lines to force a frustrated lofted shot.,B Kumar,R Dravid,138.0,153.8,7.17,9.19,42,1184,Sunrisers Hyderabad
HM Amla,Hashim Amla,South Africa,Batsman,Top Order Aggressor,"Punjab Cricket Association IS Bindra Stadium, Mohali > Holkar Cricket Stadium > Saurashtra Cricket Association Stadium",Unknown,Not Available,0,Use back-of-a-length deliveries angling across the body. Invite the false drive.,Deploy left-arm orthodox sliding across to restrict strike rotation and build dot pressure.,Not a regular bowler. Focus purely on strike rotation if they are brought on.,Classical opener. Squeeze their scoring zones on the off-side and force aerial risks.,CH Morris,Not Available,138.0,225.9,0.0,0.0,0,0,Kings XI Punjab
Ishan Kishan,Ishan Kishan,India,Batsman,Middle Order Anchor,"Wankhede Stadium, Mumbai > Rajiv Gandhi International Stadium, Uppal, Hyderabad > Dubai International Cricket Stadium > Bharat Ratna Shri Atal Bihari Vajpayee Ekana Cricket Stadium, Lucknow",Unknown,Wicketkeeper,7,Alternate Tactic (Pace): Bowl hard lengths outside off-stump. Use off-cutters rolling fingers over the seam to disrupt timing.,"Target primary weakness: Exploit the spinning ball, use variations in flight and turn away from the bat.",Prime target for the death overs. Attack him aggressively late in the innings as he loses his length under pressure. ,"Ishan Kishan is a Middle Order Anchor. Strongest at Wankhede Stadium, Mumbai. Beware of Imran Tahir who owns this matchup.",Imran Tahir,Not Available,137.9,181.8,24.0,24.0,0,1,Sunrisers Hyderabad
PBB Rajapaksa,Bhanuka Rajapaksa,Sri Lanka,Batsman,Middle Order Anchor,"Wankhede Stadium, Mumbai > Dr DY Patil Sports Academy, Mumbai > Punjab Cricket Association IS Bindra Stadium, Mohali, Chandigarh",Unknown,Not Available,0,Deploy slow off-cutters gripping into the pitch outside the off-stump.,Use high-quality wrist spin tossed up wide to invite the mistimed slog sweep.,Not a regular bowler. Focus purely on strike rotation if they are brought on.,Middle-order anchor. Build dot-ball pressure with tight lines to force a frustrated lofted shot.,AS Joseph,Not Available,137.8,75.0,0.0,0.0,0,0,Punjab Kings
RK Singh,Rinku Singh,India,Batsman,Middle Order Anchor,"Eden Gardens, Kolkata > Wankhede Stadium, Mumbai > Bharat Ratna Shri Atal Bihari Vajpayee Ekana Cricket Stadium, Lucknow > Dr DY Patil Sports Academy, Mumbai",Unknown,Not Available,0,"Incredible at the death, but can be starved of strike by firing wide yorkers past the tramline.",Keep the ball turning away from his hitting arc.,Not a regular bowler.,Elite finisher. Commit fully to the wide yorker. Do not miss on the pads under any circumstances.,Noor Ahmad,Not Available,137.7,175.9,0.0,0.0,0,0,Kolkata Knight Riders
MJ Guptill,Martin Guptill,New Zealand,Batsman,Top Order Aggressor,"Punjab Cricket Association IS Bindra Stadium, Mohali > Dr. Y.S. Rajasekhara Reddy ACA-VDCA Cricket Stadium > Wankhede Stadium",Unknown,Not Available,0,Use back-of-a-length deliveries angling across the body. Invite the false drive.,Deploy left-arm orthodox sliding across to restrict strike rotation and build dot pressure.,Not a regular bowler. Focus purely on strike rotation if they are brought on.,Classical opener. Squeeze their scoring zones on the off-side and force aerial risks.,A Mishra,Not Available,137.6,0.0,0.0,0.0,0,0,Sunrisers Hyderabad
Yudhvir Singh,Yudhvir Singh,India,Bowler,Death Over Finisher,"Arun Jaitley Stadium, Delhi > Bharat Ratna Shri Atal Bihari Vajpayee Ekana Cricket Stadium, Lucknow",Unknown,Not Available,0,Bowl rapid back-of-a-length deliveries targeting the ribcage to cramp them for room.,Keep the ball turning away from their hitting arc.,Target this bowler aggressively. High economy rate suggests frequent loose boundary deliveries.,Vulnerable to aggressive intent. Look to disrupt their length early in the over.,Not Available,Shubman Gill,137.5,166.7,10.47,12.0,8,145,Lucknow Super Giants
D Salunkhe,Dinesh Salunkhe,India,New Addition,Death Over Finisher,Neutral Venues,Unknown,Not Available,0,Bowl rapid back-of-a-length deliveries targeting the ribcage to cramp them for room.,Keep the ball turning away from their hitting arc.,Not a regular bowler. Focus purely on strike rotation if they are brought on.,Lower-order batter. Exploit their lack of footwork with aggressive body-line bowling.,Not Available,Not Available,137.5,147.1,9.18,7.0,1,51,Rajasthan Royals
Sediqullah Atal,Sediqullah Atal,Afghanistan,New Addition,Middle Order Anchor,Neutral Venues,Unknown,Not Available,0,Deploy slow off-cutters gripping into the pitch outside the off-stump.,Use high-quality wrist spin tossed up wide to invite the mistimed slog sweep.,Not a regular bowler. Focus purely on strike rotation if they are brought on.,Middle-order anchor. Build dot-ball pressure with tight lines to force a frustrated lofted shot.,Not Available,Not Available,137.5,0.0,0.0,0.0,0,0,Unattached
KR Mayers,Kyle Mayers,West Indies,Batsman,Top Order Aggressor,"Bharat Ratna Shri Atal Bihari Vajpayee Ekana Cricket Stadium, Lucknow > MA Chidambaram Stadium, Chepauk, Chennai > Punjab Cricket Association IS Bindra Stadium, Mohali, Chandigarh > Sawai Mansingh Stadium, Jaipur",Unknown,Not Available,0,Use back-of-a-length deliveries angling across the body. Invite the false drive.,Deploy left-arm orthodox sliding across to restrict strike rotation and build dot pressure.,Not a regular bowler. Focus purely on strike rotation if they are brought on.,Classical opener. Squeeze their scoring zones on the off-side and force aerial risks.,K Rabada,Not Available,137.3,0.0,7.7,0.0,0,46,Lucknow Super Giants
MR Marsh,Mitchell Marsh,Australia,All-Rounder,Middle Order Anchor,"Bharat Ratna Shri Atal Bihari Vajpayee Ekana Cricket Stadium, Lucknow > Arun Jaitley Stadium, Delhi > Dr DY Patil Sports Academy, Mumbai > Rajiv Gandhi International Stadium, Uppal",Unknown,Not Available,0,Deploy slow off-cutters gripping into the pitch outside the off-stump.,Use high-quality wrist spin tossed up wide to invite the mistimed slog sweep.,Play out their good deliveries on merit. Look to capitalize on the missed yorker at the death.,Middle-order anchor. Build dot-ball pressure with tight lines to force a frustrated lofted shot.,Arshdeep Singh,CH Gayle,137.0,149.7,8.04,10.28,37,593,Lucknow Super Giants
RN ten Doeschate,Ryan ten Doeschate,Netherlands,Batsman,Death Over Finisher,Eden Gardens > Wankhede Stadium > JSCA International Stadium Complex,Unknown,Not Available,0,Bowl rapid back-of-a-length deliveries targeting the ribcage to cramp them for room.,Keep the ball turning away from their hitting arc.,Not a regular bowler. Focus purely on strike rotation if they are brought on.,Lower-order batter. Exploit their lack of footwork with aggressive body-line bowling.,Harbhajan Singh,Not Available,137.0,149.3,6.8,10.29,2,83,Kolkata Knight Riders
JA Morkel,Albie Morkel,South Africa,All-Rounder,Death Over Finisher,"MA Chidambaram Stadium, Chepauk > M Chinnaswamy Stadium > Eden Gardens > Dr DY Patil Sports Academy",Unknown,Not Available,0,Bowl rapid back-of-a-length deliveries targeting the ribcage to cramp them for room.,Keep the ball turning away from their hitting arc.,Play out their good deliveries on merit. Look to capitalize on the missed yorker at the death.,Lower-order batter. Exploit their lack of footwork with aggressive body-line bowling.,DW Steyn,PC Valthaty,136.9,149.9,7.83,9.0,85,1807,Delhi Daredevils
SV Samson,Sanju Samson,India,Batsman,Middle Order Anchor,"Wankhede Stadium, Mumbai > Sawai Mansingh Stadium, Jaipur > Sawai Mansingh Stadium > Feroz Shah Kotla",Unknown,Not Available,0,Bowl test-match lengths in the channel outside off. He often induces his own false shot due to high intent.,Toss the ball up wide outside off-stump to invite the risky lofted drive.,Not a regular bowler.,Incredibly gifted but impatient. Build dot-ball pressure early to force a mistake.,YS Chahal,Not Available,136.9,182.7,0.0,0.0,0,0,Chennai Super Kings
I Udana,Isuru Udana,Sri Lanka,Bowler,Death Over Finisher,Dubai International Cricket Stadium > Sharjah Cricket Stadium > Sheikh Zayed Stadium,Unknown,Not Available,0,Bowl rapid back-of-a-length deliveries targeting the ribcage to cramp them for room.,Keep the ball turning away from their hitting arc.,Target this bowler aggressively. High economy rate suggests frequent loose boundary deliveries.,Vulnerable to aggressive intent. Look to disrupt their length early in the over.,Not Available,Not Available,136.4,136.4,9.3,8.76,8,182,Royal Challengers Bangalore
CA Lynn,Chris Lynn,Australia,Batsman,Top Order Aggressor,Eden Gardens > Rajiv Gandhi International Stadium > M.Chinnaswamy Stadium > Wankhede Stadium,Unknown,Not Available,0,Use back-of-a-length deliveries angling across the body. Invite the false drive.,Deploy left-arm orthodox sliding across to restrict strike rotation and build dot pressure.,Not a regular bowler. Focus purely on strike rotation if they are brought on.,Classical opener. Squeeze their scoring zones on the off-side and force aerial risks.,Shakib Al Hasan,Not Available,136.4,100.0,0.0,0.0,0,0,Mumbai Indians
R Parag,Riyan Parag,India,All-Rounder,Middle Order Anchor,"Sawai Mansingh Stadium, Jaipur > Barsapara Cricket Stadium, Guwahati > Eden Gardens, Kolkata > Wankhede Stadium, Mumbai",Unknown,Not Available,0,Deploy slow off-cutters gripping into the pitch outside the off-stump.,Use high-quality wrist spin tossed up wide to invite the mistimed slog sweep.,Target this bowler aggressively. High economy rate suggests frequent loose boundary deliveries.,Middle-order anchor. Build dot-ball pressure with tight lines to force a frustrated lofted shot.,PJ Cummins,RR Pant,136.2,153.5,9.25,12.4,9,334,Rajasthan Royals
R Powell,Rovman Powell,West Indies,Batsman,Middle Order Anchor,"Wankhede Stadium, Mumbai > Eden Gardens, Kolkata > Brabourne Stadium, Mumbai",Unknown,Not Available,0,Deploy slow off-cutters gripping into the pitch outside the off-stump.,Use high-quality wrist spin tossed up wide to invite the mistimed slog sweep.,Not a regular bowler. Focus purely on strike rotation if they are brought on.,Middle-order anchor. Build dot-ball pressure with tight lines to force a frustrated lofted shot.,Ravi Bishnoi,Not Available,136.1,175.6,10.0,12.0,1,21,Kolkata Knight Riders
Shubman Gill,Shubman Gill,India,Batsman,Top Order Aggressor,"Narendra Modi Stadium, Ahmedabad > Eden Gardens > Sharjah Cricket Stadium > Dubai International Cricket Stadium",Unknown,Long On,3,Lured into false drives by late outswing. Bowl full on the 4th stump line.,"Bowl tight, flat lines on the stumps. He takes time to accelerate against spin.",Not a regular bowler.,Elegant timer. Squeeze his scoring zones on the off-side and force him to muscle the ball.,B Kumar,Not Available,136.1,146.5,0.0,0.0,0,0,Gujarat Titans
PR Veer,Prashant Veer,India,Batsman,Middle Order Anchor,Neutral Venues,Unknown,Not Available,0,Deploy slow off-cutters gripping into the pitch outside the off-stump.,Use high-quality wrist spin tossed up wide to invite the mistimed slog sweep.,Not a regular bowler. Focus purely on strike rotation if they are brought on.,Middle-order anchor. Build dot-ball pressure with tight lines to force a frustrated lofted shot.,Suyash Sharma,Not Available,136.1,75.0,0.0,0.0,0,0,Unattached
DP Conway,Devon Conway,New Zealand,Batsman,Top Order Aggressor,"MA Chidambaram Stadium, Chepauk, Chennai > Maharashtra Cricket Association Stadium, Pune > Narendra Modi Stadium, Ahmedabad > Arun Jaitley Stadium, Delhi",Unknown,Not Available,0,Use back-of-a-length deliveries angling across the body. Invite the false drive.,Deploy left-arm orthodox sliding across to restrict strike rotation and build dot pressure.,Not a regular bowler. Focus purely on strike rotation if they are brought on.,Classical opener. Squeeze their scoring zones on the off-side and force aerial risks.,Mohammed Shami,Not Available,136.0,145.5,0.0,0.0,0,0,Chennai Super Kings
N Wadhera,Nehal Wadhera,India,Batsman,Middle Order Anchor,"Sawai Mansingh Stadium, Jaipur > Narendra Modi Stadium, Ahmedabad > Bharat Ratna Shri Atal Bihari Vajpayee Ekana Cricket Stadium, Lucknow > MA Chidambaram Stadium, Chepauk, Chennai",Unknown,Not Available,0,Deploy slow off-cutters gripping into the pitch outside the off-stump.,Use high-quality wrist spin tossed up wide to invite the mistimed slog sweep.,Not a regular bowler. Focus purely on strike rotation if they are brought on.,Middle-order anchor. Build dot-ball pressure with tight lines to force a frustrated lofted shot.,Yash Thakur,Not Available,135.9,165.6,7.76,10.8,0,17,Punjab Kings
M Morkel,Morne Morkel,South Africa,Bowler,Death Over Finisher,Feroz Shah Kotla > Eden Gardens > Himachal Pradesh Cricket Association Stadium > Wankhede Stadium,Unknown,Not Available,0,Bowl rapid back-of-a-length deliveries targeting the ribcage to cramp them for room.,Keep the ball turning away from their hitting arc.,Elite threat. Treat with immense respect. Focus on rotating the strike and attacking others.,Frontline strike bowler. See off their best spells and attack the weaker backups.,Not Available,MS Dhoni,135.5,139.8,7.38,8.84,77,1699,Kolkata Knight Riders
S Dube,Shivam Dube,India,All-Rounder,Middle Order Anchor,"MA Chidambaram Stadium, Chepauk, Chennai > Wankhede Stadium, Mumbai > Dubai International Cricket Stadium > Dr DY Patil Sports Academy, Mumbai",Unknown,Not Available,0,"Completely freezes against sharp, fast bouncers directed at his helmet. Attack the body.",Do NOT bowl spin to him in the middle overs.,Medium pacer. Exploit his lack of raw pace by stepping out of the crease.,Spin-destroyer. Bring your fastest bowler back into the attack immediately when he walks out.,JJ Bumrah,Not Available,135.5,154.2,10.07,10.6,6,149,Chennai Super Kings
MK Lomror,Mahipal Lomror,India,Batsman,Middle Order Anchor,"M Chinnaswamy Stadium, Bengaluru > Dubai International Cricket Stadium > Sheikh Zayed Stadium > Arun Jaitley Stadium, Delhi",Unknown,Not Available,0,Deploy slow off-cutters gripping into the pitch outside the off-stump.,Use high-quality wrist spin tossed up wide to invite the mistimed slog sweep.,Not a regular bowler. Focus purely on strike rotation if they are brought on.,Middle-order anchor. Build dot-ball pressure with tight lines to force a frustrated lofted shot.,YS Chahal,KS Williamson,135.5,150.3,8.11,0.0,1,94,Royal Challengers Bengaluru
DA Warner,David Warner,Australia,Batsman,Top Order Aggressor,"Rajiv Gandhi International Stadium, Uppal > Feroz Shah Kotla > Rajiv Gandhi International Stadium > Dubai International Cricket Stadium",Unknown,Not Available,0,Use back-of-a-length deliveries angling across the body. Invite the false drive.,Deploy left-arm orthodox sliding across to restrict strike rotation and build dot pressure.,Not a regular bowler. Focus purely on strike rotation if they are brought on.,Classical opener. Squeeze their scoring zones on the off-side and force aerial risks.,UT Yadav,Not Available,135.4,173.0,6.0,0.0,0,2,Delhi Capitals
DL Chahar,Deepak Chahar,India,Bowler,Death Over Finisher,"MA Chidambaram Stadium, Chepauk, Chennai > Wankhede Stadium, Mumbai > Dubai International Cricket Stadium > MA Chidambaram Stadium",Unknown,Not Available,0,Bowl rapid back-of-a-length deliveries targeting the ribcage to cramp them for room.,Keep the ball turning away from their hitting arc.,Play out their good deliveries on merit. Look to capitalize on the missed yorker at the death.,Solid squad bowler. Exploit their lack of raw pace with calculated aggression.,Not Available,YBK Jaiswal,135.2,121.6,7.85,9.28,89,2051,Mumbai Indians
KL Rahul,KL Rahul,India,Batsman,Top Order Aggressor,"Dubai International Cricket Stadium > Bharat Ratna Shri Atal Bihari Vajpayee Ekana Cricket Stadium, Lucknow > Arun Jaitley Stadium, Delhi > Punjab Cricket Association IS Bindra Stadium",Unknown,Wicketkeeper,3,Over-cautious against extreme pace bouncers directed at the badge in the powerplay.,Gets bogged down by wrist spin in the middle overs. Bowl googlies outside off.,Not a regular bowler.,Exceptional anchor but can be tied down. Use aggressive pace early to stifle his strike rate.,DS Kulkarni,Not Available,135.2,169.2,0.0,0.0,0,0,Delhi Capitals
MM Ali,Moeen Ali,England,All-Rounder,Middle Order Anchor,"Wankhede Stadium, Mumbai > MA Chidambaram Stadium, Chepauk, Chennai > M.Chinnaswamy Stadium > Brabourne Stadium, Mumbai",Unknown,Not Available,0,Deploy slow off-cutters gripping into the pitch outside the off-stump.,Use high-quality wrist spin tossed up wide to invite the mistimed slog sweep.,Elite threat. Treat with immense respect. Focus on rotating the strike and attacking others.,Middle-order anchor. Build dot-ball pressure with tight lines to force a frustrated lofted shot.,Rashid Khan,R Parag,134.9,167.1,7.1,7.58,41,869,Chennai Super Kings
SE Rutherford,Sherfane Rutherford,West Indies,Batsman,Middle Order Anchor,"Narendra Modi Stadium, Ahmedabad > Wankhede Stadium, Mumbai > Arun Jaitley Stadium",Unknown,Not Available,0,Deploy slow off-cutters gripping into the pitch outside the off-stump.,Use high-quality wrist spin tossed up wide to invite the mistimed slog sweep.,Not a regular bowler. Focus purely on strike rotation if they are brought on.,Middle-order anchor. Build dot-ball pressure with tight lines to force a frustrated lofted shot.,V Nigam,Not Available,134.8,146.3,7.7,2.4,1,46,Mumbai Indians
Nithish Kumar Reddy,Nitish Kumar Reddy,India,All-Rounder,Middle Order Anchor,"Rajiv Gandhi International Stadium, Uppal, Hyderabad > Eden Gardens, Kolkata > Maharaja Yadavindra Singh International Cricket Stadium, Mullanpur > Arun Jaitley Stadium, Delhi",Unknown,Not Available,0,Vulnerable to raw pace angling into his pads early in his innings.,Can be beaten in flight by high-quality wrist spin.,Medium pacer. Exploit his lack of raw pace with aggressive intent.,Promising all-rounder. Test his technique with sharp incoming deliveries before he gets set.,MA Starc,JM Sharma,134.5,179.4,10.11,12.0,11,286,Sunrisers Hyderabad
SR Watson,Shane Watson,Australia,All-Rounder,Middle Order Anchor,"Sawai Mansingh Stadium > M Chinnaswamy Stadium > Wankhede Stadium > Sardar Patel Stadium, Motera",Unknown,Not Available,0,Highly vulnerable to sharp inswing targeting the front pad. Prime LBW candidate.,Can be beaten in flight by high-quality wrist spin.,Struggles to generate express pace. Look to attack his slower cutters.,Powerful all-rounder. Attack his pads early with the new ball before he settles.,AR Patel,BCJ Cutting,134.2,180.5,7.53,9.03,92,2137,Chennai Super Kings
RA Tripathi,Rahul Tripathi,India,Batsman,Middle Order Anchor,"Wankhede Stadium, Mumbai > Rajiv Gandhi International Stadium, Uppal, Hyderabad > Maharashtra Cricket Association Stadium > Sawai Mansingh Stadium",Unknown,Not Available,0,Deploy slow off-cutters gripping into the pitch outside the off-stump.,Use high-quality wrist spin tossed up wide to invite the mistimed slog sweep.,Not a regular bowler. Focus purely on strike rotation if they are brought on.,Middle-order anchor. Build dot-ball pressure with tight lines to force a frustrated lofted shot.,Mohammed Shami,Not Available,134.2,141.3,12.0,0.0,0,6,Kolkata Knight Riders
SN Khan,Sarfaraz Khan,India,Batsman,Middle Order Anchor,"M Chinnaswamy Stadium > Dr DY Patil Sports Academy, Mumbai > MA Chidambaram Stadium > MA Chidambaram Stadium, Chepauk, Chennai",Unknown,Not Available,0,Deploy slow off-cutters gripping into the pitch outside the off-stump.,Use high-quality wrist spin tossed up wide to invite the mistimed slog sweep.,Not a regular bowler. Focus purely on strike rotation if they are brought on.,Middle-order anchor. Build dot-ball pressure with tight lines to force a frustrated lofted shot.,RA Jadeja,Not Available,134.2,163.3,18.0,18.0,0,2,Delhi Capitals
DA Miller,David Miller,South Africa,Batsman,Middle Order Anchor,"Punjab Cricket Association Stadium, Mohali > Narendra Modi Stadium, Ahmedabad > Wankhede Stadium, Mumbai > Arun Jaitley Stadium, Delhi",Unknown,Not Available,0,Deploy slow off-cutters gripping into the pitch outside the off-stump.,Use high-quality wrist spin tossed up wide to invite the mistimed slog sweep.,Not a regular bowler. Focus purely on strike rotation if they are brought on.,Middle-order anchor. Build dot-ball pressure with tight lines to force a frustrated lofted shot.,SL Malinga,Not Available,134.1,165.8,0.0,0.0,0,0,Delhi Capitals
ST Jayasuriya,Sanath Jayasuriya,Sri Lanka,All-Rounder,Top Order Aggressor,Wankhede Stadium > Feroz Shah Kotla > Kingsmead > St George's Park,Unknown,Not Available,0,Use back-of-a-length deliveries angling across the body. Invite the false drive.,Deploy left-arm orthodox sliding across to restrict strike rotation and build dot pressure.,Play out their good deliveries on merit. Look to capitalize on the missed yorker at the death.,Classical opener. Squeeze their scoring zones on the off-side and force aerial risks.,DW Steyn,V Sehwag,134.0,0.0,7.77,8.46,13,301,Mumbai Indians
JJ Roy,Jason Roy,England,Batsman,Top Order Aggressor,"Eden Gardens, Kolkata > Wankhede Stadium > Zayed Cricket Stadium, Abu Dhabi > Dubai International Cricket Stadium",Unknown,Not Available,0,Use back-of-a-length deliveries angling across the body. Invite the false drive.,Deploy left-arm orthodox sliding across to restrict strike rotation and build dot pressure.,Not a regular bowler. Focus purely on strike rotation if they are brought on.,Classical opener. Squeeze their scoring zones on the off-side and force aerial risks.,YS Chahal,Not Available,133.5,178.3,0.0,0.0,0,0,Kolkata Knight Riders
CRD Fernando,Dilhara Fernando,Sri Lanka,Bowler,Death Over Finisher,M Chinnaswamy Stadium > Dr DY Patil Sports Academy,Unknown,Not Available,0,Bowl rapid back-of-a-length deliveries targeting the ribcage to cramp them for room.,Keep the ball turning away from their hitting arc.,Elite threat. Treat with immense respect. Focus on rotating the strike and attacking others.,Frontline strike bowler. See off their best spells and attack the weaker backups.,Not Available,V Kohli,133.3,133.3,7.18,8.53,17,249,Mumbai Indians
VRV Singh,VRV Singh,India,Bowler,Death Over Finisher,"Punjab Cricket Association Stadium, Mohali",Unknown,Not Available,0,Bowl rapid back-of-a-length deliveries targeting the ribcage to cramp them for room.,Keep the ball turning away from their hitting arc.,Play out their good deliveries on merit. Look to capitalize on the missed yorker at the death.,Solid squad bowler. Exploit their lack of raw pace with calculated aggression.,Not Available,MS Dhoni,133.3,133.3,8.77,8.54,12,371,Kings XI Punjab
AN Ahmed,Abu Nechim Ahmed,India,Bowler,Death Over Finisher,Eden Gardens > Wankhede Stadium,Unknown,Not Available,0,Bowl rapid back-of-a-length deliveries targeting the ribcage to cramp them for room.,Keep the ball turning away from their hitting arc.,Play out their good deliveries on merit. Look to capitalize on the missed yorker at the death.,Solid squad bowler. Exploit their lack of raw pace with calculated aggression.,Not Available,DA Warner,133.3,133.3,8.25,10.35,12,362,Royal Challengers Bangalore
N Rana,Nitish Rana,India,All-Rounder,Middle Order Anchor,"Eden Gardens > Wankhede Stadium > Eden Gardens, Kolkata > MA Chidambaram Stadium, Chepauk, Chennai",Unknown,Not Available,0,Deploy slow off-cutters gripping into the pitch outside the off-stump.,Use high-quality wrist spin tossed up wide to invite the mistimed slog sweep.,Play out their good deliveries on merit. Look to capitalize on the missed yorker at the death.,Middle-order anchor. Build dot-ball pressure with tight lines to force a frustrated lofted shot.,YS Chahal,Abhishek Sharma,133.3,171.5,8.74,6.75,10,223,Delhi Capitals
B Akhil,Balachandra Akhil,India,Bowler,Death Over Finisher,SuperSport Park > Wankhede Stadium,Unknown,Not Available,0,Bowl rapid back-of-a-length deliveries targeting the ribcage to cramp them for room.,Keep the ball turning away from their hitting arc.,Play out their good deliveries on merit. Look to capitalize on the missed yorker at the death.,Solid squad bowler. Exploit their lack of raw pace with calculated aggression.,Not Available,AC Gilchrist,133.3,136.1,7.52,10.82,6,193,Royal Challengers Bangalore
DAJ Bracewell,Doug Bracewell,New Zealand,New Addition,Death Over Finisher,M Chinnaswamy Stadium,Unknown,Not Available,0,Bowl rapid back-of-a-length deliveries targeting the ribcage to cramp them for room.,Keep the ball turning away from their hitting arc.,Not a regular bowler. Focus purely on strike rotation if they are brought on.,Lower-order batter. Exploit their lack of footwork with aggressive body-line bowling.,Not Available,Not Available,133.3,133.3,7.68,10.0,3,25,Delhi Daredevils
JPR Scantlebury-Searles,Javon Searles,West Indies,New Addition,Death Over Finisher,Neutral Venues,Unknown,Not Available,0,Bowl rapid back-of-a-length deliveries targeting the ribcage to cramp them for room.,Keep the ball turning away from their hitting arc.,Not a regular bowler. Focus purely on strike rotation if they are brought on.,Lower-order batter. Exploit their lack of footwork with aggressive body-line bowling.,Not Available,Not Available,133.3,133.3,11.87,17.14,2,45,Kolkata Knight Riders
P Chopra,Prashant Chopra,India,New Addition,Middle Order Anchor,Neutral Venues,Unknown,Not Available,0,Deploy slow off-cutters gripping into the pitch outside the off-stump.,Use high-quality wrist spin tossed up wide to invite the mistimed slog sweep.,Not a regular bowler. Focus purely on strike rotation if they are brought on.,Middle-order anchor. Build dot-ball pressure with tight lines to force a frustrated lofted shot.,Not Available,Not Available,133.3,0.0,0.0,0.0,0,0,Rajasthan Royals
K Upadhyay,Krishnakant Upadhyay,India,New Addition,Death Over Finisher,Neutral Venues,Unknown,Not Available,0,Bowl rapid back-of-a-length deliveries targeting the ribcage to cramp them for room.,Keep the ball turning away from their hitting arc.,Not a regular bowler. Focus purely on strike rotation if they are brought on.,Lower-order batter. Exploit their lack of footwork with aggressive body-line bowling.,Not Available,Not Available,133.3,133.3,8.68,0.0,0,56,Pune Warriors India
AC Gilchrist,Adam Gilchrist,Australia,Batsman,Top Order Aggressor,"Himachal Pradesh Cricket Association Stadium > Punjab Cricket Association Stadium, Mohali > Rajiv Gandhi International Stadium, Uppal > Dr DY Patil Sports Academy",Unknown,Not Available,0,Vulnerable to around-the-wicket seamers angling the ball into his pads.,Attack his stumps with off-spin from round the wicket.,Not a regular bowler.,Explosive opener. Deny him width to cut and slash. Keep the field up on the leg side.,IK Pathan,Not Available,133.1,196.9,0.0,0.0,1,1,Kings XI Punjab
JR Hopes,James Hopes,Australia,All-Rounder,Top Order Aggressor,"Feroz Shah Kotla > Punjab Cricket Association Stadium, Mohali > Wankhede Stadium",Unknown,Not Available,0,Use back-of-a-length deliveries angling across the body. Invite the false drive.,Deploy left-arm orthodox sliding across to restrict strike rotation and build dot pressure.,Play out their good deliveries on merit. Look to capitalize on the missed yorker at the death.,Classical opener. Squeeze their scoring zones on the off-side and force aerial risks.,Z Khan,AT Rayudu,132.8,137.0,8.91,11.26,14,369,Delhi Daredevils
AK Markram,Aiden Markram,South Africa,All-Rounder,Middle Order Anchor,"Bharat Ratna Shri Atal Bihari Vajpayee Ekana Cricket Stadium, Lucknow > Rajiv Gandhi International Stadium, Uppal, Hyderabad > Eden Gardens, Kolkata > Wankhede Stadium, Mumbai",Unknown,Not Available,0,Deploy slow off-cutters gripping into the pitch outside the off-stump.,Use high-quality wrist spin tossed up wide to invite the mistimed slog sweep.,Target this bowler aggressively. High economy rate suggests frequent loose boundary deliveries.,Middle-order anchor. Build dot-ball pressure with tight lines to force a frustrated lofted shot.,SP Narine,DP Conway,132.7,168.5,9.11,8.73,6,226,Lucknow Super Giants
MS Dhoni,MS Dhoni,India,Batsman,Death Over Finisher,"MA Chidambaram Stadium, Chepauk > Maharashtra Cricket Association Stadium > M Chinnaswamy Stadium > Eden Gardens",Unknown,Wicketkeeper,1,Cannot quickly pivot to play the short ball anymore. Bowl extreme pace directed precisely at his ribcage.,"Bowl wide, flat darts outside off stump. Do not bowl into his pads.",Not a regular bowler.,Legendary finisher. Deny him the helicopter shot by attacking the body with raw pace.,Z Khan,Not Available,132.6,166.5,0.0,0.0,0,0,Chennai Super Kings
RD Gaikwad,Ruturaj Gaikwad,India,Batsman,Top Order Aggressor,"MA Chidambaram Stadium, Chepauk, Chennai > Dubai International Cricket Stadium > Wankhede Stadium, Mumbai > Maharashtra Cricket Association Stadium, Pune",Unknown,Not Available,0,Tentative against sharp inswing in the first two overs. Target the front pad.,Gets tucked up by left-arm orthodox sliding into him.,Not a regular bowler.,Classical timer. Deny him width and attack his body with high pace.,Arshdeep Singh,Not Available,132.6,171.0,0.0,0.0,0,0,Chennai Super Kings
SK Raina,Suresh Raina,India,All-Rounder,Middle Order Anchor,"MA Chidambaram Stadium, Chepauk > Wankhede Stadium > Eden Gardens > Saurashtra Cricket Association Stadium",Unknown,Not Available,0,Notorious weakness against aggressive short-pitch bowling aimed at the throat.,Excellent against spin. Bowl flat darts to restrict boundaries.,Part-time off-spinner. Look to rotate strike.,Mr. IPL. Bring on your fastest bowler immediately and enforce a heavy short-ball barrage.,Harbhajan Singh,RR Pant,132.5,165.3,7.21,8.31,25,930,Chennai Super Kings
VR Iyer,Venkatesh Iyer,India,Batsman,Middle Order Anchor,"Eden Gardens, Kolkata > Wankhede Stadium, Mumbai > Sharjah Cricket Stadium > Dubai International Cricket Stadium",Unknown,Not Available,0,Deploy slow off-cutters gripping into the pitch outside the off-stump.,Use high-quality wrist spin tossed up wide to invite the mistimed slog sweep.,Not a regular bowler. Focus purely on strike rotation if they are brought on.,Middle-order anchor. Build dot-ball pressure with tight lines to force a frustrated lofted shot.,M Jansen,RR Pant,132.5,150.4,10.21,9.43,3,84,Royal Challengers Bengaluru
F du Plessis,Faf du Plessis,South Africa,Batsman,Top Order Aggressor,"M Chinnaswamy Stadium, Bengaluru > Wankhede Stadium, Mumbai > MA Chidambaram Stadium, Chepauk > Dubai International Cricket Stadium",Unknown,Not Available,0,Use back-of-a-length deliveries angling across the body. Invite the false drive.,Deploy left-arm orthodox sliding across to restrict strike rotation and build dot pressure.,Not a regular bowler. Focus purely on strike rotation if they are brought on.,Classical opener. Squeeze their scoring zones on the off-side and force aerial risks.,TA Boult,Not Available,132.4,170.6,16.0,16.0,0,6,Royal Challengers Bengaluru
DR Smith,Dwayne Smith,West Indies,All-Rounder,Top Order Aggressor,Wankhede Stadium > Feroz Shah Kotla > Eden Gardens > M Chinnaswamy Stadium,Unknown,Not Available,0,Use back-of-a-length deliveries angling across the body. Invite the false drive.,Deploy left-arm orthodox sliding across to restrict strike rotation and build dot pressure.,Play out their good deliveries on merit. Look to capitalize on the missed yorker at the death.,Classical opener. Squeeze their scoring zones on the off-side and force aerial risks.,Harbhajan Singh,SK Raina,132.3,147.4,8.73,12.4,26,557,Gujarat Lions
C de Grandhomme,Colin de Grandhomme,New Zealand,All-Rounder,Death Over Finisher,Eden Gardens > M.Chinnaswamy Stadium > Rajiv Gandhi International Stadium,Unknown,Not Available,0,Bowl rapid back-of-a-length deliveries targeting the ribcage to cramp them for room.,Keep the ball turning away from their hitting arc.,Play out their good deliveries on merit. Look to capitalize on the missed yorker at the death.,Lower-order batter. Exploit their lack of footwork with aggressive body-line bowling.,S Kaul,SS Iyer,132.3,136.8,8.32,12.43,6,230,Royal Challengers Bangalore
Arshad Khan,Arshad Khan,India,Bowler,Death Over Finisher,"Narendra Modi Stadium, Ahmedabad > Arun Jaitley Stadium, Delhi > Wankhede Stadium, Mumbai > M Chinnaswamy Stadium, Bengaluru",Unknown,Not Available,0,Bowl rapid back-of-a-length deliveries targeting the ribcage to cramp them for room.,Keep the ball turning away from their hitting arc.,Target this bowler aggressively. High economy rate suggests frequent loose boundary deliveries.,Vulnerable to aggressive intent. Look to disrupt their length early in the over.,Kuldeep Yadav,Abishek Porel,132.2,135.6,10.04,12.42,17,336,Lucknow Super Giants
BJ Rohrer,Ben Rohrer,Australia,Batsman,Middle Order Anchor,Sawai Mansingh Stadium,Unknown,Not Available,0,Deploy slow off-cutters gripping into the pitch outside the off-stump.,Use high-quality wrist spin tossed up wide to invite the mistimed slog sweep.,Not a regular bowler. Focus purely on strike rotation if they are brought on.,Middle-order anchor. Build dot-ball pressure with tight lines to force a frustrated lofted shot.,Not Available,Not Available,132.2,219.4,10.29,0.0,0,7,Delhi Daredevils
KP Pietersen,Kevin Pietersen,England,All-Rounder,Middle Order Anchor,"Feroz Shah Kotla > Punjab Cricket Association Stadium, Mohali > Sawai Mansingh Stadium > Newlands",Unknown,Not Available,0,Deploy slow off-cutters gripping into the pitch outside the off-stump.,Use high-quality wrist spin tossed up wide to invite the mistimed slog sweep.,Elite threat. Treat with immense respect. Focus on rotating the strike and attacking others.,Middle-order anchor. Build dot-ball pressure with tight lines to force a frustrated lofted shot.,Harbhajan Singh,KC Sangakkara,132.1,175.7,7.17,9.75,7,180,Rising Pune Supergiants
ML Hayden,Matthew Hayden,Australia,Batsman,Top Order Aggressor,"MA Chidambaram Stadium, Chepauk > Kingsmead > St George's Park > Feroz Shah Kotla",Unknown,Not Available,0,Use back-of-a-length deliveries angling across the body. Invite the false drive.,Deploy left-arm orthodox sliding across to restrict strike rotation and build dot pressure.,Not a regular bowler. Focus purely on strike rotation if they are brought on.,Classical opener. Squeeze their scoring zones on the off-side and force aerial risks.,A Kumble,Not Available,131.9,181.1,0.0,0.0,0,0,Chennai Super Kings
AC Blizzard,Aiden Blizzard,Australia,Batsman,Top Order Aggressor,Wankhede Stadium,Unknown,Not Available,0,Use back-of-a-length deliveries angling across the body. Invite the false drive.,Deploy left-arm orthodox sliding across to restrict strike rotation and build dot pressure.,Not a regular bowler. Focus purely on strike rotation if they are brought on.,Classical opener. Squeeze their scoring zones on the off-side and force aerial risks.,M Morkel,Not Available,131.9,0.0,0.0,0.0,0,0,Mumbai Indians
Q de Kock,Quinton de Kock,South Africa,Batsman,Top Order Aggressor,"Wankhede Stadium > Dubai International Cricket Stadium > Dr DY Patil Sports Academy, Mumbai > Sheikh Zayed Stadium",Unknown,Not Available,0,Use back-of-a-length deliveries angling across the body. Invite the false drive.,Deploy left-arm orthodox sliding across to restrict strike rotation and build dot pressure.,Not a regular bowler. Focus purely on strike rotation if they are brought on.,Classical opener. Squeeze their scoring zones on the off-side and force aerial risks.,YS Chahal,Not Available,131.6,195.1,0.0,0.0,0,0,Lucknow Super Giants
KD Karthik,Dinesh Karthik,India,Batsman,Middle Order Anchor,"Eden Gardens > Feroz Shah Kotla > Wankhede Stadium > Wankhede Stadium, Mumbai",Unknown,Not Available,0,Deploy slow off-cutters gripping into the pitch outside the off-stump.,Use high-quality wrist spin tossed up wide to invite the mistimed slog sweep.,Not a regular bowler. Focus purely on strike rotation if they are brought on.,Middle-order anchor. Build dot-ball pressure with tight lines to force a frustrated lofted shot.,CH Morris,Not Available,131.4,165.4,0.0,0.0,0,0,Royal Challengers Bengaluru
A Badoni,Ayush Badoni,India,Batsman,Middle Order Anchor,"Bharat Ratna Shri Atal Bihari Vajpayee Ekana Cricket Stadium, Lucknow > Wankhede Stadium, Mumbai > Eden Gardens, Kolkata > Himachal Pradesh Cricket Association Stadium, Dharamsala",Unknown,Not Available,0,Deploy slow off-cutters gripping into the pitch outside the off-stump.,Use high-quality wrist spin tossed up wide to invite the mistimed slog sweep.,Not a regular bowler. Focus purely on strike rotation if they are brought on.,Middle-order anchor. Build dot-ball pressure with tight lines to force a frustrated lofted shot.,TA Boult,Not Available,131.2,153.7,9.22,7.12,4,41,Lucknow Super Giants
E Lewis,Evin Lewis,West Indies,Batsman,Top Order Aggressor,"Wankhede Stadium > Dubai International Cricket Stadium > Brabourne Stadium, Mumbai",Unknown,Not Available,0,Use back-of-a-length deliveries angling across the body. Invite the false drive.,Deploy left-arm orthodox sliding across to restrict strike rotation and build dot pressure.,Not a regular bowler. Focus purely on strike rotation if they are brought on.,Classical opener. Squeeze their scoring zones on the off-side and force aerial risks.,DJ Bravo,Not Available,131.1,133.3,0.0,0.0,0,0,Lucknow Super Giants
Harbhajan Singh,Harbhajan Singh,India,All-Rounder,Death Over Finisher,Wankhede Stadium > Eden Gardens > MA Chidambaram Stadium > Feroz Shah Kotla,Unknown,Not Available,0,Bowl rapid back-of-a-length deliveries targeting the ribcage to cramp them for room.,Keep the ball turning away from their hitting arc.,Elite threat. Treat with immense respect. Focus on rotating the strike and attacking others.,Lower-order batter. Exploit their lack of footwork with aggressive body-line bowling.,DJ Bravo,GJ Maxwell,131.0,143.8,6.92,8.04,150,3496,Kolkata Knight Riders
SM Curran,Sam Curran,England,All-Rounder,Middle Order Anchor,"Maharaja Yadavindra Singh International Cricket Stadium, Mullanpur > Punjab Cricket Association IS Bindra Stadium > Wankhede Stadium, Mumbai > Himachal Pradesh Cricket Association Stadium, Dharamsala",Unknown,Not Available,0,"Struggles to get underneath low, dipping full tosses and yorkers at the death.",Bowl off-spin turning away from the left-hander.,Exploit his lack of extreme pace. Look to hit his back-of-length slower balls down the ground.,Smart all-rounder. Respect his cutters but attack his standard length deliveries.,JJ Bumrah,PJ Cummins,131.0,170.8,9.33,10.73,59,1308,Rajasthan Royals
SS Iyer,Shreyas Iyer,India,Batsman,Middle Order Anchor,"Arun Jaitley Stadium > Feroz Shah Kotla > Dubai International Cricket Stadium > Narendra Modi Stadium, Ahmedabad",Unknown,Not Available,0,Deploy slow off-cutters gripping into the pitch outside the off-stump.,Use high-quality wrist spin tossed up wide to invite the mistimed slog sweep.,Not a regular bowler. Focus purely on strike rotation if they are brought on.,Middle-order anchor. Build dot-ball pressure with tight lines to force a frustrated lofted shot.,AD Russell,Not Available,130.9,174.3,7.0,7.0,0,6,Punjab Kings
A Mithun,Abhimanyu Mithun,India,Bowler,Death Over Finisher,Feroz Shah Kotla > M Chinnaswamy Stadium,Unknown,Not Available,0,Bowl rapid back-of-a-length deliveries targeting the ribcage to cramp them for room.,Keep the ball turning away from their hitting arc.,Target this bowler aggressively. High economy rate suggests frequent loose boundary deliveries.,Vulnerable to aggressive intent. Look to disrupt their length early in the over.,Not Available,MS Dhoni,130.8,135.7,9.08,10.87,7,312,Sunrisers Hyderabad
V Kohli,Virat Kohli,India,All-Rounder,Middle Order Anchor,"M Chinnaswamy Stadium > M Chinnaswamy Stadium, Bengaluru > M.Chinnaswamy Stadium > Wankhede Stadium",Unknown,Not Available,0,Exploit his vulnerability to balls angling away outside off stump. Bowl a 4th-stump channel with late away movement.,Use left-arm orthodox sliding across him. Deny him the flick through mid-wicket to build dot-ball pressure.,Not a regular bowler.,Classical anchor. Squeeze his scoring zones on the off-side and force him to take aerial risks against spin.,Sandeep Sharma,MS Bisla,130.4,179.0,8.36,12.44,4,264,Royal Challengers Bengaluru
MS Gony,Manpreet Gony,India,Bowler,Death Over Finisher,"MA Chidambaram Stadium, Chepauk > Punjab Cricket Association Stadium, Mohali > Rajiv Gandhi International Stadium, Uppal > M Chinnaswamy Stadium",Unknown,Not Available,0,Bowl rapid back-of-a-length deliveries targeting the ribcage to cramp them for room.,Keep the ball turning away from their hitting arc.,Play out their good deliveries on merit. Look to capitalize on the missed yorker at the death.,Solid squad bowler. Exploit their lack of raw pace with calculated aggression.,Not Available,CH Gayle,130.3,149.2,8.35,10.06,37,925,Gujarat Lions
BA Stokes,Ben Stokes,England,All-Rounder,Middle Order Anchor,Sawai Mansingh Stadium > Sheikh Zayed Stadium > Maharashtra Cricket Association Stadium > Eden Gardens,Unknown,Not Available,0,Deploy slow off-cutters gripping into the pitch outside the off-stump.,Use high-quality wrist spin tossed up wide to invite the mistimed slog sweep.,Play out their good deliveries on merit. Look to capitalize on the missed yorker at the death.,Middle-order anchor. Build dot-ball pressure with tight lines to force a frustrated lofted shot.,Rashid Khan,MK Pandey,130.2,156.8,8.23,9.03,28,723,Chennai Super Kings
NLTC Perera,Thisara Perera,Sri Lanka,All-Rounder,Death Over Finisher,"Rajiv Gandhi International Stadium, Uppal > Maharashtra Cricket Association Stadium > Feroz Shah Kotla > M Chinnaswamy Stadium",Unknown,Not Available,0,Bowl rapid back-of-a-length deliveries targeting the ribcage to cramp them for room.,Keep the ball turning away from their hitting arc.,Play out their good deliveries on merit. Look to capitalize on the missed yorker at the death.,Lower-order batter. Exploit their lack of footwork with aggressive body-line bowling.,PP Chawla,KA Pollard,130.1,141.3,8.53,10.97,31,715,Rising Pune Supergiants
SE Marsh,Shaun Marsh,Australia,Batsman,Middle Order Anchor,"Punjab Cricket Association Stadium, Mohali > Himachal Pradesh Cricket Association Stadium > Wankhede Stadium > Punjab Cricket Association IS Bindra Stadium, Mohali",Unknown,Not Available,0,Deploy slow off-cutters gripping into the pitch outside the off-stump.,Use high-quality wrist spin tossed up wide to invite the mistimed slog sweep.,Not a regular bowler. Focus purely on strike rotation if they are brought on.,Middle-order anchor. Build dot-ball pressure with tight lines to force a frustrated lofted shot.,B Kumar,Not Available,130.1,151.4,0.0,0.0,0,0,Kings XI Punjab
JP Faulkner,James Faulkner,Australia,All-Rounder,Death Over Finisher,Sawai Mansingh Stadium > Feroz Shah Kotla > Saurashtra Cricket Association Stadium > Brabourne Stadium,Unknown,Not Available,0,Bowl rapid back-of-a-length deliveries targeting the ribcage to cramp them for room.,Keep the ball turning away from their hitting arc.,Play out their good deliveries on merit. Look to capitalize on the missed yorker at the death.,Lower-order batter. Exploit their lack of footwork with aggressive body-line bowling.,JJ Bumrah,GJ Bailey,129.8,149.3,8.39,9.47,61,1287,Gujarat Lions
R Tewatia,Rahul Tewatia,India,All-Rounder,Death Over Finisher,"Sharjah Cricket Stadium > Dubai International Cricket Stadium > Narendra Modi Stadium, Ahmedabad > Wankhede Stadium, Mumbai",Unknown,Not Available,0,Struggles against extreme pace targeted at the badge of the helmet.,He heavily pre-meditates the sweep shot. Bowl fast and flat directly on the stumps.,Play his leg-spin late. Look for gaps rather than aerial shots.,Clutch finisher. Do not give the ball air when he bats. Fire darts into his pads.,K Rabada,Ishan Kishan,129.6,154.3,7.7,7.17,32,866,Gujarat Titans
JD Ryder,Jesse Ryder,New Zealand,All-Rounder,Top Order Aggressor,Dr DY Patil Sports Academy > Subrata Roy Sahara Stadium > Feroz Shah Kotla > M Chinnaswamy Stadium,Unknown,Not Available,0,Use back-of-a-length deliveries angling across the body. Invite the false drive.,Deploy left-arm orthodox sliding across to restrict strike rotation and build dot pressure.,Play out their good deliveries on merit. Look to capitalize on the missed yorker at the death.,Classical opener. Squeeze their scoring zones on the off-side and force aerial risks.,IK Pathan,DJ Hussey,129.6,160.7,7.54,12.69,8,241,Pune Warriors India
Himmat Singh,Himmat Singh,India,New Addition,Middle Order Anchor,Neutral Venues,Unknown,Not Available,0,Deploy slow off-cutters gripping into the pitch outside the off-stump.,Use high-quality wrist spin tossed up wide to invite the mistimed slog sweep.,Not a regular bowler. Focus purely on strike rotation if they are brought on.,Middle-order anchor. Build dot-ball pressure with tight lines to force a frustrated lofted shot.,Not Available,Not Available,129.6,181.8,0.0,0.0,0,0,Royal Challengers Bangalore
AU Rashid,Adil Rashid,England,New Addition,Middle Order Anchor,"Bharat Ratna Shri Atal Bihari Vajpayee Ekana Cricket Stadium, Lucknow",Unknown,Not Available,0,Deploy slow off-cutters gripping into the pitch outside the off-stump.,Use high-quality wrist spin tossed up wide to invite the mistimed slog sweep.,Not a regular bowler. Focus purely on strike rotation if they are brought on.,Middle-order anchor. Build dot-ball pressure with tight lines to force a frustrated lofted shot.,Not Available,SV Samson,129.4,133.3,9.1,10.0,2,60,Sunrisers Hyderabad
PN Mankad,Prerak Mankad,India,Batsman,Top Order Aggressor,"Rajiv Gandhi International Stadium, Uppal, Hyderabad",Unknown,Not Available,0,Use back-of-a-length deliveries angling across the body. Invite the false drive.,Deploy left-arm orthodox sliding across to restrict strike rotation and build dot pressure.,Not a regular bowler. Focus purely on strike rotation if they are brought on.,Classical opener. Squeeze their scoring zones on the off-side and force aerial risks.,T Natarajan,Not Available,129.3,163.6,0.0,0.0,0,0,Lucknow Super Giants
RG Sharma,Rohit Sharma,India,All-Rounder,Middle Order Anchor,"Wankhede Stadium > Wankhede Stadium, Mumbai > Eden Gardens > Rajiv Gandhi International Stadium, Uppal",Unknown,Not Available,0,Attack the front pad immediately. Highly vulnerable to sharp inswinging deliveries in the first 2 overs.,Deploy leg-spin turning away from the bat. Limit his ability to sweep or slog over mid-wicket.,Not a regular bowler.,Lethal puller of the ball. Do NOT bowl short unless it is directed sharply at the armpit.,SP Narine,KC Sangakkara,129.2,174.3,7.79,8.52,15,349,Mumbai Indians
MA Agarwal,Mayank Agarwal,India,Batsman,Top Order Aggressor,Dubai International Cricket Stadium > Punjab Cricket Association IS Bindra Stadium > M Chinnaswamy Stadium > Sharjah Cricket Stadium,Unknown,Not Available,0,Use back-of-a-length deliveries angling across the body. Invite the false drive.,Deploy left-arm orthodox sliding across to restrict strike rotation and build dot pressure.,Not a regular bowler. Focus purely on strike rotation if they are brought on.,Classical opener. Squeeze their scoring zones on the off-side and force aerial risks.,YS Chahal,Not Available,128.8,203.2,0.0,0.0,0,0,Sunrisers Hyderabad
KK Nair,Karun Nair,India,Batsman,Middle Order Anchor,"Feroz Shah Kotla > Sardar Patel Stadium, Motera > Punjab Cricket Association IS Bindra Stadium > M Chinnaswamy Stadium",Unknown,Not Available,0,Deploy slow off-cutters gripping into the pitch outside the off-stump.,Use high-quality wrist spin tossed up wide to invite the mistimed slog sweep.,Not a regular bowler. Focus purely on strike rotation if they are brought on.,Middle-order anchor. Build dot-ball pressure with tight lines to force a frustrated lofted shot.,Harbhajan Singh,Not Available,128.8,171.9,0.0,0.0,0,0,Delhi Capitals
Azmatullah Omarzai,Azmatullah Omarzai,Afghanistan,Bowler,Middle Order Anchor,"Narendra Modi Stadium, Ahmedabad > Sawai Mansingh Stadium, Jaipur",Unknown,Not Available,0,Deploy slow off-cutters gripping into the pitch outside the off-stump.,Use high-quality wrist spin tossed up wide to invite the mistimed slog sweep.,Target this bowler aggressively. High economy rate suggests frequent loose boundary deliveries.,Vulnerable to aggressive intent. Look to disrupt their length early in the over.,Not Available,JM Bairstow,128.6,145.0,9.3,11.88,12,300,Punjab Kings
SN Thakur,Shardul Thakur,India,All-Rounder,Death Over Finisher,"Wankhede Stadium, Mumbai > Dubai International Cricket Stadium > Maharashtra Cricket Association Stadium > Eden Gardens, Kolkata",Unknown,Not Available,0,Bowl rapid back-of-a-length deliveries targeting the ribcage to cramp them for room.,Keep the ball turning away from their hitting arc.,Play out their good deliveries on merit. Look to capitalize on the missed yorker at the death.,Lower-order batter. Exploit their lack of footwork with aggressive body-line bowling.,HV Patel,C Green,128.4,133.5,8.95,9.8,114,2303,Mumbai Indians
Rahmanullah Gurbaz,Rahmanullah Gurbaz,Afghanistan,Batsman,Top Order Aggressor,"Eden Gardens, Kolkata",Unknown,Not Available,0,Use back-of-a-length deliveries angling across the body. Invite the false drive.,Deploy left-arm orthodox sliding across to restrict strike rotation and build dot pressure.,Not a regular bowler. Focus purely on strike rotation if they are brought on.,Classical opener. Squeeze their scoring zones on the off-side and force aerial risks.,Mohammed Siraj,Not Available,128.3,0.0,0.0,0.0,0,0,Kolkata Knight Riders
DJ Mitchell,Daryl Mitchell,New Zealand,Batsman,Middle Order Anchor,"MA Chidambaram Stadium, Chepauk, Chennai > Narendra Modi Stadium, Ahmedabad",Unknown,Not Available,0,Deploy slow off-cutters gripping into the pitch outside the off-stump.,Use high-quality wrist spin tossed up wide to invite the mistimed slog sweep.,Not a regular bowler. Focus purely on strike rotation if they are brought on.,Middle-order anchor. Build dot-ball pressure with tight lines to force a frustrated lofted shot.,K Kartikeya,Shubman Gill,128.1,115.0,11.41,0.0,1,51,Chennai Super Kings
AR Patel,Axar Patel,India,All-Rounder,Middle Order Anchor,"Arun Jaitley Stadium, Delhi > Dubai International Cricket Stadium > Punjab Cricket Association Stadium, Mohali > M Chinnaswamy Stadium",Unknown,Not Available,0,Deploy slow off-cutters gripping into the pitch outside the off-stump.,Use high-quality wrist spin tossed up wide to invite the mistimed slog sweep.,Elite threat. Treat with immense respect. Focus on rotating the strike and attacking others.,Middle-order anchor. Build dot-ball pressure with tight lines to force a frustrated lofted shot.,SP Narine,Priyansh Arya,128.0,145.8,7.31,8.4,136,3542,Delhi Capitals
PHKD Mendis,Kamindu Mendis,Sri Lanka,Batsman,Middle Order Anchor,"MA Chidambaram Stadium, Chepauk, Chennai > Eden Gardens, Kolkata",Unknown,Not Available,0,Deploy slow off-cutters gripping into the pitch outside the off-stump.,Use high-quality wrist spin tossed up wide to invite the mistimed slog sweep.,Not a regular bowler. Focus purely on strike rotation if they are brought on.,Middle-order anchor. Build dot-ball pressure with tight lines to force a frustrated lofted shot.,Not Available,Not Available,127.8,100.0,8.57,0.0,2,42,Sunrisers Hyderabad
PD Collingwood,Paul Collingwood,England,Batsman,Middle Order Anchor,Feroz Shah Kotla,Unknown,Not Available,0,Deploy slow off-cutters gripping into the pitch outside the off-stump.,Use high-quality wrist spin tossed up wide to invite the mistimed slog sweep.,Not a regular bowler. Focus purely on strike rotation if they are brought on.,Middle-order anchor. Build dot-ball pressure with tight lines to force a frustrated lofted shot.,R Sharma,SS Tiwary,127.7,180.0,6.73,5.48,5,90,Delhi Daredevils
S Narwal,Sumit Narwal,India,New Addition,Death Over Finisher,"Feroz Shah Kotla > Sardar Patel Stadium, Motera",Unknown,Not Available,0,Bowl rapid back-of-a-length deliveries targeting the ribcage to cramp them for room.,Keep the ball turning away from their hitting arc.,Not a regular bowler. Focus purely on strike rotation if they are brought on.,Lower-order batter. Exploit their lack of footwork with aggressive body-line bowling.,Not Available,M Vijay,127.6,131.6,10.73,19.67,5,113,Kolkata Knight Riders
KH Pandya,Krunal Pandya,India,All-Rounder,Middle Order Anchor,"Wankhede Stadium > Bharat Ratna Shri Atal Bihari Vajpayee Ekana Cricket Stadium, Lucknow > Wankhede Stadium, Mumbai > M Chinnaswamy Stadium, Bengaluru",Unknown,Not Available,0,Deploy slow off-cutters gripping into the pitch outside the off-stump.,Use high-quality wrist spin tossed up wide to invite the mistimed slog sweep.,Elite threat. Treat with immense respect. Focus on rotating the strike and attacking others.,Middle-order anchor. Build dot-ball pressure with tight lines to force a frustrated lofted shot.,GJ Maxwell,MM Ali,127.4,149.1,7.35,8.26,102,2632,Royal Challengers Bengaluru
Sikandar Raza,Sikandar Raza,Zimbabwe,Batsman,Middle Order Anchor,"Bharat Ratna Shri Atal Bihari Vajpayee Ekana Cricket Stadium, Lucknow > Punjab Cricket Association IS Bindra Stadium, Mohali, Chandigarh",Unknown,Not Available,0,Target primary weakness: Exploit raw pace. Use well-directed bouncers at the body and yorkers to trap them.,Alternate Tactic (Spin): Toss it up wide of off-stump. Force them to generate their own power by taking the pace off.,Target this bowler aggressively. High economy rate suggests frequent boundary deliveries. Look for gaps early. ,"Sikandar Raza is a Middle Order Anchor. Strongest at Bharat Ratna Shri Atal Bihari Vajpayee Ekana Cricket Stadium, Lucknow. Beware of K Gowtham who owns this matchup.",K Gowtham,Not Available,127.3,123.7,9.61,0.0,3,88,Punjab Kings
TR Birt,Travis Birt,Australia,Batsman,Death Over Finisher,Neutral Venues,Unknown,Not Available,0,Bowl rapid back-of-a-length deliveries targeting the ribcage to cramp them for room.,Keep the ball turning away from their hitting arc.,Not a regular bowler. Focus purely on strike rotation if they are brought on.,Lower-order batter. Exploit their lack of footwork with aggressive body-line bowling.,Not Available,Not Available,127.1,162.2,0.0,0.0,0,0,Delhi Daredevils
BB McCullum,Brendon McCullum,New Zealand,Batsman,Top Order Aggressor,"Eden Gardens > MA Chidambaram Stadium, Chepauk > Saurashtra Cricket Association Stadium > M Chinnaswamy Stadium",Unknown,Not Available,0,Use back-of-a-length deliveries angling across the body. Invite the false drive.,Deploy left-arm orthodox sliding across to restrict strike rotation and build dot pressure.,Not a regular bowler. Focus purely on strike rotation if they are brought on.,Classical opener. Squeeze their scoring zones on the off-side and force aerial risks.,AR Patel,Not Available,126.8,181.0,0.0,0.0,0,0,Kolkata Knight Riders
SM Pollock,Shaun Pollock,South Africa,All-Rounder,Middle Order Anchor,Wankhede Stadium > Dr DY Patil Sports Academy,Unknown,Not Available,0,Deploy slow off-cutters gripping into the pitch outside the off-stump.,Use high-quality wrist spin tossed up wide to invite the mistimed slog sweep.,Elite threat. Treat with immense respect. Focus on rotating the strike and attacking others.,Middle-order anchor. Build dot-ball pressure with tight lines to force a frustrated lofted shot.,Not Available,KC Sangakkara,126.7,181.8,6.45,8.0,11,280,Mumbai Indians
Gulbadin Naib,Gulbadin Naib,Afghanistan,New Addition,Death Over Finisher,Neutral Venues,Unknown,Not Available,0,Bowl rapid back-of-a-length deliveries targeting the ribcage to cramp them for room.,Keep the ball turning away from their hitting arc.,Not a regular bowler. Focus purely on strike rotation if they are brought on.,Lower-order batter. Exploit their lack of footwork with aggressive body-line bowling.,Not Available,Not Available,126.7,150.0,12.0,0.0,0,6,Delhi Capitals
D Padikkal,Devdutt Padikkal,India,Batsman,Middle Order Anchor,"Wankhede Stadium, Mumbai > M Chinnaswamy Stadium, Bengaluru > Dubai International Cricket Stadium > Sheikh Zayed Stadium",Unknown,Not Available,0,Deploy slow off-cutters gripping into the pitch outside the off-stump.,Use high-quality wrist spin tossed up wide to invite the mistimed slog sweep.,Not a regular bowler. Focus purely on strike rotation if they are brought on.,Middle-order anchor. Build dot-ball pressure with tight lines to force a frustrated lofted shot.,Rashid Khan,Not Available,126.6,135.3,0.0,0.0,0,0,Royal Challengers Bengaluru
AC Voges,Adam Voges,Australia,Batsman,Middle Order Anchor,"Sardar Patel Stadium, Motera > Sawai Mansingh Stadium",Unknown,Not Available,0,Deploy slow off-cutters gripping into the pitch outside the off-stump.,Use high-quality wrist spin tossed up wide to invite the mistimed slog sweep.,Not a regular bowler. Focus purely on strike rotation if they are brought on.,Middle-order anchor. Build dot-ball pressure with tight lines to force a frustrated lofted shot.,Not Available,Not Available,126.6,151.8,8.14,5.0,0,56,Rajasthan Royals
RV Uthappa,Robin Uthappa,India,Batsman,Middle Order Anchor,Eden Gardens > Subrata Roy Sahara Stadium > M Chinnaswamy Stadium > Wankhede Stadium,Unknown,Not Available,0,Deploy slow off-cutters gripping into the pitch outside the off-stump.,Use high-quality wrist spin tossed up wide to invite the mistimed slog sweep.,Not a regular bowler. Focus purely on strike rotation if they are brought on.,Middle-order anchor. Build dot-ball pressure with tight lines to force a frustrated lofted shot.,R Ashwin,Not Available,126.2,165.3,0.0,0.0,0,0,Chennai Super Kings
SM Katich,Simon Katich,Australia,Batsman,Top Order Aggressor,"Punjab Cricket Association Stadium, Mohali",Unknown,Not Available,0,Use back-of-a-length deliveries angling across the body. Invite the false drive.,Deploy left-arm orthodox sliding across to restrict strike rotation and build dot pressure.,Not a regular bowler. Focus purely on strike rotation if they are brought on.,Classical opener. Squeeze their scoring zones on the off-side and force aerial risks.,MF Maharoof,Not Available,126.2,125.0,0.0,0.0,0,0,Kings XI Punjab
Ankit Sharma,Ankit Sharma,India,Bowler,Death Over Finisher,"JSCA International Stadium Complex > Sardar Patel Stadium, Motera > Barabati Stadium",Unknown,Not Available,0,Bowl rapid back-of-a-length deliveries targeting the ribcage to cramp them for room.,Keep the ball turning away from their hitting arc.,Elite threat. Treat with immense respect. Focus on rotating the strike and attacking others.,Frontline strike bowler. See off their best spells and attack the weaker backups.,S Badree,AB de Villiers,126.1,137.1,7.2,11.31,12,375,Rising Pune Supergiant
S Vidyut,Vidyut Sivaramakrishnan,India,Batsman,Top Order Aggressor,"MA Chidambaram Stadium, Chepauk",Unknown,Not Available,0,Use back-of-a-length deliveries angling across the body. Invite the false drive.,Deploy left-arm orthodox sliding across to restrict strike rotation and build dot pressure.,Not a regular bowler. Focus purely on strike rotation if they are brought on.,Classical opener. Squeeze their scoring zones on the off-side and force aerial risks.,PJ Sangwan,Not Available,126.1,0.0,10.15,0.0,1,13,Chennai Super Kings
SW Billings,Sam Billings,England,Batsman,Middle Order Anchor,"Feroz Shah Kotla > MA Chidambaram Stadium > Dr DY Patil Sports Academy, Mumbai > Maharashtra Cricket Association Stadium, Pune",Unknown,Not Available,0,Deploy slow off-cutters gripping into the pitch outside the off-stump.,Use high-quality wrist spin tossed up wide to invite the mistimed slog sweep.,Not a regular bowler. Focus purely on strike rotation if they are brought on.,Middle-order anchor. Build dot-ball pressure with tight lines to force a frustrated lofted shot.,UT Yadav,Not Available,126.1,166.2,0.0,0.0,0,0,Kolkata Knight Riders
STR Binny,Stuart Binny,India,All-Rounder,Middle Order Anchor,"Sawai Mansingh Stadium > M Chinnaswamy Stadium > Eden Gardens > Sardar Patel Stadium, Motera",Unknown,Not Available,0,Deploy slow off-cutters gripping into the pitch outside the off-stump.,Use high-quality wrist spin tossed up wide to invite the mistimed slog sweep.,Elite threat. Treat with immense respect. Focus on rotating the strike and attacking others.,Middle-order anchor. Build dot-ball pressure with tight lines to force a frustrated lofted shot.,MG Johnson,MEK Hussey,125.7,149.2,7.44,9.54,22,611,Rajasthan Royals
CL White,Cameron White,Australia,Batsman,Middle Order Anchor,"Rajiv Gandhi International Stadium, Uppal > M Chinnaswamy Stadium > MA Chidambaram Stadium, Chepauk > Punjab Cricket Association Stadium, Mohali",Unknown,Not Available,0,Deploy slow off-cutters gripping into the pitch outside the off-stump.,Use high-quality wrist spin tossed up wide to invite the mistimed slog sweep.,Not a regular bowler. Focus purely on strike rotation if they are brought on.,Middle-order anchor. Build dot-ball pressure with tight lines to force a frustrated lofted shot.,MN Samuels,Not Available,125.5,182.4,11.22,0.0,1,46,Sunrisers Hyderabad
M Vohra,Manan Vohra,India,Batsman,Top Order Aggressor,"Rajiv Gandhi International Stadium, Uppal > Punjab Cricket Association Stadium, Mohali > Punjab Cricket Association IS Bindra Stadium, Mohali > Eden Gardens",Unknown,Not Available,0,Use back-of-a-length deliveries angling across the body. Invite the false drive.,Deploy left-arm orthodox sliding across to restrict strike rotation and build dot pressure.,Not a regular bowler. Focus purely on strike rotation if they are brought on.,Classical opener. Squeeze their scoring zones on the off-side and force aerial risks.,Imran Tahir,Not Available,125.5,221.4,0.0,0.0,0,0,Lucknow Super Giants
V Shankar,Vijay Shankar,India,All-Rounder,Middle Order Anchor,"MA Chidambaram Stadium, Chepauk, Chennai > Dubai International Cricket Stadium > Narendra Modi Stadium, Ahmedabad > Arun Jaitley Stadium",Unknown,Not Available,0,Deploy slow off-cutters gripping into the pitch outside the off-stump.,Use high-quality wrist spin tossed up wide to invite the mistimed slog sweep.,Play out their good deliveries on merit. Look to capitalize on the missed yorker at the death.,Middle-order anchor. Build dot-ball pressure with tight lines to force a frustrated lofted shot.,PP Chawla,N Rana,125.2,158.5,8.0,7.76,9,258,Gujarat Titans
DJ Bravo,Dwayne Bravo,West Indies,All-Rounder,Middle Order Anchor,"MA Chidambaram Stadium, Chepauk > Wankhede Stadium > Eden Gardens > Rajiv Gandhi International Stadium, Uppal",Unknown,Not Available,0,Deploy slow off-cutters gripping into the pitch outside the off-stump.,Use high-quality wrist spin tossed up wide to invite the mistimed slog sweep.,Play out their good deliveries on merit. Look to capitalize on the missed yorker at the death.,Middle-order anchor. Build dot-ball pressure with tight lines to force a frustrated lofted shot.,JJ Bumrah,AD Russell,125.1,167.7,7.94,8.86,183,3296,Chennai Super Kings
A Choudhary,Aniket Choudhary,India,New Addition,Death Over Finisher,M Chinnaswamy Stadium,Unknown,Not Available,0,Bowl rapid back-of-a-length deliveries targeting the ribcage to cramp them for room.,Keep the ball turning away from their hitting arc.,Not a regular bowler. Focus purely on strike rotation if they are brought on.,Lower-order batter. Exploit their lack of footwork with aggressive body-line bowling.,Not Available,Not Available,125.0,125.0,8.0,8.89,5,108,Royal Challengers Bangalore
Arshad Khan (2),Arshad Khan,India,New Addition,Death Over Finisher,Neutral Venues,Unknown,Not Available,0,Bowl rapid back-of-a-length deliveries targeting the ribcage to cramp them for room.,Keep the ball turning away from their hitting arc.,Not a regular bowler. Focus purely on strike rotation if they are brought on.,Lower-order batter. Exploit their lack of footwork with aggressive body-line bowling.,Not Available,Not Available,125.0,125.0,11.08,0.0,0,13,Lucknow Super Giants
OA Shah,Owais Shah,England,Batsman,Middle Order Anchor,Sawai Mansingh Stadium > Wankhede Stadium > Eden Gardens > M Chinnaswamy Stadium,Unknown,Not Available,0,Deploy slow off-cutters gripping into the pitch outside the off-stump.,Use high-quality wrist spin tossed up wide to invite the mistimed slog sweep.,Not a regular bowler. Focus purely on strike rotation if they are brought on.,Middle-order anchor. Build dot-ball pressure with tight lines to force a frustrated lofted shot.,SP Narine,Not Available,124.9,150.3,0.0,0.0,0,0,Rajasthan Royals
RA Jadeja,Ravindra Jadeja,India,All-Rounder,Middle Order Anchor,"MA Chidambaram Stadium, Chepauk, Chennai > MA Chidambaram Stadium, Chepauk > Dubai International Cricket Stadium > Wankhede Stadium, Mumbai",Unknown,Not Available,0,Deploy slow off-cutters gripping into the pitch outside the off-stump.,Use high-quality wrist spin tossed up wide to invite the mistimed slog sweep.,Play out their good deliveries on merit. Look to capitalize on the missed yorker at the death.,Middle-order anchor. Build dot-ball pressure with tight lines to force a frustrated lofted shot.,A Mishra,CH Gayle,124.8,143.0,7.54,8.55,177,4261,Rajasthan Royals
MC Henriques,Moises Henriques,Australia,All-Rounder,Middle Order Anchor,"Rajiv Gandhi International Stadium, Uppal > Feroz Shah Kotla > Dr. Y.S. Rajasekhara Reddy ACA-VDCA Cricket Stadium > M Chinnaswamy Stadium",Unknown,Not Available,0,Deploy slow off-cutters gripping into the pitch outside the off-stump.,Use high-quality wrist spin tossed up wide to invite the mistimed slog sweep.,Play out their good deliveries on merit. Look to capitalize on the missed yorker at the death.,Middle-order anchor. Build dot-ball pressure with tight lines to force a frustrated lofted shot.,SR Watson,AJ Finch,124.8,164.2,7.9,9.15,42,979,Punjab Kings
Yuvraj Singh,Yuvraj Singh,India,All-Rounder,Middle Order Anchor,"M Chinnaswamy Stadium > Dr DY Patil Sports Academy > Punjab Cricket Association Stadium, Mohali > Rajiv Gandhi International Stadium, Uppal",Unknown,Not Available,0,Deploy slow off-cutters gripping into the pitch outside the off-stump.,Use high-quality wrist spin tossed up wide to invite the mistimed slog sweep.,Elite threat. Treat with immense respect. Focus on rotating the strike and attacking others.,Middle-order anchor. Build dot-ball pressure with tight lines to force a frustrated lofted shot.,UT Yadav,YK Pathan,124.8,169.3,7.33,8.0,36,882,Mumbai Indians
Azhar Mahmood,Azhar Mahmood,Pakistan,All-Rounder,Middle Order Anchor,"Punjab Cricket Association Stadium, Mohali > Himachal Pradesh Cricket Association Stadium > M Chinnaswamy Stadium > MA Chidambaram Stadium, Chepauk",Unknown,Not Available,0,Deploy slow off-cutters gripping into the pitch outside the off-stump.,Use high-quality wrist spin tossed up wide to invite the mistimed slog sweep.,Play out their good deliveries on merit. Look to capitalize on the missed yorker at the death.,Middle-order anchor. Build dot-ball pressure with tight lines to force a frustrated lofted shot.,Harbhajan Singh,RG Sharma,124.8,130.9,7.61,9.36,29,552,Kolkata Knight Riders
SPD Smith,Steve Smith,Australia,Batsman,Middle Order Anchor,Maharashtra Cricket Association Stadium > Sawai Mansingh Stadium > Sharjah Cricket Stadium > Subrata Roy Sahara Stadium,Unknown,Not Available,0,Deploy slow off-cutters gripping into the pitch outside the off-stump.,Use high-quality wrist spin tossed up wide to invite the mistimed slog sweep.,Not a regular bowler. Focus purely on strike rotation if they are brought on.,Middle-order anchor. Build dot-ball pressure with tight lines to force a frustrated lofted shot.,RA Jadeja,Not Available,124.8,159.7,15.0,15.0,0,2,Delhi Capitals
A Symonds,Andrew Symonds,Australia,All-Rounder,Middle Order Anchor,"Barabati Stadium > New Wanderers Stadium > Rajiv Gandhi International Stadium, Uppal > Eden Gardens",Unknown,Not Available,0,Deploy slow off-cutters gripping into the pitch outside the off-stump.,Use high-quality wrist spin tossed up wide to invite the mistimed slog sweep.,Elite threat. Treat with immense respect. Focus on rotating the strike and attacking others.,Middle-order anchor. Build dot-ball pressure with tight lines to force a frustrated lofted shot.,A Mishra,V Sehwag,124.7,148.7,7.49,10.24,20,540,Mumbai Indians
AT Rayudu,Ambati Rayudu,India,Batsman,Middle Order Anchor,Wankhede Stadium > Dubai International Cricket Stadium > M Chinnaswamy Stadium > Maharashtra Cricket Association Stadium,Unknown,Not Available,0,Deploy slow off-cutters gripping into the pitch outside the off-stump.,Use high-quality wrist spin tossed up wide to invite the mistimed slog sweep.,Not a regular bowler. Focus purely on strike rotation if they are brought on.,Middle-order anchor. Build dot-ball pressure with tight lines to force a frustrated lofted shot.,MM Sharma,Not Available,124.6,162.6,0.0,0.0,0,0,Chennai Super Kings
AD Hales,Alex Hales,England,Batsman,Top Order Aggressor,Neutral Venues,Unknown,Not Available,0,Use back-of-a-length deliveries angling across the body. Invite the false drive.,Deploy left-arm orthodox sliding across to restrict strike rotation and build dot pressure.,Not a regular bowler. Focus purely on strike rotation if they are brought on.,Classical opener. Squeeze their scoring zones on the off-side and force aerial risks.,TA Boult,Not Available,124.4,0.0,0.0,0.0,0,0,Kolkata Knight Riders
JO Holder,Jason Holder,West Indies,All-Rounder,Death Over Finisher,"Sharjah Cricket Stadium > Dubai International Cricket Stadium > Dr DY Patil Sports Academy, Mumbai > Zayed Cricket Stadium, Abu Dhabi",Unknown,Not Available,0,Bowl rapid back-of-a-length deliveries targeting the ribcage to cramp them for room.,Keep the ball turning away from their hitting arc.,Play out their good deliveries on merit. Look to capitalize on the missed yorker at the death.,Lower-order batter. Exploit their lack of footwork with aggressive body-line bowling.,HV Patel,SO Hetmyer,124.1,133.1,8.27,8.96,56,1122,Gujarat Titans
WP Saha,Wriddhiman Saha,India,Batsman,Top Order Aggressor,"Eden Gardens > Narendra Modi Stadium, Ahmedabad > M Chinnaswamy Stadium > Punjab Cricket Association Stadium, Mohali",Unknown,Not Available,0,Use back-of-a-length deliveries angling across the body. Invite the false drive.,Deploy left-arm orthodox sliding across to restrict strike rotation and build dot pressure.,Not a regular bowler. Focus purely on strike rotation if they are brought on.,Classical opener. Squeeze their scoring zones on the off-side and force aerial risks.,Mohammed Siraj,Not Available,123.9,153.9,0.0,0.0,0,0,Gujarat Titans
MV Boucher,Mark Boucher,South Africa,Batsman,Death Over Finisher,St George's Park > M Chinnaswamy Stadium,Unknown,Not Available,0,Bowl rapid back-of-a-length deliveries targeting the ribcage to cramp them for room.,Keep the ball turning away from their hitting arc.,Not a regular bowler. Focus purely on strike rotation if they are brought on.,Lower-order batter. Exploit their lack of footwork with aggressive body-line bowling.,PJ Sangwan,Not Available,123.9,154.6,0.0,0.0,0,0,Royal Challengers Bangalore
MN van Wyk,Morne van Wyk,South Africa,Batsman,Middle Order Anchor,Kingsmead,Unknown,Not Available,0,Deploy slow off-cutters gripping into the pitch outside the off-stump.,Use high-quality wrist spin tossed up wide to invite the mistimed slog sweep.,Not a regular bowler. Focus purely on strike rotation if they are brought on.,Middle-order anchor. Build dot-ball pressure with tight lines to force a frustrated lofted shot.,R Bhatia,Not Available,123.7,153.5,0.0,0.0,0,0,Kolkata Knight Riders
Washington Sundar,Washington Sundar,India,All-Rounder,Death Over Finisher,"M.Chinnaswamy Stadium > Rajiv Gandhi International Stadium, Uppal, Hyderabad > Dubai International Cricket Stadium > Wankhede Stadium, Mumbai",Unknown,Deep Mid-Wicket,6,Alternate Tactic (Pace): Bowl hard lengths outside off-stump. Use off-cutters rolling fingers over the seam to disrupt timing.,"Target primary weakness: Exploit the spinning ball, use variations in flight and turn away from the bat.","Play out his deliveries on merit and wait for loose balls. Historically, SV Samson completely owns this bowler. Emulate that aggressive footprint.",Washington Sundar is a Death Over Finisher. Strongest at M.Chinnaswamy Stadium. Beware of Ravi Bishnoi who owns this matchup. Keep away from SV Samson who hits them at will.,Ravi Bishnoi,SV Samson,123.6,136.8,7.68,9.44,40,1162,Gujarat Titans
S Dhawan,Shikhar Dhawan,India,Batsman,Top Order Aggressor,"Rajiv Gandhi International Stadium, Uppal > Feroz Shah Kotla > Dubai International Cricket Stadium > Wankhede Stadium, Mumbai",Unknown,Not Available,0,Use back-of-a-length deliveries angling across the body. Invite the false drive.,Deploy left-arm orthodox sliding across to restrict strike rotation and build dot pressure.,Not a regular bowler. Focus purely on strike rotation if they are brought on.,Classical opener. Squeeze their scoring zones on the off-side and force aerial risks.,Rashid Khan,Not Available,123.5,155.7,8.08,0.0,4,49,Punjab Kings
CJ Anderson,Corey Anderson,New Zealand,All-Rounder,Middle Order Anchor,Wankhede Stadium > Feroz Shah Kotla > Dubai International Cricket Stadium > Eden Gardens,Unknown,Not Available,0,Deploy slow off-cutters gripping into the pitch outside the off-stump.,Use high-quality wrist spin tossed up wide to invite the mistimed slog sweep.,Target this bowler aggressively. High economy rate suggests frequent loose boundary deliveries.,Middle-order anchor. Build dot-ball pressure with tight lines to force a frustrated lofted shot.,SP Narine,F du Plessis,123.4,159.1,9.87,12.06,11,315,Royal Challengers Bangalore
DJ Hooda,Deepak Hooda,India,All-Rounder,Middle Order Anchor,"Wankhede Stadium, Mumbai > Rajiv Gandhi International Stadium, Uppal > Bharat Ratna Shri Atal Bihari Vajpayee Ekana Cricket Stadium, Lucknow > MA Chidambaram Stadium, Chepauk, Chennai",Unknown,Not Available,0,Deploy slow off-cutters gripping into the pitch outside the off-stump.,Use high-quality wrist spin tossed up wide to invite the mistimed slog sweep.,Play out their good deliveries on merit. Look to capitalize on the missed yorker at the death.,Middle-order anchor. Build dot-ball pressure with tight lines to force a frustrated lofted shot.,YS Chahal,SE Marsh,123.4,137.1,8.38,13.26,10,391,Lucknow Super Giants
AJ Finch,Aaron Finch,Australia,Batsman,Top Order Aggressor,"Dubai International Cricket Stadium > M Chinnaswamy Stadium > Rajiv Gandhi International Stadium, Uppal > Subrata Roy Sahara Stadium",Unknown,Not Available,0,Use back-of-a-length deliveries angling across the body. Invite the false drive.,Deploy left-arm orthodox sliding across to restrict strike rotation and build dot pressure.,Not a regular bowler. Focus purely on strike rotation if they are brought on.,Classical opener. Squeeze their scoring zones on the off-side and force aerial risks.,MG Johnson,SR Tendulkar,123.3,153.3,9.14,5.14,1,44,Kolkata Knight Riders
KS Williamson,Kane Williamson,New Zealand,Batsman,Middle Order Anchor,"Rajiv Gandhi International Stadium > Rajiv Gandhi International Stadium, Uppal > Dubai International Cricket Stadium > Sheikh Zayed Stadium",Unknown,Not Available,0,Deploy slow off-cutters gripping into the pitch outside the off-stump.,Use high-quality wrist spin tossed up wide to invite the mistimed slog sweep.,Not a regular bowler. Focus purely on strike rotation if they are brought on.,Middle-order anchor. Build dot-ball pressure with tight lines to force a frustrated lofted shot.,Mohammed Shami,Not Available,123.0,160.3,10.33,0.0,0,18,Gujarat Titans
LMP Simmons,Lendl Simmons,West Indies,Batsman,Top Order Aggressor,"Wankhede Stadium > Punjab Cricket Association Stadium, Mohali > Rajiv Gandhi International Stadium, Uppal > Feroz Shah Kotla",Unknown,Not Available,0,Use back-of-a-length deliveries angling across the body. Invite the false drive.,Deploy left-arm orthodox sliding across to restrict strike rotation and build dot pressure.,Not a regular bowler. Focus purely on strike rotation if they are brought on.,Classical opener. Squeeze their scoring zones on the off-side and force aerial risks.,Ankit Sharma,Not Available,122.9,147.4,11.33,12.0,1,18,Mumbai Indians
C Munro,Colin Munro,New Zealand,Batsman,Top Order Aggressor,Neutral Venues,Unknown,Not Available,0,Use back-of-a-length deliveries angling across the body. Invite the false drive.,Deploy left-arm orthodox sliding across to restrict strike rotation and build dot pressure.,Not a regular bowler. Focus purely on strike rotation if they are brought on.,Classical opener. Squeeze their scoring zones on the off-side and force aerial risks.,Harbhajan Singh,Not Available,122.9,66.7,7.5,0.0,0,12,Delhi Capitals
AS Roy,Anukul Roy,India,Bowler,Death Over Finisher,"Eden Gardens, Kolkata > Arun Jaitley Stadium, Delhi",Unknown,Not Available,0,Bowl rapid back-of-a-length deliveries targeting the ribcage to cramp them for room.,Keep the ball turning away from their hitting arc.,Play out their good deliveries on merit. Look to capitalize on the missed yorker at the death.,Solid squad bowler. Exploit their lack of raw pace with calculated aggression.,Not Available,SV Samson,122.6,160.0,7.96,7.38,11,270,Kolkata Knight Riders
AS Yadav,Arjun Singh Yadav,India,Batsman,Death Over Finisher,Neutral Venues,Unknown,Not Available,0,Bowl rapid back-of-a-length deliveries targeting the ribcage to cramp them for room.,Keep the ball turning away from their hitting arc.,Not a regular bowler. Focus purely on strike rotation if they are brought on.,Lower-order batter. Exploit their lack of footwork with aggressive body-line bowling.,Not Available,Not Available,122.5,130.0,0.0,0.0,0,0,Deccan Chargers
DNT Zoysa,Nuwan Zoysa,Sri Lanka,New Addition,Death Over Finisher,Neutral Venues,Unknown,Not Available,0,Bowl rapid back-of-a-length deliveries targeting the ribcage to cramp them for room.,Keep the ball turning away from their hitting arc.,Not a regular bowler. Focus purely on strike rotation if they are brought on.,Lower-order batter. Exploit their lack of footwork with aggressive body-line bowling.,Not Available,ST Jayasuriya,122.2,125.0,8.61,9.9,2,69,Deccan Chargers
SA Abbott,Sean Abbott,Australia,New Addition,Death Over Finisher,Neutral Venues,Unknown,Not Available,0,Bowl rapid back-of-a-length deliveries targeting the ribcage to cramp them for room.,Keep the ball turning away from their hitting arc.,Not a regular bowler. Focus purely on strike rotation if they are brought on.,Lower-order batter. Exploit their lack of footwork with aggressive body-line bowling.,Not Available,DA Warner,122.2,146.7,10.58,15.43,1,59,Sunrisers Hyderabad
AM Rahane,Ajinkya Rahane,India,Batsman,Top Order Aggressor,"Sawai Mansingh Stadium > Eden Gardens, Kolkata > Maharashtra Cricket Association Stadium > Sardar Patel Stadium, Motera",Unknown,Not Available,0,Use back-of-a-length deliveries angling across the body. Invite the false drive.,Deploy left-arm orthodox sliding across to restrict strike rotation and build dot pressure.,Not a regular bowler. Focus purely on strike rotation if they are brought on.,Classical opener. Squeeze their scoring zones on the off-side and force aerial risks.,B Kumar,Not Available,122.0,154.2,5.0,0.0,1,6,Kolkata Knight Riders
B Lee,Brett Lee,Australia,All-Rounder,Death Over Finisher,"Punjab Cricket Association Stadium, Mohali > Sawai Mansingh Stadium > Eden Gardens > OUTsurance Oval",Unknown,Not Available,0,Bowl rapid back-of-a-length deliveries targeting the ribcage to cramp them for room.,Keep the ball turning away from their hitting arc.,Elite threat. Treat with immense respect. Focus on rotating the strike and attacking others.,Lower-order batter. Exploit their lack of footwork with aggressive body-line bowling.,Not Available,BJ Hodge,121.6,121.7,7.17,8.34,25,916,Kolkata Knight Riders
BJ Hodge,Brad Hodge,Australia,All-Rounder,Middle Order Anchor,Sawai Mansingh Stadium > St George's Park > Holkar Cricket Stadium > Dr DY Patil Sports Academy,Unknown,Not Available,0,Deploy slow off-cutters gripping into the pitch outside the off-stump.,Use high-quality wrist spin tossed up wide to invite the mistimed slog sweep.,Play out their good deliveries on merit. Look to capitalize on the missed yorker at the death.,Middle-order anchor. Build dot-ball pressure with tight lines to force a frustrated lofted shot.,A Nehra,HH Gibbs,121.4,157.4,7.64,7.67,17,238,Rajasthan Royals
P Negi,Pawan Negi,India,All-Rounder,Death Over Finisher,M Chinnaswamy Stadium > M.Chinnaswamy Stadium > Feroz Shah Kotla > Eden Gardens,Unknown,Not Available,0,Bowl rapid back-of-a-length deliveries targeting the ribcage to cramp them for room.,Keep the ball turning away from their hitting arc.,Play out their good deliveries on merit. Look to capitalize on the missed yorker at the death.,Lower-order batter. Exploit their lack of footwork with aggressive body-line bowling.,SL Malinga,HH Pandya,121.3,134.6,7.69,10.52,34,733,Royal Challengers Bangalore
UT Khawaja,Usman Khawaja,Australia,Batsman,Top Order Aggressor,Dr. Y.S. Rajasekhara Reddy ACA-VDCA Cricket Stadium,Unknown,Not Available,0,Use back-of-a-length deliveries angling across the body. Invite the false drive.,Deploy left-arm orthodox sliding across to restrict strike rotation and build dot pressure.,Not a regular bowler. Focus purely on strike rotation if they are brought on.,Classical opener. Squeeze their scoring zones on the off-side and force aerial risks.,Not Available,Not Available,121.0,0.0,0.0,0.0,0,0,Rising Pune Supergiants
AD Mathews,Angelo Mathews,Sri Lanka,All-Rounder,Middle Order Anchor,Eden Gardens > Subrata Roy Sahara Stadium > Feroz Shah Kotla > Sawai Mansingh Stadium,Unknown,Not Available,0,Deploy slow off-cutters gripping into the pitch outside the off-stump.,Use high-quality wrist spin tossed up wide to invite the mistimed slog sweep.,Play out their good deliveries on merit. Look to capitalize on the missed yorker at the death.,Middle-order anchor. Build dot-ball pressure with tight lines to force a frustrated lofted shot.,UT Yadav,A Ashish Reddy,120.9,147.1,8.02,8.63,27,807,Delhi Daredevils
JP Duminy,JP Duminy,South Africa,All-Rounder,Middle Order Anchor,"Feroz Shah Kotla > Rajiv Gandhi International Stadium, Uppal > Dr. Y.S. Rajasekhara Reddy ACA-VDCA Cricket Stadium > Wankhede Stadium",Unknown,Not Available,0,Deploy slow off-cutters gripping into the pitch outside the off-stump.,Use high-quality wrist spin tossed up wide to invite the mistimed slog sweep.,Elite threat. Treat with immense respect. Focus on rotating the strike and attacking others.,Middle-order anchor. Build dot-ball pressure with tight lines to force a frustrated lofted shot.,IC Pandey,MK Pandey,120.8,166.4,7.14,9.16,23,701,Mumbai Indians
Mandeep Singh,Mandeep Singh,India,Batsman,Top Order Aggressor,"Punjab Cricket Association Stadium, Mohali > M Chinnaswamy Stadium > M.Chinnaswamy Stadium > Eden Gardens",Unknown,Not Available,0,Use back-of-a-length deliveries angling across the body. Invite the false drive.,Deploy left-arm orthodox sliding across to restrict strike rotation and build dot pressure.,Not a regular bowler. Focus purely on strike rotation if they are brought on.,Classical opener. Squeeze their scoring zones on the off-side and force aerial risks.,AR Patel,Not Available,120.3,146.4,13.0,0.0,0,12,Kolkata Knight Riders
LA Pomersbach,Luke Pomersbach,Australia,Batsman,Middle Order Anchor,"Wankhede Stadium > Punjab Cricket Association Stadium, Mohali",Unknown,Not Available,0,Deploy slow off-cutters gripping into the pitch outside the off-stump.,Use high-quality wrist spin tossed up wide to invite the mistimed slog sweep.,Not a regular bowler. Focus purely on strike rotation if they are brought on.,Middle-order anchor. Build dot-ball pressure with tight lines to force a frustrated lofted shot.,A Kumble,Not Available,120.3,131.4,0.0,0.0,0,0,Kings XI Punjab
A Manohar,Abhinav Manohar,India,Batsman,Middle Order Anchor,"Narendra Modi Stadium, Ahmedabad > Dr DY Patil Sports Academy, Mumbai",Unknown,Not Available,0,Deploy slow off-cutters gripping into the pitch outside the off-stump.,Use high-quality wrist spin tossed up wide to invite the mistimed slog sweep.,Not a regular bowler. Focus purely on strike rotation if they are brought on.,Middle-order anchor. Build dot-ball pressure with tight lines to force a frustrated lofted shot.,Kuldeep Yadav,Not Available,120.2,149.5,0.0,0.0,0,0,Gujarat Titans
SA Asnodkar,Swapnil Asnodkar,India,Batsman,Top Order Aggressor,Sawai Mansingh Stadium > De Beers Diamond Oval > Dr DY Patil Sports Academy,Unknown,Not Available,0,Use back-of-a-length deliveries angling across the body. Invite the false drive.,Deploy left-arm orthodox sliding across to restrict strike rotation and build dot pressure.,Not a regular bowler. Focus purely on strike rotation if they are brought on.,Classical opener. Squeeze their scoring zones on the off-side and force aerial risks.,JA Morkel,Not Available,120.2,0.0,0.0,0.0,0,0,Rajasthan Royals
DJ Hussey,David Hussey,Australia,All-Rounder,Middle Order Anchor,"Punjab Cricket Association Stadium, Mohali > Eden Gardens > Rajiv Gandhi International Stadium, Uppal > Feroz Shah Kotla",Unknown,Not Available,0,Deploy slow off-cutters gripping into the pitch outside the off-stump.,Use high-quality wrist spin tossed up wide to invite the mistimed slog sweep.,Play out their good deliveries on merit. Look to capitalize on the missed yorker at the death.,Middle-order anchor. Build dot-ball pressure with tight lines to force a frustrated lofted shot.,SK Trivedi,AB de Villiers,120.1,175.2,8.8,12.21,8,323,Kings XI Punjab
LRPL Taylor,Ross Taylor,New Zealand,Batsman,Middle Order Anchor,Feroz Shah Kotla > Sawai Mansingh Stadium > M Chinnaswamy Stadium > SuperSport Park,Unknown,Not Available,0,Deploy slow off-cutters gripping into the pitch outside the off-stump.,Use high-quality wrist spin tossed up wide to invite the mistimed slog sweep.,Not a regular bowler. Focus purely on strike rotation if they are brought on.,Middle-order anchor. Build dot-ball pressure with tight lines to force a frustrated lofted shot.,SL Malinga,Not Available,120.1,152.9,11.08,0.0,0,13,Delhi Daredevils
GJ Bailey,George Bailey,Australia,Batsman,Middle Order Anchor,"Punjab Cricket Association Stadium, Mohali > Maharashtra Cricket Association Stadium > Wankhede Stadium > Eden Gardens",Unknown,Not Available,0,Deploy slow off-cutters gripping into the pitch outside the off-stump.,Use high-quality wrist spin tossed up wide to invite the mistimed slog sweep.,Not a regular bowler. Focus purely on strike rotation if they are brought on.,Middle-order anchor. Build dot-ball pressure with tight lines to force a frustrated lofted shot.,MC Henriques,Not Available,120.1,172.1,0.0,0.0,0,0,Rising Pune Supergiants
Joginder Sharma,Joginder Sharma,India,Bowler,Death Over Finisher,"MA Chidambaram Stadium, Chepauk",Unknown,Not Available,0,Bowl rapid back-of-a-length deliveries targeting the ribcage to cramp them for room.,Keep the ball turning away from their hitting arc.,Target this bowler aggressively. High economy rate suggests frequent loose boundary deliveries.,Vulnerable to aggressive intent. Look to disrupt their length early in the over.,Not Available,V Sehwag,120.0,128.6,9.24,11.45,12,272,Chennai Super Kings
MA Wood,Mark Wood,England,Bowler,Death Over Finisher,"Bharat Ratna Shri Atal Bihari Vajpayee Ekana Cricket Stadium, Lucknow > MA Chidambaram Stadium, Chepauk, Chennai",Unknown,Not Available,0,Bowl rapid back-of-a-length deliveries targeting the ribcage to cramp them for room.,Keep the ball turning away from their hitting arc.,Play out their good deliveries on merit. Look to capitalize on the missed yorker at the death.,Solid squad bowler. Exploit their lack of raw pace with calculated aggression.,Not Available,Not Available,120.0,120.0,8.46,11.39,11,127,Lucknow Super Giants
DA Payne,David Payne,England,New Addition,Death Over Finisher,"M Chinnaswamy Stadium, Bengaluru",Unknown,Not Available,0,Bowl rapid back-of-a-length deliveries targeting the ribcage to cramp them for room.,Keep the ball turning away from their hitting arc.,Not a regular bowler. Focus purely on strike rotation if they are brought on.,Lower-order batter. Exploit their lack of footwork with aggressive body-line bowling.,Not Available,Not Available,120.0,120.0,13.55,0.0,2,31,Unattached
DM Bravo,Darren Bravo,West Indies,New Addition,Death Over Finisher,Neutral Venues,Unknown,Not Available,0,Bowl rapid back-of-a-length deliveries targeting the ribcage to cramp them for room.,Keep the ball turning away from their hitting arc.,Not a regular bowler. Focus purely on strike rotation if they are brought on.,Lower-order batter. Exploit their lack of footwork with aggressive body-line bowling.,Not Available,Not Available,120.0,120.0,0.0,0.0,0,0,Kolkata Knight Riders
MEK Hussey,Michael Hussey,Australia,Batsman,Top Order Aggressor,"MA Chidambaram Stadium, Chepauk > Punjab Cricket Association Stadium, Mohali > Wankhede Stadium > Feroz Shah Kotla",Unknown,Not Available,0,Use back-of-a-length deliveries angling across the body. Invite the false drive.,Deploy left-arm orthodox sliding across to restrict strike rotation and build dot pressure.,Not a regular bowler. Focus purely on strike rotation if they are brought on.,Classical opener. Squeeze their scoring zones on the off-side and force aerial risks.,SP Narine,Not Available,120.0,189.1,0.0,0.0,0,0,Chennai Super Kings
G Gambhir,Gautam Gambhir,India,Batsman,Top Order Aggressor,"Eden Gardens > Feroz Shah Kotla > M Chinnaswamy Stadium > Punjab Cricket Association Stadium, Mohali",Unknown,Not Available,0,Tends to poke at deliveries angling across him outside off-stump.,Use off-spin turning into him to cramp his inside-out shots.,Not a regular bowler.,Anchoring lefty. Keep the ball outside his off-stump on a good length and invite the false drive.,Z Khan,Not Available,119.7,139.9,0.0,0.0,0,0,Kolkata Knight Riders
DH Yagnik,Dishant Yagnik,India,Batsman,Death Over Finisher,Sawai Mansingh Stadium,Unknown,Not Available,0,Bowl rapid back-of-a-length deliveries targeting the ribcage to cramp them for room.,Keep the ball turning away from their hitting arc.,Not a regular bowler. Focus purely on strike rotation if they are brought on.,Lower-order batter. Exploit their lack of footwork with aggressive body-line bowling.,Harbhajan Singh,Not Available,119.7,123.1,0.0,0.0,0,0,Rajasthan Royals
Shakib Al Hasan,Shakib Al Hasan,Bangladesh,All-Rounder,Middle Order Anchor,Eden Gardens > Rajiv Gandhi International Stadium > Wankhede Stadium > Subrata Roy Sahara Stadium,Unknown,Not Available,0,Deploy slow off-cutters gripping into the pitch outside the off-stump.,Use high-quality wrist spin tossed up wide to invite the mistimed slog sweep.,Elite threat. Treat with immense respect. Focus on rotating the strike and attacking others.,Middle-order anchor. Build dot-ball pressure with tight lines to force a frustrated lofted shot.,SL Malinga,AJ Finch,119.5,130.6,7.28,8.99,63,1515,Kolkata Knight Riders
HC Brook,Harry Brook,England,Batsman,Top Order Aggressor,"Eden Gardens, Kolkata > Rajiv Gandhi International Stadium, Uppal, Hyderabad",Unknown,Not Available,0,Use back-of-a-length deliveries angling across the body. Invite the false drive.,Deploy left-arm orthodox sliding across to restrict strike rotation and build dot pressure.,Not a regular bowler. Focus purely on strike rotation if they are brought on.,Classical opener. Squeeze their scoring zones on the off-side and force aerial risks.,CV Varun,Not Available,119.5,133.3,0.0,0.0,0,0,Sunrisers Hyderabad
AB McDonald,Andrew McDonald,Australia,All-Rounder,Death Over Finisher,"M Chinnaswamy Stadium > Feroz Shah Kotla > Brabourne Stadium > Punjab Cricket Association Stadium, Mohali",Unknown,Not Available,0,Bowl rapid back-of-a-length deliveries targeting the ribcage to cramp them for room.,Keep the ball turning away from their hitting arc.,Play out their good deliveries on merit. Look to capitalize on the missed yorker at the death.,Lower-order batter. Exploit their lack of footwork with aggressive body-line bowling.,Not Available,R Dravid,119.4,117.6,8.33,10.2,11,188,Royal Challengers Bangalore
KM Jadhav,Kedar Jadhav,India,Batsman,Middle Order Anchor,Feroz Shah Kotla > M Chinnaswamy Stadium > Wankhede Stadium > Shaheed Veer Narayan Singh International Stadium,Unknown,Not Available,0,Deploy slow off-cutters gripping into the pitch outside the off-stump.,Use high-quality wrist spin tossed up wide to invite the mistimed slog sweep.,Not a regular bowler. Focus purely on strike rotation if they are brought on.,Middle-order anchor. Build dot-ball pressure with tight lines to force a frustrated lofted shot.,UT Yadav,Not Available,119.4,135.5,0.0,0.0,0,0,Chennai Super Kings
T Taibu,Tatenda Taibu,Zimbabwe,New Addition,Middle Order Anchor,Neutral Venues,Unknown,Not Available,0,Deploy slow off-cutters gripping into the pitch outside the off-stump.,Use high-quality wrist spin tossed up wide to invite the mistimed slog sweep.,Not a regular bowler. Focus purely on strike rotation if they are brought on.,Middle-order anchor. Build dot-ball pressure with tight lines to force a frustrated lofted shot.,Not Available,Not Available,119.2,150.0,0.0,0.0,0,0,Kolkata Knight Riders
EJG Morgan,Eoin Morgan,England,Batsman,Middle Order Anchor,"Sheikh Zayed Stadium > Eden Gardens > Rajiv Gandhi International Stadium, Uppal > Dubai International Cricket Stadium",Unknown,Not Available,0,Deploy slow off-cutters gripping into the pitch outside the off-stump.,Use high-quality wrist spin tossed up wide to invite the mistimed slog sweep.,Not a regular bowler. Focus purely on strike rotation if they are brought on.,Middle-order anchor. Build dot-ball pressure with tight lines to force a frustrated lofted shot.,Ravi Bishnoi,Not Available,119.1,157.3,0.0,0.0,0,0,Kolkata Knight Riders
AP Tare,Aditya Tare,India,Batsman,Top Order Aggressor,Wankhede Stadium,Unknown,Not Available,0,Use back-of-a-length deliveries angling across the body. Invite the false drive.,Deploy left-arm orthodox sliding across to restrict strike rotation and build dot pressure.,Not a regular bowler. Focus purely on strike rotation if they are brought on.,Classical opener. Squeeze their scoring zones on the off-side and force aerial risks.,JA Morkel,Not Available,118.9,153.8,0.0,0.0,0,0,Mumbai Indians
Anmolpreet Singh,Anmolpreet Singh,India,Batsman,Top Order Aggressor,Neutral Venues,Unknown,Not Available,0,Use back-of-a-length deliveries angling across the body. Invite the false drive.,Deploy left-arm orthodox sliding across to restrict strike rotation and build dot pressure.,Not a regular bowler. Focus purely on strike rotation if they are brought on.,Classical opener. Squeeze their scoring zones on the off-side and force aerial risks.,Sandeep Sharma,Not Available,118.8,0.0,0.0,0.0,0,0,Sunrisers Hyderabad
DPMD Jayawardene,Mahela Jayawardene,Sri Lanka,Batsman,Middle Order Anchor,"Feroz Shah Kotla > Eden Gardens > Himachal Pradesh Cricket Association Stadium > Punjab Cricket Association Stadium, Mohali",Unknown,Not Available,0,Deploy slow off-cutters gripping into the pitch outside the off-stump.,Use high-quality wrist spin tossed up wide to invite the mistimed slog sweep.,Not a regular bowler. Focus purely on strike rotation if they are brought on.,Middle-order anchor. Build dot-ball pressure with tight lines to force a frustrated lofted shot.,DL Vettori,Not Available,118.8,152.0,0.0,0.0,0,0,Kings XI Punjab
M Vijay,Murali Vijay,India,Batsman,Top Order Aggressor,"MA Chidambaram Stadium, Chepauk > Punjab Cricket Association IS Bindra Stadium, Mohali > Punjab Cricket Association Stadium, Mohali > Feroz Shah Kotla",Unknown,Not Available,0,Use back-of-a-length deliveries angling across the body. Invite the false drive.,Deploy left-arm orthodox sliding across to restrict strike rotation and build dot pressure.,Not a regular bowler. Focus purely on strike rotation if they are brought on.,Classical opener. Squeeze their scoring zones on the off-side and force aerial risks.,S Aravind,Not Available,118.6,173.6,7.95,0.0,0,37,Chennai Super Kings
KS Bharat,KS Bharat,India,Batsman,Middle Order Anchor,Dubai International Cricket Stadium,Unknown,Not Available,0,Deploy slow off-cutters gripping into the pitch outside the off-stump.,Use high-quality wrist spin tossed up wide to invite the mistimed slog sweep.,Not a regular bowler. Focus purely on strike rotation if they are brought on.,Middle-order anchor. Build dot-ball pressure with tight lines to force a frustrated lofted shot.,Avesh Khan,Not Available,118.5,152.4,0.0,0.0,0,0,Kolkata Knight Riders
KC Sangakkara,Kumar Sangakkara,Sri Lanka,Batsman,Middle Order Anchor,"Punjab Cricket Association Stadium, Mohali > Rajiv Gandhi International Stadium, Uppal > Kingsmead > Eden Gardens",Unknown,Not Available,0,Deploy slow off-cutters gripping into the pitch outside the off-stump.,Use high-quality wrist spin tossed up wide to invite the mistimed slog sweep.,Not a regular bowler. Focus purely on strike rotation if they are brought on.,Middle-order anchor. Build dot-ball pressure with tight lines to force a frustrated lofted shot.,R Sharma,Not Available,118.5,153.0,0.0,0.0,0,0,Sunrisers Hyderabad
MG Bracewell,Michael Bracewell,New Zealand,Batsman,Middle Order Anchor,"Sawai Mansingh Stadium, Jaipur > Rajiv Gandhi International Stadium, Uppal, Hyderabad > M Chinnaswamy Stadium, Bengaluru",Unknown,Not Available,0,Deploy slow off-cutters gripping into the pitch outside the off-stump.,Use high-quality wrist spin tossed up wide to invite the mistimed slog sweep.,Not a regular bowler. Focus purely on strike rotation if they are brought on.,Middle-order anchor. Build dot-ball pressure with tight lines to force a frustrated lofted shot.,Not Available,Not Available,118.4,92.9,8.64,0.0,6,66,Royal Challengers Bangalore
S Sohal,Sunny Sohal,India,Batsman,Top Order Aggressor,"Rajiv Gandhi International Stadium, Uppal > Feroz Shah Kotla > MA Chidambaram Stadium, Chepauk",Unknown,Not Available,0,Use back-of-a-length deliveries angling across the body. Invite the false drive.,Deploy left-arm orthodox sliding across to restrict strike rotation and build dot pressure.,Not a regular bowler. Focus purely on strike rotation if they are brought on.,Classical opener. Squeeze their scoring zones on the off-side and force aerial risks.,RP Singh,Not Available,118.3,44.4,0.0,0.0,0,0,Deccan Chargers
Harsh Dubey,Harsh Dubey,India,Bowler,Death Over Finisher,"Rajiv Gandhi International Stadium, Uppal, Hyderabad > Arun Jaitley Stadium, Delhi",Unknown,Not Available,0,Bowl rapid back-of-a-length deliveries targeting the ribcage to cramp them for room.,Keep the ball turning away from their hitting arc.,Target this bowler aggressively. High economy rate suggests frequent loose boundary deliveries.,Vulnerable to aggressive intent. Look to disrupt their length early in the over.,Not Available,AK Markram,118.2,118.2,9.35,5.75,13,186,Unattached
R Bhatia,Rajat Bhatia,India,All-Rounder,Death Over Finisher,"Eden Gardens > Feroz Shah Kotla > Maharashtra Cricket Association Stadium > Sardar Patel Stadium, Motera",Unknown,Not Available,0,Bowl rapid back-of-a-length deliveries targeting the ribcage to cramp them for room.,Keep the ball turning away from their hitting arc.,Elite threat. Treat with immense respect. Focus on rotating the strike and attacking others.,Lower-order batter. Exploit their lack of footwork with aggressive body-line bowling.,RP Singh,AJ Finch,117.9,141.8,7.3,8.47,71,1661,Rising Pune Supergiant
GD Phillips,Glenn Phillips,New Zealand,Batsman,Middle Order Anchor,Neutral Venues,Unknown,Not Available,0,Deploy slow off-cutters gripping into the pitch outside the off-stump.,Use high-quality wrist spin tossed up wide to invite the mistimed slog sweep.,Not a regular bowler. Focus purely on strike rotation if they are brought on.,Middle-order anchor. Build dot-ball pressure with tight lines to force a frustrated lofted shot.,Not Available,Not Available,117.9,155.1,7.74,0.0,2,31,Sunrisers Hyderabad
MK Pandey,Manish Pandey,India,Batsman,Middle Order Anchor,Eden Gardens > Dubai International Cricket Stadium > M Chinnaswamy Stadium > Sheikh Zayed Stadium,Unknown,Not Available,0,Deploy slow off-cutters gripping into the pitch outside the off-stump.,Use high-quality wrist spin tossed up wide to invite the mistimed slog sweep.,Not a regular bowler. Focus purely on strike rotation if they are brought on.,Middle-order anchor. Build dot-ball pressure with tight lines to force a frustrated lofted shot.,YS Chahal,Not Available,117.8,144.3,0.0,0.0,0,0,Kolkata Knight Riders
TK Curran,Tom Curran,England,All-Rounder,Middle Order Anchor,Dubai International Cricket Stadium > Eden Gardens > Sharjah Cricket Stadium > MA Chidambaram Stadium,Unknown,Not Available,0,Deploy slow off-cutters gripping into the pitch outside the off-stump.,Use high-quality wrist spin tossed up wide to invite the mistimed slog sweep.,Target this bowler aggressively. High economy rate suggests frequent loose boundary deliveries.,Middle-order anchor. Build dot-ball pressure with tight lines to force a frustrated lofted shot.,CV Varun,MS Dhoni,117.6,138.0,10.24,11.75,13,252,Royal Challengers Bangalore
DJG Sammy,Darren Sammy,West Indies,All-Rounder,Middle Order Anchor,"Rajiv Gandhi International Stadium, Uppal > Punjab Cricket Association Stadium, Mohali > Feroz Shah Kotla > Sharjah Cricket Stadium",Unknown,Not Available,0,Deploy slow off-cutters gripping into the pitch outside the off-stump.,Use high-quality wrist spin tossed up wide to invite the mistimed slog sweep.,Play out their good deliveries on merit. Look to capitalize on the missed yorker at the death.,Middle-order anchor. Build dot-ball pressure with tight lines to force a frustrated lofted shot.,Shakib Al Hasan,STR Binny,117.5,134.7,8.61,12.11,11,244,Royal Challengers Bangalore
Gurkeerat Singh,Gurkeerat Singh Mann,India,Batsman,Middle Order Anchor,"Punjab Cricket Association Stadium, Mohali > Dr. Y.S. Rajasekhara Reddy ACA-VDCA Cricket Stadium > Eden Gardens > M.Chinnaswamy Stadium",Unknown,Not Available,0,Deploy slow off-cutters gripping into the pitch outside the off-stump.,Use high-quality wrist spin tossed up wide to invite the mistimed slog sweep.,Not a regular bowler. Focus purely on strike rotation if they are brought on.,Middle-order anchor. Build dot-ball pressure with tight lines to force a frustrated lofted shot.,R Ashwin,Not Available,117.2,149.4,7.1,0.0,5,82,Royal Challengers Bangalore
Sachin Baby,Sachin Baby,India,Batsman,Death Over Finisher,M Chinnaswamy Stadium,Unknown,Not Available,0,Bowl rapid back-of-a-length deliveries targeting the ribcage to cramp them for room.,Keep the ball turning away from their hitting arc.,Not a regular bowler. Focus purely on strike rotation if they are brought on.,Lower-order batter. Exploit their lack of footwork with aggressive body-line bowling.,Not Available,Not Available,117.1,146.2,4.8,6.0,2,10,Royal Challengers Bangalore
A Kamboj,Anshul Kamboj,India,Bowler,Death Over Finisher,"MA Chidambaram Stadium, Chepauk, Chennai > Rajiv Gandhi International Stadium, Uppal, Hyderabad > Narendra Modi Stadium, Ahmedabad > Barsapara Cricket Stadium, Guwahati",Unknown,Not Available,0,Bowl rapid back-of-a-length deliveries targeting the ribcage to cramp them for room.,Keep the ball turning away from their hitting arc.,Play out their good deliveries on merit. Look to capitalize on the missed yorker at the death.,Solid squad bowler. Exploit their lack of raw pace with calculated aggression.,Not Available,N Pooran,117.0,117.0,8.44,7.54,24,372,Mumbai Indians
PC Valthaty,Paul Valthaty,India,All-Rounder,Top Order Aggressor,"Punjab Cricket Association Stadium, Mohali > Rajiv Gandhi International Stadium, Uppal > Himachal Pradesh Cricket Association Stadium",Unknown,Not Available,0,Use back-of-a-length deliveries angling across the body. Invite the false drive.,Deploy left-arm orthodox sliding across to restrict strike rotation and build dot pressure.,Play out their good deliveries on merit. Look to capitalize on the missed yorker at the death.,Classical opener. Squeeze their scoring zones on the off-side and force aerial risks.,A Mishra,DB Ravi Teja,116.9,209.1,8.04,9.0,7,153,Kings XI Punjab
IK Pathan,Irfan Pathan,India,All-Rounder,Death Over Finisher,"Punjab Cricket Association Stadium, Mohali > Feroz Shah Kotla > Kingsmead > MA Chidambaram Stadium, Chepauk",Unknown,Not Available,0,Bowl rapid back-of-a-length deliveries targeting the ribcage to cramp them for room.,Keep the ball turning away from their hitting arc.,Play out their good deliveries on merit. Look to capitalize on the missed yorker at the death.,Lower-order batter. Exploit their lack of footwork with aggressive body-line bowling.,Z Khan,BJ Hodge,116.8,142.6,7.52,8.89,80,2113,Gujarat Lions
MP Breetzke,Matthew Breetzke,South Africa,New Addition,Top Order Aggressor,Neutral Venues,Unknown,Not Available,0,Use back-of-a-length deliveries angling across the body. Invite the false drive.,Deploy left-arm orthodox sliding across to restrict strike rotation and build dot pressure.,Not a regular bowler. Focus purely on strike rotation if they are brought on.,Classical opener. Squeeze their scoring zones on the off-side and force aerial risks.,Not Available,Not Available,116.7,0.0,0.0,0.0,0,0,Unattached
PA Patel,Parthiv Patel,India,Batsman,Top Order Aggressor,"Wankhede Stadium > Rajiv Gandhi International Stadium, Uppal > MA Chidambaram Stadium, Chepauk > M.Chinnaswamy Stadium",Unknown,Not Available,0,Use back-of-a-length deliveries angling across the body. Invite the false drive.,Deploy left-arm orthodox sliding across to restrict strike rotation and build dot pressure.,Not a regular bowler. Focus purely on strike rotation if they are brought on.,Classical opener. Squeeze their scoring zones on the off-side and force aerial risks.,B Kumar,Not Available,116.6,131.9,0.0,0.0,0,0,Royal Challengers Bangalore
MJ McClenaghan,Mitchell McClenaghan,New Zealand,Bowler,Death Over Finisher,"Wankhede Stadium > Eden Gardens > Feroz Shah Kotla > Rajiv Gandhi International Stadium, Uppal",Unknown,Not Available,0,Bowl rapid back-of-a-length deliveries targeting the ribcage to cramp them for room.,Keep the ball turning away from their hitting arc.,Play out their good deliveries on merit. Look to capitalize on the missed yorker at the death.,Solid squad bowler. Exploit their lack of raw pace with calculated aggression.,Not Available,GJ Maxwell,116.4,107.7,8.04,8.79,71,1346,Mumbai Indians
JD Unadkat,Jaydev Unadkat,India,All-Rounder,Death Over Finisher,"Eden Gardens > Sawai Mansingh Stadium > M Chinnaswamy Stadium > Rajiv Gandhi International Stadium, Uppal",Unknown,Not Available,0,Bowl rapid back-of-a-length deliveries targeting the ribcage to cramp them for room.,Keep the ball turning away from their hitting arc.,Play out their good deliveries on merit. Look to capitalize on the missed yorker at the death.,Lower-order batter. Exploit their lack of footwork with aggressive body-line bowling.,DJ Bravo,CH Gayle,116.2,122.8,8.69,10.47,114,2418,Sunrisers Hyderabad
Sohail Tanvir,Sohail Tanvir,Pakistan,Bowler,Death Over Finisher,"Sawai Mansingh Stadium > Eden Gardens > MA Chidambaram Stadium, Chepauk",Unknown,Not Available,0,Bowl rapid back-of-a-length deliveries targeting the ribcage to cramp them for room.,Keep the ball turning away from their hitting arc.,Elite threat. Treat with immense respect. Focus on rotating the strike and attacking others.,Frontline strike bowler. See off their best spells and attack the weaker backups.,Not Available,SK Raina,116.1,92.3,6.02,6.56,22,265,Rajasthan Royals
SS Tiwary,Saurabh Tiwary,India,Batsman,Middle Order Anchor,Brabourne Stadium > M Chinnaswamy Stadium > Eden Gardens > Feroz Shah Kotla,Unknown,Not Available,0,Deploy slow off-cutters gripping into the pitch outside the off-stump.,Use high-quality wrist spin tossed up wide to invite the mistimed slog sweep.,Not a regular bowler. Focus purely on strike rotation if they are brought on.,Middle-order anchor. Build dot-ball pressure with tight lines to force a frustrated lofted shot.,SB Jakati,Not Available,115.7,138.8,0.0,0.0,0,0,Mumbai Indians
S Badrinath,Subramaniam Badrinath,India,Batsman,Middle Order Anchor,"MA Chidambaram Stadium, Chepauk > Wankhede Stadium > Dr DY Patil Sports Academy > Eden Gardens",Unknown,Not Available,0,Deploy slow off-cutters gripping into the pitch outside the off-stump.,Use high-quality wrist spin tossed up wide to invite the mistimed slog sweep.,Not a regular bowler. Focus purely on strike rotation if they are brought on.,Middle-order anchor. Build dot-ball pressure with tight lines to force a frustrated lofted shot.,RP Singh,Not Available,115.7,149.1,0.0,0.0,0,0,Royal Challengers Bangalore
JL Pattinson,James Pattinson,Australia,Bowler,Death Over Finisher,Sheikh Zayed Stadium > Sharjah Cricket Stadium,Unknown,Not Available,0,Bowl rapid back-of-a-length deliveries targeting the ribcage to cramp them for room.,Keep the ball turning away from their hitting arc.,Play out their good deliveries on merit. Look to capitalize on the missed yorker at the death.,Solid squad bowler. Exploit their lack of raw pace with calculated aggression.,Not Available,D Padikkal,115.4,115.4,8.65,9.0,11,222,Mumbai Indians
DB Ravi Teja,Dwaraka Ravi Teja,India,Batsman,Middle Order Anchor,"Rajiv Gandhi International Stadium, Uppal > Himachal Pradesh Cricket Association Stadium",Unknown,Not Available,0,Deploy slow off-cutters gripping into the pitch outside the off-stump.,Use high-quality wrist spin tossed up wide to invite the mistimed slog sweep.,Not a regular bowler. Focus purely on strike rotation if they are brought on.,Middle-order anchor. Build dot-ball pressure with tight lines to force a frustrated lofted shot.,SL Malinga,Not Available,115.4,134.1,9.33,0.0,1,18,Sunrisers Hyderabad
SD Lad,Siddhesh Lad,India,New Addition,Top Order Aggressor,Neutral Venues,Unknown,Not Available,0,Use back-of-a-length deliveries angling across the body. Invite the false drive.,Deploy left-arm orthodox sliding across to restrict strike rotation and build dot pressure.,Not a regular bowler. Focus purely on strike rotation if they are brought on.,Classical opener. Squeeze their scoring zones on the off-side and force aerial risks.,Not Available,Not Available,115.4,0.0,0.0,0.0,0,0,Kolkata Knight Riders
AJ Tye,Andrew Tye,Australia,Bowler,Death Over Finisher,Saurashtra Cricket Association Stadium > Holkar Cricket Stadium > Punjab Cricket Association IS Bindra Stadium > Wankhede Stadium,Unknown,Not Available,0,Bowl rapid back-of-a-length deliveries targeting the ribcage to cramp them for room.,Keep the ball turning away from their hitting arc.,Play out their good deliveries on merit. Look to capitalize on the missed yorker at the death.,Solid squad bowler. Exploit their lack of raw pace with calculated aggression.,Not Available,F du Plessis,115.2,112.9,8.23,8.87,42,714,Lucknow Super Giants
TL Suman,Tirumalasetti Suman,India,All-Rounder,Middle Order Anchor,SuperSport Park > De Beers Diamond Oval > M Chinnaswamy Stadium > New Wanderers Stadium,Unknown,Not Available,0,Deploy slow off-cutters gripping into the pitch outside the off-stump.,Use high-quality wrist spin tossed up wide to invite the mistimed slog sweep.,Play out their good deliveries on merit. Look to capitalize on the missed yorker at the death.,Middle-order anchor. Build dot-ball pressure with tight lines to force a frustrated lofted shot.,Harbhajan Singh,KC Sangakkara,115.2,130.9,7.78,11.52,6,152,Pune Warriors India
Anuj Rawat,Anuj Rawat,India,Batsman,Middle Order Anchor,"M Chinnaswamy Stadium, Bengaluru > Maharashtra Cricket Association Stadium, Pune",Unknown,Deep Mid-Wicket,1,Deploy slow off-cutters gripping into the pitch outside the off-stump.,Use high-quality wrist spin tossed up wide to invite the mistimed slog sweep.,Not a regular bowler. Focus purely on strike rotation if they are brought on.,Middle-order anchor. Build dot-ball pressure with tight lines to force a frustrated lofted shot.,JD Unadkat,Not Available,115.2,167.1,0.0,0.0,0,0,Royal Challengers Bangalore
KV Sharma,Karn Sharma,India,All-Rounder,Death Over Finisher,"Rajiv Gandhi International Stadium, Uppal > Wankhede Stadium > Eden Gardens > M Chinnaswamy Stadium",Unknown,Not Available,0,Bowl rapid back-of-a-length deliveries targeting the ribcage to cramp them for room.,Keep the ball turning away from their hitting arc.,Play out their good deliveries on merit. Look to capitalize on the missed yorker at the death.,Lower-order batter. Exploit their lack of footwork with aggressive body-line bowling.,DJ Bravo,GJ Maxwell,114.7,129.2,8.25,10.42,83,1611,Royal Challengers Bangalore
SP Fleming,Stephen Fleming,New Zealand,Batsman,Top Order Aggressor,"MA Chidambaram Stadium, Chepauk",Unknown,Not Available,0,Use back-of-a-length deliveries angling across the body. Invite the false drive.,Deploy left-arm orthodox sliding across to restrict strike rotation and build dot pressure.,Not a regular bowler. Focus purely on strike rotation if they are brought on.,Classical opener. Squeeze their scoring zones on the off-side and force aerial risks.,DP Vijaykumar,Not Available,114.6,0.0,0.0,0.0,0,0,Chennai Super Kings
R Ashwin,Ravichandran Ashwin,India,All-Rounder,Death Over Finisher,"MA Chidambaram Stadium, Chepauk > Wankhede Stadium > Dubai International Cricket Stadium > Punjab Cricket Association IS Bindra Stadium",Unknown,Not Available,0,Bowl rapid back-of-a-length deliveries targeting the ribcage to cramp them for room.,Keep the ball turning away from their hitting arc.,Elite threat. Treat with immense respect. Focus on rotating the strike and attacking others.,Lower-order batter. Exploit their lack of footwork with aggressive body-line bowling.,Harbhajan Singh,SP Narine,114.4,127.6,6.97,7.91,187,4868,Rajasthan Royals
R Sathish,Rajagopal Sathish,India,All-Rounder,Death Over Finisher,"Brabourne Stadium > Punjab Cricket Association Stadium, Mohali",Unknown,Not Available,0,Bowl rapid back-of-a-length deliveries targeting the ribcage to cramp them for room.,Keep the ball turning away from their hitting arc.,Target this bowler aggressively. High economy rate suggests frequent loose boundary deliveries.,Lower-order batter. Exploit their lack of footwork with aggressive body-line bowling.,JA Morkel,BB McCullum,114.4,134.4,9.67,17.33,3,144,Kings XI Punjab
AM Nayar,Abhishek Nayar,India,All-Rounder,Middle Order Anchor,"Dr DY Patil Sports Academy > St George's Park > Rajiv Gandhi International Stadium, Uppal > MA Chidambaram Stadium, Chepauk",Unknown,Not Available,0,Deploy slow off-cutters gripping into the pitch outside the off-stump.,Use high-quality wrist spin tossed up wide to invite the mistimed slog sweep.,Play out their good deliveries on merit. Look to capitalize on the missed yorker at the death.,Middle-order anchor. Build dot-ball pressure with tight lines to force a frustrated lofted shot.,M Kartik,SK Raina,114.3,155.0,8.08,9.0,9,239,Rajasthan Royals
KC Cariappa,KC Cariappa,India,Bowler,Death Over Finisher,"Punjab Cricket Association IS Bindra Stadium, Mohali > Saurashtra Cricket Association Stadium",Unknown,Not Available,0,Bowl rapid back-of-a-length deliveries targeting the ribcage to cramp them for room.,Keep the ball turning away from their hitting arc.,Target this bowler aggressively. High economy rate suggests frequent loose boundary deliveries.,Vulnerable to aggressive intent. Look to disrupt their length early in the over.,Not Available,V Kohli,114.3,92.3,9.32,7.26,8,224,Rajasthan Royals
NV Ojha,Naman Ojha,India,Batsman,Middle Order Anchor,"Rajiv Gandhi International Stadium, Uppal > Feroz Shah Kotla > Sardar Patel Stadium, Motera > MA Chidambaram Stadium, Chepauk",Unknown,Not Available,0,Deploy slow off-cutters gripping into the pitch outside the off-stump.,Use high-quality wrist spin tossed up wide to invite the mistimed slog sweep.,Not a regular bowler. Focus purely on strike rotation if they are brought on.,Middle-order anchor. Build dot-ball pressure with tight lines to force a frustrated lofted shot.,RP Singh,Not Available,114.3,133.4,0.0,0.0,0,0,Sunrisers Hyderabad
SR Tendulkar,Sachin Tendulkar,India,Batsman,Top Order Aggressor,Wankhede Stadium > Brabourne Stadium > Feroz Shah Kotla > Sawai Mansingh Stadium,Unknown,Not Available,0,Vulnerable to sharp inswing in his early innings. Pitch it up and look for LBW.,"Playful against left-arm spin, can be drawn out of his crease with flight.",Not a regular bowler.,The Master. Avoid giving him width outside off. Build dot ball pressure to force a rare mistake.,R Bhatia,Not Available,114.2,156.6,9.41,19.0,0,37,Mumbai Indians
Shahbaz Ahmed,Shahbaz Ahmed,India,All-Rounder,Middle Order Anchor,"MA Chidambaram Stadium, Chepauk, Chennai > Rajiv Gandhi International Stadium, Uppal, Hyderabad > Narendra Modi Stadium, Ahmedabad > Dr DY Patil Sports Academy, Mumbai",Unknown,Not Available,0,Deploy slow off-cutters gripping into the pitch outside the off-stump.,Use high-quality wrist spin tossed up wide to invite the mistimed slog sweep.,Target this bowler aggressively. High economy rate suggests frequent loose boundary deliveries.,Middle-order anchor. Build dot-ball pressure with tight lines to force a frustrated lofted shot.,TA Boult,H Klaasen,114.1,133.7,9.38,7.57,22,611,Lucknow Super Giants
LA Carseldine,Lee Carseldine,Australia,Batsman,Top Order Aggressor,Neutral Venues,Unknown,Not Available,0,Use back-of-a-length deliveries angling across the body. Invite the false drive.,Deploy left-arm orthodox sliding across to restrict strike rotation and build dot pressure.,Not a regular bowler. Focus purely on strike rotation if they are brought on.,Classical opener. Squeeze their scoring zones on the off-side and force aerial risks.,Not Available,Not Available,114.1,153.8,5.14,0.0,1,7,Rajasthan Royals
Harpreet Brar,Harpreet Brar,India,All-Rounder,Death Over Finisher,"Sawai Mansingh Stadium, Jaipur > Narendra Modi Stadium, Ahmedabad > Maharaja Yadavindra Singh International Cricket Stadium, Mullanpur > Arun Jaitley Stadium, Delhi",Unknown,Deep Mid-Wicket,1,Bowl rapid back-of-a-length deliveries targeting the ribcage to cramp them for room.,Keep the ball turning away from their hitting arc.,Play out their good deliveries on merit. Look to capitalize on the missed yorker at the death.,Lower-order batter. Exploit their lack of footwork with aggressive body-line bowling.,HV Patel,Nithish Kumar Reddy,114.0,127.5,7.84,10.32,35,850,Punjab Kings
Y Venugopal Rao,Venugopal Rao,India,All-Rounder,Middle Order Anchor,"Rajiv Gandhi International Stadium, Uppal > Feroz Shah Kotla > Sawai Mansingh Stadium > MA Chidambaram Stadium, Chepauk",Unknown,Not Available,0,Deploy slow off-cutters gripping into the pitch outside the off-stump.,Use high-quality wrist spin tossed up wide to invite the mistimed slog sweep.,Target this bowler aggressively. High economy rate suggests frequent loose boundary deliveries.,Middle-order anchor. Build dot-ball pressure with tight lines to force a frustrated lofted shot.,PP Chawla,SE Marsh,113.9,148.8,9.11,13.25,6,222,Sunrisers Hyderabad
DB Das,Debabrata Das,India,Batsman,Middle Order Anchor,Eden Gardens,Unknown,Not Available,0,Deploy slow off-cutters gripping into the pitch outside the off-stump.,Use high-quality wrist spin tossed up wide to invite the mistimed slog sweep.,Not a regular bowler. Focus purely on strike rotation if they are brought on.,Middle-order anchor. Build dot-ball pressure with tight lines to force a frustrated lofted shot.,DJ Bravo,Not Available,113.9,117.0,0.0,0.0,0,0,Kolkata Knight Riders
MK Tiwary,Manoj Tiwary,India,Batsman,Middle Order Anchor,"Eden Gardens > Feroz Shah Kotla > Wankhede Stadium > Punjab Cricket Association Stadium, Mohali",Unknown,Not Available,0,Deploy slow off-cutters gripping into the pitch outside the off-stump.,Use high-quality wrist spin tossed up wide to invite the mistimed slog sweep.,Not a regular bowler. Focus purely on strike rotation if they are brought on.,Middle-order anchor. Build dot-ball pressure with tight lines to force a frustrated lofted shot.,M Morkel,Not Available,113.8,140.1,11.07,12.92,1,45,Rising Pune Supergiant
Kartik Sharma,Kartik Sharma,India,Batsman,Middle Order Anchor,Neutral Venues,Unknown,Not Available,0,Deploy slow off-cutters gripping into the pitch outside the off-stump.,Use high-quality wrist spin tossed up wide to invite the mistimed slog sweep.,Not a regular bowler. Focus purely on strike rotation if they are brought on.,Middle-order anchor. Build dot-ball pressure with tight lines to force a frustrated lofted shot.,Not Available,Not Available,113.7,115.4,0.0,0.0,0,0,Unattached
Sanvir Singh,Sanvir Singh,India,New Addition,Death Over Finisher,Neutral Venues,Unknown,Not Available,0,Bowl rapid back-of-a-length deliveries targeting the ribcage to cramp them for room.,Keep the ball turning away from their hitting arc.,Not a regular bowler. Focus purely on strike rotation if they are brought on.,Lower-order batter. Exploit their lack of footwork with aggressive body-line bowling.,Not Available,Not Available,113.6,120.0,0.0,0.0,0,0,Sunrisers Hyderabad
RS Bopara,Ravi Bopara,England,All-Rounder,Middle Order Anchor,"Dr. Y.S. Rajasekhara Reddy ACA-VDCA Cricket Stadium > M Chinnaswamy Stadium > Punjab Cricket Association Stadium, Mohali > Brabourne Stadium",Unknown,Not Available,0,Deploy slow off-cutters gripping into the pitch outside the off-stump.,Use high-quality wrist spin tossed up wide to invite the mistimed slog sweep.,Play out their good deliveries on merit. Look to capitalize on the missed yorker at the death.,Middle-order anchor. Build dot-ball pressure with tight lines to force a frustrated lofted shot.,JA Morkel,CH Gayle,113.5,168.9,8.23,9.71,11,213,Sunrisers Hyderabad
R Dravid,Rahul Dravid,India,Batsman,Middle Order Anchor,"Sawai Mansingh Stadium > M Chinnaswamy Stadium > Feroz Shah Kotla > MA Chidambaram Stadium, Chepauk",Unknown,Not Available,0,Deploy slow off-cutters gripping into the pitch outside the off-stump.,Use high-quality wrist spin tossed up wide to invite the mistimed slog sweep.,Not a regular bowler. Focus purely on strike rotation if they are brought on.,Middle-order anchor. Build dot-ball pressure with tight lines to force a frustrated lofted shot.,Harbhajan Singh,Not Available,113.3,166.7,0.0,0.0,0,0,Rajasthan Royals
LR Shukla,Laxmi Ratan Shukla,India,All-Rounder,Middle Order Anchor,"Eden Gardens > St George's Park > MA Chidambaram Stadium, Chepauk > Sawai Mansingh Stadium",Unknown,Not Available,0,Deploy slow off-cutters gripping into the pitch outside the off-stump.,Use high-quality wrist spin tossed up wide to invite the mistimed slog sweep.,Play out their good deliveries on merit. Look to capitalize on the missed yorker at the death.,Middle-order anchor. Build dot-ball pressure with tight lines to force a frustrated lofted shot.,M Muralitharan,AJ Finch,113.1,128.1,8.23,8.93,15,326,Sunrisers Hyderabad
NL McCullum,Nathan McCullum,New Zealand,New Addition,Death Over Finisher,Neutral Venues,Unknown,Not Available,0,Bowl rapid back-of-a-length deliveries targeting the ribcage to cramp them for room.,Keep the ball turning away from their hitting arc.,Not a regular bowler. Focus purely on strike rotation if they are brought on.,Lower-order batter. Exploit their lack of footwork with aggressive body-line bowling.,Not Available,Not Available,113.0,111.1,6.8,0.0,0,30,Pune Warriors India
AP Majumdar,Anustup Majumdar,India,Batsman,Middle Order Anchor,Subrata Roy Sahara Stadium,Unknown,Not Available,0,Deploy slow off-cutters gripping into the pitch outside the off-stump.,Use high-quality wrist spin tossed up wide to invite the mistimed slog sweep.,Not a regular bowler. Focus purely on strike rotation if they are brought on.,Middle-order anchor. Build dot-ball pressure with tight lines to force a frustrated lofted shot.,Not Available,Not Available,113.0,66.7,0.0,0.0,0,0,Pune Warriors India
J Suchith,Jagadeesha Suchith,India,Bowler,Death Over Finisher,"Wankhede Stadium > Wankhede Stadium, Mumbai > Brabourne Stadium, Mumbai > MA Chidambaram Stadium",Unknown,Not Available,0,Bowl rapid back-of-a-length deliveries targeting the ribcage to cramp them for room.,Keep the ball turning away from their hitting arc.,Play out their good deliveries on merit. Look to capitalize on the missed yorker at the death.,Solid squad bowler. Exploit their lack of raw pace with calculated aggression.,Not Available,RD Gaikwad,112.9,175.0,8.32,13.5,19,434,Sunrisers Hyderabad
AS Raut,Abhishek Raut,India,Batsman,Death Over Finisher,Sawai Mansingh Stadium,Unknown,Not Available,0,Bowl rapid back-of-a-length deliveries targeting the ribcage to cramp them for room.,Keep the ball turning away from their hitting arc.,Not a regular bowler. Focus purely on strike rotation if they are brought on.,Lower-order batter. Exploit their lack of footwork with aggressive body-line bowling.,Not Available,Not Available,112.8,111.1,8.8,6.5,0,30,Rajasthan Royals
DT Christian,Dan Christian,Australia,All-Rounder,Death Over Finisher,"Rajiv Gandhi International Stadium, Uppal > Maharashtra Cricket Association Stadium > Feroz Shah Kotla > Dr. Y.S. Rajasekhara Reddy ACA-VDCA Cricket Stadium",Unknown,Not Available,0,Bowl rapid back-of-a-length deliveries targeting the ribcage to cramp them for room.,Keep the ball turning away from their hitting arc.,Play out their good deliveries on merit. Look to capitalize on the missed yorker at the death.,Lower-order batter. Exploit their lack of footwork with aggressive body-line bowling.,UT Yadav,AC Gilchrist,112.7,134.9,7.76,9.95,38,922,Royal Challengers Bangalore
DJM Short,D'Arcy Short,Australia,Batsman,Top Order Aggressor,Neutral Venues,Unknown,Not Available,0,Use back-of-a-length deliveries angling across the body. Invite the false drive.,Deploy left-arm orthodox sliding across to restrict strike rotation and build dot pressure.,Not a regular bowler. Focus purely on strike rotation if they are brought on.,Classical opener. Squeeze their scoring zones on the off-side and force aerial risks.,Not Available,Not Available,112.7,0.0,6.33,0.0,1,18,Rajasthan Royals
R Sai Kishore,R Sai Kishore,India,Bowler,Death Over Finisher,"Narendra Modi Stadium, Ahmedabad > Maharaja Yadavindra Singh International Cricket Stadium, Mullanpur > Wankhede Stadium, Mumbai",Unknown,Not Available,0,Bowl rapid back-of-a-length deliveries targeting the ribcage to cramp them for room.,Keep the ball turning away from their hitting arc.,Play out their good deliveries on merit. Look to capitalize on the missed yorker at the death.,Solid squad bowler. Exploit their lack of raw pace with calculated aggression.,Not Available,WG Jacks,112.5,112.5,8.62,10.21,32,453,Gujarat Titans
Saurav Chauhan,Saurav Chauhan,India,New Addition,Death Over Finisher,Neutral Venues,Unknown,Deep Mid-Wicket,1,Bowl rapid back-of-a-length deliveries targeting the ribcage to cramp them for room.,Keep the ball turning away from their hitting arc.,Not a regular bowler. Focus purely on strike rotation if they are brought on.,Lower-order batter. Exploit their lack of footwork with aggressive body-line bowling.,Not Available,Not Available,112.5,121.4,0.0,0.0,0,0,Royal Challengers Bangalore
AA Kulkarni,Aavishkar Kulkarni,India,New Addition,Top Order Aggressor,Neutral Venues,Unknown,Not Available,0,Use back-of-a-length deliveries angling across the body. Invite the false drive.,Deploy left-arm orthodox sliding across to restrict strike rotation and build dot pressure.,Not a regular bowler. Focus purely on strike rotation if they are brought on.,Classical opener. Squeeze their scoring zones on the off-side and force aerial risks.,Not Available,Not Available,112.5,0.0,0.0,0.0,0,0,Unattached
J Botha,Johan Botha,South Africa,All-Rounder,Middle Order Anchor,"Sawai Mansingh Stadium > Rajiv Gandhi International Stadium, Uppal > Eden Gardens > Punjab Cricket Association Stadium, Mohali",Unknown,Not Available,0,Deploy slow off-cutters gripping into the pitch outside the off-stump.,Use high-quality wrist spin tossed up wide to invite the mistimed slog sweep.,Elite threat. Treat with immense respect. Focus on rotating the strike and attacking others.,Middle-order anchor. Build dot-ball pressure with tight lines to force a frustrated lofted shot.,R Ashwin,M Vijay,112.4,129.3,6.77,7.56,25,709,Delhi Daredevils
S Anirudha,Srikkanth Anirudha,India,Batsman,Death Over Finisher,"MA Chidambaram Stadium, Chepauk",Unknown,Not Available,0,Bowl rapid back-of-a-length deliveries targeting the ribcage to cramp them for room.,Keep the ball turning away from their hitting arc.,Not a regular bowler. Focus purely on strike rotation if they are brought on.,Lower-order batter. Exploit their lack of footwork with aggressive body-line bowling.,Not Available,Not Available,112.4,135.7,0.0,0.0,0,0,Sunrisers Hyderabad
Salman Butt,Salman Butt,Pakistan,Batsman,Top Order Aggressor,Eden Gardens,Unknown,Not Available,0,Use back-of-a-length deliveries angling across the body. Invite the false drive.,Deploy left-arm orthodox sliding across to restrict strike rotation and build dot pressure.,Not a regular bowler. Focus purely on strike rotation if they are brought on.,Classical opener. Squeeze their scoring zones on the off-side and force aerial risks.,S Sreesanth,Not Available,112.2,266.7,0.0,0.0,0,0,Kolkata Knight Riders
RE Levi,Richard Levi,South Africa,Batsman,Top Order Aggressor,Neutral Venues,Unknown,Not Available,0,Use back-of-a-length deliveries angling across the body. Invite the false drive.,Deploy left-arm orthodox sliding across to restrict strike rotation and build dot pressure.,Not a regular bowler. Focus purely on strike rotation if they are brought on.,Classical opener. Squeeze their scoring zones on the off-side and force aerial risks.,Not Available,Not Available,112.2,0.0,0.0,0.0,0,0,Mumbai Indians
CA Ingram,Colin Ingram,South Africa,Batsman,Middle Order Anchor,Arun Jaitley Stadium,Unknown,Not Available,0,Deploy slow off-cutters gripping into the pitch outside the off-stump.,Use high-quality wrist spin tossed up wide to invite the mistimed slog sweep.,Not a regular bowler. Focus purely on strike rotation if they are brought on.,Middle-order anchor. Build dot-ball pressure with tight lines to force a frustrated lofted shot.,R Ashwin,Not Available,112.0,146.5,0.0,0.0,0,0,Delhi Capitals
AB Agarkar,Ajit Agarkar,India,All-Rounder,Death Over Finisher,Eden Gardens > Feroz Shah Kotla > Kingsmead > M Chinnaswamy Stadium,Unknown,Not Available,0,Bowl rapid back-of-a-length deliveries targeting the ribcage to cramp them for room.,Keep the ball turning away from their hitting arc.,Play out their good deliveries on merit. Look to capitalize on the missed yorker at the death.,Lower-order batter. Exploit their lack of footwork with aggressive body-line bowling.,Not Available,AC Gilchrist,111.9,127.6,8.42,9.61,29,820,Delhi Daredevils
HV Patel,Harshal Patel,India,All-Rounder,Death Over Finisher,"MA Chidambaram Stadium, Chepauk, Chennai > Rajiv Gandhi International Stadium, Uppal, Hyderabad > Maharaja Yadavindra Singh International Cricket Stadium, Mullanpur > M Chinnaswamy Stadium",Unknown,Not Available,0,Bowl rapid back-of-a-length deliveries targeting the ribcage to cramp them for room.,Keep the ball turning away from their hitting arc.,Play out their good deliveries on merit. Look to capitalize on the missed yorker at the death.,Lower-order batter. Exploit their lack of footwork with aggressive body-line bowling.,DJ Bravo,PD Salt,111.8,124.7,8.42,9.3,151,2617,Sunrisers Hyderabad
R Bishnoi,Ravi Bishnoi,India,New Addition,Top Order Aggressor,Neutral Venues,Unknown,Not Available,0,Use back-of-a-length deliveries angling across the body. Invite the false drive.,Deploy left-arm orthodox sliding across to restrict strike rotation and build dot pressure.,Not a regular bowler. Focus purely on strike rotation if they are brought on.,Classical opener. Squeeze their scoring zones on the off-side and force aerial risks.,Not Available,Not Available,111.8,50.0,0.0,0.0,0,0,Rajasthan Royals
R Dhawan,Rishi Dhawan,India,All-Rounder,Death Over Finisher,"Punjab Cricket Association Stadium, Mohali > Wankhede Stadium, Mumbai > Rajiv Gandhi International Stadium, Uppal > Dubai International Cricket Stadium",Unknown,Not Available,0,Bowl rapid back-of-a-length deliveries targeting the ribcage to cramp them for room.,Keep the ball turning away from their hitting arc.,Play out their good deliveries on merit. Look to capitalize on the missed yorker at the death.,Lower-order batter. Exploit their lack of footwork with aggressive body-line bowling.,PP Chawla,DA Warner,111.7,126.3,7.71,9.5,25,693,Punjab Kings
SS Prabhudessai,Suyash Prabhudessai,India,Batsman,Middle Order Anchor,Neutral Venues,Unknown,Not Available,0,Deploy slow off-cutters gripping into the pitch outside the off-stump.,Use high-quality wrist spin tossed up wide to invite the mistimed slog sweep.,Not a regular bowler. Focus purely on strike rotation if they are brought on.,Middle-order anchor. Build dot-ball pressure with tight lines to force a frustrated lofted shot.,Not Available,Not Available,111.5,104.3,0.0,0.0,0,0,Royal Challengers Bangalore
VH Zol,Vijay Zol,India,New Addition,Top Order Aggressor,Neutral Venues,Unknown,Not Available,0,Use back-of-a-length deliveries angling across the body. Invite the false drive.,Deploy left-arm orthodox sliding across to restrict strike rotation and build dot pressure.,Not a regular bowler. Focus purely on strike rotation if they are brought on.,Classical opener. Squeeze their scoring zones on the off-side and force aerial risks.,Not Available,Not Available,111.5,0.0,0.0,0.0,0,0,Royal Challengers Bangalore
MD Mishra,Mohnish Mishra,India,Batsman,Top Order Aggressor,"Vidarbha Cricket Association Stadium, Jamtha > Dr DY Patil Sports Academy",Unknown,Not Available,0,Use back-of-a-length deliveries angling across the body. Invite the false drive.,Deploy left-arm orthodox sliding across to restrict strike rotation and build dot pressure.,Not a regular bowler. Focus purely on strike rotation if they are brought on.,Classical opener. Squeeze their scoring zones on the off-side and force aerial risks.,DE Bollinger,Not Available,111.3,142.1,0.0,0.0,0,0,Pune Warriors India
TG Southee,Tim Southee,New Zealand,All-Rounder,Death Over Finisher,"Dr DY Patil Sports Academy, Mumbai > Maharashtra Cricket Association Stadium > Wankhede Stadium > Wankhede Stadium, Mumbai",Unknown,Not Available,0,Bowl rapid back-of-a-length deliveries targeting the ribcage to cramp them for room.,Keep the ball turning away from their hitting arc.,Play out their good deliveries on merit. Look to capitalize on the missed yorker at the death.,Lower-order batter. Exploit their lack of footwork with aggressive body-line bowling.,DJ Bravo,AD Russell,111.1,130.9,8.28,9.93,47,1262,Kolkata Knight Riders
RR Raje,Rohan Raje,India,Bowler,Death Over Finisher,Dr DY Patil Sports Academy,Unknown,Not Available,0,Bowl rapid back-of-a-length deliveries targeting the ribcage to cramp them for room.,Keep the ball turning away from their hitting arc.,Play out their good deliveries on merit. Look to capitalize on the missed yorker at the death.,Solid squad bowler. Exploit their lack of raw pace with calculated aggression.,Not Available,Not Available,111.1,111.1,8.71,10.11,6,144,Mumbai Indians
KAJ Roach,Kemar Roach,West Indies,New Addition,Death Over Finisher,Neutral Venues,Unknown,Not Available,0,Bowl rapid back-of-a-length deliveries targeting the ribcage to cramp them for room.,Keep the ball turning away from their hitting arc.,Not a regular bowler. Focus purely on strike rotation if they are brought on.,Lower-order batter. Exploit their lack of footwork with aggressive body-line bowling.,Not Available,SC Ganguly,111.1,71.4,9.23,13.89,0,52,Deccan Chargers
BR Dunk,Ben Dunk,Australia,Batsman,Top Order Aggressor,Neutral Venues,Unknown,Not Available,0,Use back-of-a-length deliveries angling across the body. Invite the false drive.,Deploy left-arm orthodox sliding across to restrict strike rotation and build dot pressure.,Not a regular bowler. Focus purely on strike rotation if they are brought on.,Classical opener. Squeeze their scoring zones on the off-side and force aerial risks.,Not Available,Not Available,111.1,0.0,0.0,0.0,0,0,Mumbai Indians
WPUJC Vaas,Chaminda Vaas,Sri Lanka,Bowler,Death Over Finisher,"Rajiv Gandhi International Stadium, Uppal > Barabati Stadium > MA Chidambaram Stadium, Chepauk > De Beers Diamond Oval",Unknown,Not Available,0,Bowl rapid back-of-a-length deliveries targeting the ribcage to cramp them for room.,Keep the ball turning away from their hitting arc.,Elite threat. Treat with immense respect. Focus on rotating the strike and attacking others.,Frontline strike bowler. See off their best spells and attack the weaker backups.,Not Available,YK Pathan,111.0,111.3,7.4,11.51,18,288,Deccan Chargers
S Rana,Saurabh Rana,India,Batsman,Death Over Finisher,Neutral Venues,Unknown,Not Available,0,Bowl rapid back-of-a-length deliveries targeting the ribcage to cramp them for room.,Keep the ball turning away from their hitting arc.,Not a regular bowler. Focus purely on strike rotation if they are brought on.,Lower-order batter. Exploit their lack of footwork with aggressive body-line bowling.,Not Available,Not Available,111.0,136.0,6.75,3.0,0,16,Unattached
MW Short,Matthew Short,Australia,Batsman,Top Order Aggressor,"Punjab Cricket Association IS Bindra Stadium, Mohali, Chandigarh",Unknown,Not Available,0,Use back-of-a-length deliveries angling across the body. Invite the false drive.,Deploy left-arm orthodox sliding across to restrict strike rotation and build dot pressure.,Not a regular bowler. Focus purely on strike rotation if they are brought on.,Classical opener. Squeeze their scoring zones on the off-side and force aerial risks.,Not Available,Not Available,110.9,0.0,8.53,0.0,0,45,Chennai Super Kings
PK Garg,Priyam Garg,India,Batsman,Middle Order Anchor,Dubai International Cricket Stadium,Unknown,Not Available,0,Deploy slow off-cutters gripping into the pitch outside the off-stump.,Use high-quality wrist spin tossed up wide to invite the mistimed slog sweep.,Not a regular bowler. Focus purely on strike rotation if they are brought on.,Middle-order anchor. Build dot-ball pressure with tight lines to force a frustrated lofted shot.,KV Sharma,Not Available,110.5,158.5,0.0,0.0,0,0,Delhi Capitals
RE van der Merwe,Roelof van der Merwe,Netherlands,All-Rounder,Middle Order Anchor,Kingsmead > New Wanderers Stadium > Eden Gardens > Feroz Shah Kotla,Unknown,Not Available,0,Deploy slow off-cutters gripping into the pitch outside the off-stump.,Use high-quality wrist spin tossed up wide to invite the mistimed slog sweep.,Elite threat. Treat with immense respect. Focus on rotating the strike and attacking others.,Middle-order anchor. Build dot-ball pressure with tight lines to force a frustrated lofted shot.,RP Singh,DJ Bravo,110.4,112.8,6.57,7.65,21,455,Royal Challengers Bangalore
AT Carey,Alex Carey,Australia,New Addition,Death Over Finisher,Neutral Venues,Unknown,Not Available,0,Bowl rapid back-of-a-length deliveries targeting the ribcage to cramp them for room.,Keep the ball turning away from their hitting arc.,Not a regular bowler. Focus purely on strike rotation if they are brought on.,Lower-order batter. Exploit their lack of footwork with aggressive body-line bowling.,Not Available,Not Available,110.3,110.3,0.0,0.0,0,0,Delhi Capitals
TM Dilshan,Tillakaratne Dilshan,Sri Lanka,All-Rounder,Middle Order Anchor,M Chinnaswamy Stadium > SuperSport Park > Sawai Mansingh Stadium > Kingsmead,Unknown,Not Available,0,Deploy slow off-cutters gripping into the pitch outside the off-stump.,Use high-quality wrist spin tossed up wide to invite the mistimed slog sweep.,Play out their good deliveries on merit. Look to capitalize on the missed yorker at the death.,Middle-order anchor. Build dot-ball pressure with tight lines to force a frustrated lofted shot.,S Sreesanth,KC Sangakkara,110.1,160.5,7.99,7.44,5,275,Royal Challengers Bangalore
XC Bartlett,Xavier Bartlett,Australia,Bowler,Middle Order Anchor,Neutral Venues,Unknown,Not Available,0,Deploy slow off-cutters gripping into the pitch outside the off-stump.,Use high-quality wrist spin tossed up wide to invite the mistimed slog sweep.,Target this bowler aggressively. High economy rate suggests frequent loose boundary deliveries.,Vulnerable to aggressive intent. Look to disrupt their length early in the over.,Not Available,N Rana,110.0,200.0,10.67,9.86,7,221,Unattached
B Chipli,Bharat Chipli,India,Batsman,Middle Order Anchor,"Rajiv Gandhi International Stadium, Uppal",Unknown,Not Available,0,Deploy slow off-cutters gripping into the pitch outside the off-stump.,Use high-quality wrist spin tossed up wide to invite the mistimed slog sweep.,Not a regular bowler. Focus purely on strike rotation if they are brought on.,Middle-order anchor. Build dot-ball pressure with tight lines to force a frustrated lofted shot.,RP Singh,Not Available,109.4,178.6,20.0,0.0,0,6,Sunrisers Hyderabad
NM Coulter-Nile,Nathan Coulter-Nile,Australia,Bowler,Death Over Finisher,Feroz Shah Kotla > Eden Gardens > Sharjah Cricket Stadium > Dubai International Cricket Stadium,Unknown,Not Available,0,Bowl rapid back-of-a-length deliveries targeting the ribcage to cramp them for room.,Keep the ball turning away from their hitting arc.,Elite threat. Treat with immense respect. Focus on rotating the strike and attacking others.,Frontline strike bowler. See off their best spells and attack the weaker backups.,Not Available,EJG Morgan,109.3,123.7,7.4,9.1,48,892,Rajasthan Royals
AL Menaria,Ashok Menaria,India,Batsman,Middle Order Anchor,"Sawai Mansingh Stadium > Punjab Cricket Association Stadium, Mohali",Unknown,Not Available,0,Deploy slow off-cutters gripping into the pitch outside the off-stump.,Use high-quality wrist spin tossed up wide to invite the mistimed slog sweep.,Not a regular bowler. Focus purely on strike rotation if they are brought on.,Middle-order anchor. Build dot-ball pressure with tight lines to force a frustrated lofted shot.,R Ashwin,MEK Hussey,109.3,116.9,7.65,13.71,3,113,Rajasthan Royals
M Markande,Mayank Markande,India,Bowler,Death Over Finisher,"Wankhede Stadium > Rajiv Gandhi International Stadium, Uppal, Hyderabad > Rajiv Gandhi International Stadium > Eden Gardens, Kolkata",Unknown,Not Available,0,Bowl rapid back-of-a-length deliveries targeting the ribcage to cramp them for room.,Keep the ball turning away from their hitting arc.,Play out their good deliveries on merit. Look to capitalize on the missed yorker at the death.,Solid squad bowler. Exploit their lack of raw pace with calculated aggression.,Not Available,RM Patidar,109.1,111.6,8.95,10.62,37,768,Sunrisers Hyderabad
AA Chavan,Ankeet Chavan,India,Bowler,Death Over Finisher,Sawai Mansingh Stadium,Unknown,Not Available,0,Bowl rapid back-of-a-length deliveries targeting the ribcage to cramp them for room.,Keep the ball turning away from their hitting arc.,Play out their good deliveries on merit. Look to capitalize on the missed yorker at the death.,Solid squad bowler. Exploit their lack of raw pace with calculated aggression.,Not Available,Mandeep Singh,109.1,137.5,7.67,13.71,8,255,Rajasthan Royals
MA Khote,Musavir Khote,India,New Addition,Death Over Finisher,"MA Chidambaram Stadium, Chepauk",Unknown,Not Available,0,Bowl rapid back-of-a-length deliveries targeting the ribcage to cramp them for room.,Keep the ball turning away from their hitting arc.,Not a regular bowler. Focus purely on strike rotation if they are brought on.,Lower-order batter. Exploit their lack of footwork with aggressive body-line bowling.,Not Available,Not Available,109.1,120.0,10.2,11.5,2,30,Mumbai Indians
A Flintoff,Andrew Flintoff,England,Batsman,Middle Order Anchor,Neutral Venues,Unknown,Not Available,0,Deploy slow off-cutters gripping into the pitch outside the off-stump.,Use high-quality wrist spin tossed up wide to invite the mistimed slog sweep.,Not a regular bowler. Focus purely on strike rotation if they are brought on.,Middle-order anchor. Build dot-ball pressure with tight lines to force a frustrated lofted shot.,Not Available,AB de Villiers,108.8,138.9,9.55,14.5,2,66,Chennai Super Kings
MS Bisla,Manvinder Bisla,India,Batsman,Top Order Aggressor,"Eden Gardens > MA Chidambaram Stadium, Chepauk > M Chinnaswamy Stadium > Punjab Cricket Association Stadium, Mohali",Unknown,Not Available,0,Use back-of-a-length deliveries angling across the body. Invite the false drive.,Deploy left-arm orthodox sliding across to restrict strike rotation and build dot pressure.,Not a regular bowler. Focus purely on strike rotation if they are brought on.,Classical opener. Squeeze their scoring zones on the off-side and force aerial risks.,PP Chawla,Not Available,108.3,157.6,0.0,0.0,0,0,Royal Challengers Bangalore
PVD Chameera,Dushmantha Chameera,Sri Lanka,Bowler,Death Over Finisher,"Wankhede Stadium, Mumbai > Maharashtra Cricket Association Stadium, Pune > Arun Jaitley Stadium, Delhi > Dr DY Patil Sports Academy, Mumbai",Unknown,Not Available,0,Bowl rapid back-of-a-length deliveries targeting the ribcage to cramp them for room.,Keep the ball turning away from their hitting arc.,Target this bowler aggressively. High economy rate suggests frequent loose boundary deliveries.,Vulnerable to aggressive intent. Look to disrupt their length early in the over.,Not Available,RM Patidar,108.2,108.3,9.26,10.65,13,420,Delhi Capitals
DJ Harris,Daniel Harris,Australia,Batsman,Top Order Aggressor,Neutral Venues,Unknown,Not Available,0,Use back-of-a-length deliveries angling across the body. Invite the false drive.,Deploy left-arm orthodox sliding across to restrict strike rotation and build dot pressure.,Not a regular bowler. Focus purely on strike rotation if they are brought on.,Classical opener. Squeeze their scoring zones on the off-side and force aerial risks.,M Muralitharan,Not Available,107.8,0.0,8.67,10.0,0,18,Deccan Chargers
BB Samantray,Biplab Samantray,India,Batsman,Middle Order Anchor,"Rajiv Gandhi International Stadium, Uppal",Unknown,Not Available,0,Deploy slow off-cutters gripping into the pitch outside the off-stump.,Use high-quality wrist spin tossed up wide to invite the mistimed slog sweep.,Not a regular bowler. Focus purely on strike rotation if they are brought on.,Middle-order anchor. Build dot-ball pressure with tight lines to force a frustrated lofted shot.,JP Faulkner,Not Available,107.8,135.5,0.0,0.0,0,0,Sunrisers Hyderabad
Vijaykumar Vyshak,Vyshak Vijaykumar,India,Bowler,Death Over Finisher,"M Chinnaswamy Stadium, Bengaluru > Maharaja Yadavindra Singh International Cricket Stadium, New Chandigarh > Wankhede Stadium, Mumbai",Unknown,Not Available,0,Bowl rapid back-of-a-length deliveries targeting the ribcage to cramp them for room.,Keep the ball turning away from their hitting arc.,Target this bowler aggressively. High economy rate suggests frequent loose boundary deliveries.,Vulnerable to aggressive intent. Look to disrupt their length early in the over.,Not Available,KL Rahul,107.7,107.7,9.88,11.56,23,483,Punjab Kings
MDKJ Perera,Kusal Perera,Sri Lanka,New Addition,Top Order Aggressor,Neutral Venues,Unknown,Not Available,0,Use back-of-a-length deliveries angling across the body. Invite the false drive.,Deploy left-arm orthodox sliding across to restrict strike rotation and build dot pressure.,Not a regular bowler. Focus purely on strike rotation if they are brought on.,Classical opener. Squeeze their scoring zones on the off-side and force aerial risks.,Not Available,Not Available,107.7,0.0,0.0,0.0,0,0,Rajasthan Royals
F Behardien,Farhaan Behardien,South Africa,New Addition,Death Over Finisher,Neutral Venues,Unknown,Not Available,0,Bowl rapid back-of-a-length deliveries targeting the ribcage to cramp them for room.,Keep the ball turning away from their hitting arc.,Not a regular bowler. Focus purely on strike rotation if they are brought on.,Lower-order batter. Exploit their lack of footwork with aggressive body-line bowling.,Not Available,Not Available,107.7,116.7,0.0,0.0,0,0,Kings XI Punjab
PP Chawla,Piyush Chawla,India,All-Rounder,Death Over Finisher,"Eden Gardens > Punjab Cricket Association Stadium, Mohali > M Chinnaswamy Stadium > Wankhede Stadium, Mumbai",Unknown,Not Available,0,Bowl rapid back-of-a-length deliveries targeting the ribcage to cramp them for room.,Keep the ball turning away from their hitting arc.,Play out their good deliveries on merit. Look to capitalize on the missed yorker at the death.,Lower-order batter. Exploit their lack of footwork with aggressive body-line bowling.,JA Morkel,Abhishek Sharma,107.6,117.1,7.87,8.51,192,3895,Mumbai Indians
SD Chitnis,Siddhesh Chitnis,India,Batsman,Middle Order Anchor,Wankhede Stadium,Unknown,Not Available,0,Deploy slow off-cutters gripping into the pitch outside the off-stump.,Use high-quality wrist spin tossed up wide to invite the mistimed slog sweep.,Not a regular bowler. Focus purely on strike rotation if they are brought on.,Middle-order anchor. Build dot-ball pressure with tight lines to force a frustrated lofted shot.,VR Aaron,SE Marsh,107.6,113.2,9.47,7.71,2,38,Rajasthan Royals
J Syed Mohammad,Jamaluddin Syed Mohammad,India,Bowler,Death Over Finisher,"MA Chidambaram Stadium, Chepauk",Unknown,Not Available,0,Bowl rapid back-of-a-length deliveries targeting the ribcage to cramp them for room.,Keep the ball turning away from their hitting arc.,Play out their good deliveries on merit. Look to capitalize on the missed yorker at the death.,Solid squad bowler. Exploit their lack of raw pace with calculated aggression.,Not Available,KD Karthik,107.4,125.0,8.66,11.0,8,196,Royal Challengers Bangalore
R Vinay Kumar,Vinay Kumar,India,All-Rounder,Death Over Finisher,M Chinnaswamy Stadium > Eden Gardens > Wankhede Stadium > Nehru Stadium,Unknown,Not Available,0,Bowl rapid back-of-a-length deliveries targeting the ribcage to cramp them for room.,Keep the ball turning away from their hitting arc.,Play out their good deliveries on merit. Look to capitalize on the missed yorker at the death.,Lower-order batter. Exploit their lack of footwork with aggressive body-line bowling.,A Singh,DA Miller,107.3,109.6,8.2,10.11,105,2186,Kolkata Knight Riders
SP Jackson,Sheldon Jackson,India,Batsman,Death Over Finisher,Neutral Venues,Unknown,Not Available,0,Bowl rapid back-of-a-length deliveries targeting the ribcage to cramp them for room.,Keep the ball turning away from their hitting arc.,Not a regular bowler. Focus purely on strike rotation if they are brought on.,Lower-order batter. Exploit their lack of footwork with aggressive body-line bowling.,Not Available,Not Available,107.0,113.3,0.0,0.0,0,0,Kolkata Knight Riders
CM Gautam,CM Gautam,India,Batsman,Top Order Aggressor,Wankhede Stadium,Unknown,Not Available,0,Use back-of-a-length deliveries angling across the body. Invite the false drive.,Deploy left-arm orthodox sliding across to restrict strike rotation and build dot pressure.,Not a regular bowler. Focus purely on strike rotation if they are brought on.,Classical opener. Squeeze their scoring zones on the off-side and force aerial risks.,AB Dinda,Not Available,107.0,122.2,0.0,0.0,0,0,Mumbai Indians
GC Smith,Graeme Smith,South Africa,Batsman,Top Order Aggressor,"Sawai Mansingh Stadium > Kingsmead > MA Chidambaram Stadium, Chepauk > Rajiv Gandhi International Stadium, Uppal",Unknown,Not Available,0,Use back-of-a-length deliveries angling across the body. Invite the false drive.,Deploy left-arm orthodox sliding across to restrict strike rotation and build dot pressure.,Not a regular bowler. Focus purely on strike rotation if they are brought on.,Classical opener. Squeeze their scoring zones on the off-side and force aerial risks.,P Kumar,Not Available,106.9,161.0,0.0,0.0,0,0,Pune Warriors India
Shoaib Malik,Shoaib Malik,Pakistan,Batsman,Middle Order Anchor,Neutral Venues,Unknown,Not Available,0,Deploy slow off-cutters gripping into the pitch outside the off-stump.,Use high-quality wrist spin tossed up wide to invite the mistimed slog sweep.,Not a regular bowler. Focus purely on strike rotation if they are brought on.,Middle-order anchor. Build dot-ball pressure with tight lines to force a frustrated lofted shot.,Not Available,Not Available,106.1,114.3,8.79,9.38,2,58,Delhi Daredevils
SK Rasheed,Shaik Rasheed,India,Batsman,Top Order Aggressor,Neutral Venues,Unknown,Not Available,0,Use back-of-a-length deliveries angling across the body. Invite the false drive.,Deploy left-arm orthodox sliding across to restrict strike rotation and build dot pressure.,Not a regular bowler. Focus purely on strike rotation if they are brought on.,Classical opener. Squeeze their scoring zones on the off-side and force aerial risks.,DL Chahar,Not Available,106.0,0.0,0.0,0.0,0,0,Chennai Super Kings
JH Kallis,Jacques Kallis,South Africa,All-Rounder,Middle Order Anchor,"Eden Gardens > M Chinnaswamy Stadium > MA Chidambaram Stadium, Chepauk > Feroz Shah Kotla",Unknown,Not Available,0,Deploy slow off-cutters gripping into the pitch outside the off-stump.,Use high-quality wrist spin tossed up wide to invite the mistimed slog sweep.,Play out their good deliveries on merit. Look to capitalize on the missed yorker at the death.,Middle-order anchor. Build dot-ball pressure with tight lines to force a frustrated lofted shot.,RP Singh,JP Duminy,105.9,170.6,7.65,9.77,65,1799,Kolkata Knight Riders
JJ van der Wath,Johan van der Wath,South Africa,New Addition,Death Over Finisher,"MA Chidambaram Stadium, Chepauk",Unknown,Not Available,0,Bowl rapid back-of-a-length deliveries targeting the ribcage to cramp them for room.,Keep the ball turning away from their hitting arc.,Not a regular bowler. Focus purely on strike rotation if they are brought on.,Lower-order batter. Exploit their lack of footwork with aggressive body-line bowling.,Not Available,SE Marsh,105.9,116.7,10.18,11.0,3,76,Royal Challengers Bangalore
HH Gibbs,Herschelle Gibbs,South Africa,Batsman,Top Order Aggressor,"Kingsmead > Eden Gardens > New Wanderers Stadium > Rajiv Gandhi International Stadium, Uppal",Unknown,Not Available,0,Use back-of-a-length deliveries angling across the body. Invite the false drive.,Deploy left-arm orthodox sliding across to restrict strike rotation and build dot pressure.,Not a regular bowler. Focus purely on strike rotation if they are brought on.,Classical opener. Squeeze their scoring zones on the off-side and force aerial risks.,Z Khan,Not Available,105.9,156.5,0.0,0.0,0,0,Mumbai Indians
JEC Franklin,James Franklin,New Zealand,All-Rounder,Middle Order Anchor,"Wankhede Stadium > Eden Gardens > MA Chidambaram Stadium, Chepauk",Unknown,Not Available,0,Deploy slow off-cutters gripping into the pitch outside the off-stump.,Use high-quality wrist spin tossed up wide to invite the mistimed slog sweep.,Play out their good deliveries on merit. Look to capitalize on the missed yorker at the death.,Middle-order anchor. Build dot-ball pressure with tight lines to force a frustrated lofted shot.,B Kumar,RV Uthappa,105.8,138.6,8.52,10.5,9,155,Mumbai Indians
M Manhas,Mithun Manhas,India,Batsman,Middle Order Anchor,"Feroz Shah Kotla > Subrata Roy Sahara Stadium > Dr DY Patil Sports Academy > Punjab Cricket Association Stadium, Mohali",Unknown,Not Available,0,Deploy slow off-cutters gripping into the pitch outside the off-stump.,Use high-quality wrist spin tossed up wide to invite the mistimed slog sweep.,Not a regular bowler. Focus purely on strike rotation if they are brought on.,Middle-order anchor. Build dot-ball pressure with tight lines to force a frustrated lofted shot.,P Kumar,Not Available,105.8,128.4,6.0,8.0,0,42,Rising Pune Supergiant
RA Bawa,Raj Bawa,India,New Addition,Middle Order Anchor,Neutral Venues,Unknown,Not Available,0,Deploy slow off-cutters gripping into the pitch outside the off-stump.,Use high-quality wrist spin tossed up wide to invite the mistimed slog sweep.,Not a regular bowler. Focus purely on strike rotation if they are brought on.,Middle-order anchor. Build dot-ball pressure with tight lines to force a frustrated lofted shot.,Not Available,Not Available,105.6,200.0,0.0,0.0,0,0,Punjab Kings
Y Gnaneswara Rao,Yalaka Gnaneswara Rao,India,New Addition,Top Order Aggressor,Neutral Venues,Unknown,Not Available,0,Use back-of-a-length deliveries angling across the body. Invite the false drive.,Deploy left-arm orthodox sliding across to restrict strike rotation and build dot pressure.,Not a regular bowler. Focus purely on strike rotation if they are brought on.,Classical opener. Squeeze their scoring zones on the off-side and force aerial risks.,Not Available,Not Available,105.6,0.0,7.0,0.0,0,6,Delhi Daredevils
Aman Hakim Khan,Aman Hakim Khan,India,Batsman,Middle Order Anchor,"Narendra Modi Stadium, Ahmedabad",Unknown,Not Available,0,Deploy slow off-cutters gripping into the pitch outside the off-stump.,Use high-quality wrist spin tossed up wide to invite the mistimed slog sweep.,Not a regular bowler. Focus purely on strike rotation if they are brought on.,Middle-order anchor. Build dot-ball pressure with tight lines to force a frustrated lofted shot.,Rashid Khan,Not Available,105.5,134.1,13.0,0.0,0,6,Delhi Capitals
P Kumar,Praveen Kumar,India,All-Rounder,Death Over Finisher,"M Chinnaswamy Stadium > Punjab Cricket Association Stadium, Mohali > Wankhede Stadium > Rajiv Gandhi International Stadium, Uppal",Unknown,Not Available,0,Bowl rapid back-of-a-length deliveries targeting the ribcage to cramp them for room.,Keep the ball turning away from their hitting arc.,Elite threat. Treat with immense respect. Focus on rotating the strike and attacking others.,Lower-order batter. Exploit their lack of footwork with aggressive body-line bowling.,SL Malinga,KM Jadhav,105.3,109.7,7.4,9.92,90,2637,Gujarat Lions
AC Thomas,Alfonso Thomas,Australia,Bowler,Death Over Finisher,"Dr DY Patil Sports Academy > Feroz Shah Kotla > MA Chidambaram Stadium, Chepauk",Unknown,Not Available,0,Bowl rapid back-of-a-length deliveries targeting the ribcage to cramp them for room.,Keep the ball turning away from their hitting arc.,Elite threat. Treat with immense respect. Focus on rotating the strike and attacking others.,Frontline strike bowler. See off their best spells and attack the weaker backups.,Not Available,DA Warner,105.3,105.3,7.45,9.81,14,327,Pune Warriors India
J Yadav,Jayant Yadav,India,Bowler,Death Over Finisher,Shaheed Veer Narayan Singh International Stadium,Unknown,Not Available,0,Bowl rapid back-of-a-length deliveries targeting the ribcage to cramp them for room.,Keep the ball turning away from their hitting arc.,Elite threat. Treat with immense respect. Focus on rotating the strike and attacking others.,Frontline strike bowler. See off their best spells and attack the weaker backups.,Not Available,DA Warner,105.3,106.9,6.71,6.95,8,398,Gujarat Titans
RV Patel,Ripal Patel,India,Batsman,Death Over Finisher,Neutral Venues,Unknown,Not Available,0,Bowl rapid back-of-a-length deliveries targeting the ribcage to cramp them for room.,Keep the ball turning away from their hitting arc.,Not a regular bowler. Focus purely on strike rotation if they are brought on.,Lower-order batter. Exploit their lack of footwork with aggressive body-line bowling.,RA Jadeja,Not Available,105.3,118.2,6.6,9.43,0,20,Delhi Capitals
Y Nagar,Yogesh Nagar,India,Batsman,Death Over Finisher,Feroz Shah Kotla > New Wanderers Stadium,Unknown,Not Available,0,Bowl rapid back-of-a-length deliveries targeting the ribcage to cramp them for room.,Keep the ball turning away from their hitting arc.,Not a regular bowler. Focus purely on strike rotation if they are brought on.,Lower-order batter. Exploit their lack of footwork with aggressive body-line bowling.,R Vinay Kumar,Not Available,105.2,132.6,10.42,0.0,4,72,Delhi Daredevils
YV Takawale,Yogesh Takawale,India,Batsman,Top Order Aggressor,Neutral Venues,Unknown,Not Available,0,Use back-of-a-length deliveries angling across the body. Invite the false drive.,Deploy left-arm orthodox sliding across to restrict strike rotation and build dot pressure.,Not a regular bowler. Focus purely on strike rotation if they are brought on.,Classical opener. Squeeze their scoring zones on the off-side and force aerial risks.,SP Narine,Not Available,104.9,223.1,0.0,0.0,0,0,Royal Challengers Bangalore
RR Powar,Ramesh Powar,India,Bowler,Death Over Finisher,Kingsmead,Unknown,Not Available,0,Bowl rapid back-of-a-length deliveries targeting the ribcage to cramp them for room.,Keep the ball turning away from their hitting arc.,Elite threat. Treat with immense respect. Focus on rotating the strike and attacking others.,Frontline strike bowler. See off their best spells and attack the weaker backups.,L Balaji,NV Ojha,104.7,111.7,7.14,8.75,13,443,Kings XI Punjab
RJ Harris,Ryan Harris,Australia,All-Rounder,Death Over Finisher,"Himachal Pradesh Cricket Association Stadium > Punjab Cricket Association Stadium, Mohali > Vidarbha Cricket Association Stadium, Jamtha > M Chinnaswamy Stadium",Unknown,Not Available,0,Bowl rapid back-of-a-length deliveries targeting the ribcage to cramp them for room.,Keep the ball turning away from their hitting arc.,Elite threat. Treat with immense respect. Focus on rotating the strike and attacking others.,Lower-order batter. Exploit their lack of footwork with aggressive body-line bowling.,Not Available,MS Dhoni,104.5,111.5,7.26,9.05,45,865,Kings XI Punjab
N Jagadeesan,Narayan Jagadeesan,India,Batsman,Middle Order Anchor,"Eden Gardens, Kolkata",Unknown,Not Available,0,Deploy slow off-cutters gripping into the pitch outside the off-stump.,Use high-quality wrist spin tossed up wide to invite the mistimed slog sweep.,Not a regular bowler. Focus purely on strike rotation if they are brought on.,Middle-order anchor. Build dot-ball pressure with tight lines to force a frustrated lofted shot.,Mohammed Shami,Not Available,104.5,68.8,0.0,0.0,0,0,Kolkata Knight Riders
KA Jamieson,Kyle Jamieson,New Zealand,Bowler,Death Over Finisher,"Narendra Modi Stadium, Ahmedabad > MA Chidambaram Stadium, Chepauk, Chennai",Unknown,Not Available,0,Bowl rapid back-of-a-length deliveries targeting the ribcage to cramp them for room.,Keep the ball turning away from their hitting arc.,Target this bowler aggressively. High economy rate suggests frequent loose boundary deliveries.,Vulnerable to aggressive intent. Look to disrupt their length early in the over.,Not Available,R Parag,104.1,139.5,9.64,12.36,16,315,Delhi Capitals
VVS Laxman,VVS Laxman,India,Batsman,Top Order Aggressor,"Rajiv Gandhi International Stadium, Uppal > Dr DY Patil Sports Academy > M Chinnaswamy Stadium",Unknown,Not Available,0,Use back-of-a-length deliveries angling across the body. Invite the false drive.,Deploy left-arm orthodox sliding across to restrict strike rotation and build dot pressure.,Not a regular bowler. Focus purely on strike rotation if they are brought on.,Classical opener. Squeeze their scoring zones on the off-side and force aerial risks.,S Sreesanth,Not Available,104.1,50.0,0.0,0.0,0,0,Deccan Chargers
S Gopal,Shreyas Gopal,India,All-Rounder,Death Over Finisher,Sawai Mansingh Stadium > Sheikh Zayed Stadium > M.Chinnaswamy Stadium > Dubai International Cricket Stadium,Unknown,Not Available,0,Bowl rapid back-of-a-length deliveries targeting the ribcage to cramp them for room.,Keep the ball turning away from their hitting arc.,Play out their good deliveries on merit. Look to capitalize on the missed yorker at the death.,Lower-order batter. Exploit their lack of footwork with aggressive body-line bowling.,Not Available,DJ Hooda,104.0,125.0,8.09,6.64,52,1000,Chennai Super Kings
JM Kemp,Justin Kemp,South Africa,New Addition,Middle Order Anchor,Eden Gardens,Unknown,Not Available,0,Deploy slow off-cutters gripping into the pitch outside the off-stump.,Use high-quality wrist spin tossed up wide to invite the mistimed slog sweep.,Not a regular bowler. Focus purely on strike rotation if they are brought on.,Middle-order anchor. Build dot-ball pressure with tight lines to force a frustrated lofted shot.,PP Ojha,Not Available,104.0,44.4,6.89,6.0,3,47,Chennai Super Kings
M Kartik,Murali Kartik,India,All-Rounder,Death Over Finisher,Eden Gardens > M Chinnaswamy Stadium > Wankhede Stadium,Unknown,Not Available,0,Bowl rapid back-of-a-length deliveries targeting the ribcage to cramp them for room.,Keep the ball turning away from their hitting arc.,Elite threat. Treat with immense respect. Focus on rotating the strike and attacking others.,Lower-order batter. Exploit their lack of footwork with aggressive body-line bowling.,M Muralitharan,SV Samson,103.7,101.3,7.05,7.97,31,1182,Kings XI Punjab
Harpreet Singh,Harpreet Singh Bhatia,India,Batsman,Middle Order Anchor,Neutral Venues,Unknown,Not Available,0,Deploy slow off-cutters gripping into the pitch outside the off-stump.,Use high-quality wrist spin tossed up wide to invite the mistimed slog sweep.,Not a regular bowler. Focus purely on strike rotation if they are brought on.,Middle-order anchor. Build dot-ball pressure with tight lines to force a frustrated lofted shot.,HR Shokeen,Not Available,103.4,131.6,0.0,0.0,0,0,Punjab Kings
MJ Santner,Mitchell Santner,New Zealand,All-Rounder,Death Over Finisher,"Wankhede Stadium, Mumbai > Arun Jaitley Stadium, Delhi > MA Chidambaram Stadium > Narendra Modi Stadium, Ahmedabad",Unknown,Not Available,0,Bowl rapid back-of-a-length deliveries targeting the ribcage to cramp them for room.,Keep the ball turning away from their hitting arc.,Elite threat. Treat with immense respect. Focus on rotating the strike and attacking others.,Lower-order batter. Exploit their lack of footwork with aggressive body-line bowling.,Not Available,N Rana,103.0,128.8,7.33,8.53,30,704,Mumbai Indians
DW Steyn,Dale Steyn,South Africa,All-Rounder,Death Over Finisher,"Rajiv Gandhi International Stadium, Uppal > Feroz Shah Kotla > Eden Gardens > Dr. Y.S. Rajasekhara Reddy ACA-VDCA Cricket Stadium",Unknown,Not Available,0,Bowl rapid back-of-a-length deliveries targeting the ribcage to cramp them for room.,Keep the ball turning away from their hitting arc.,Elite threat. Treat with immense respect. Focus on rotating the strike and attacking others.,Lower-order batter. Exploit their lack of footwork with aggressive body-line bowling.,Not Available,KL Rahul,102.5,105.8,6.63,7.95,97,2282,Royal Challengers Bangalore
DL Vettori,Daniel Vettori,New Zealand,All-Rounder,Death Over Finisher,"M Chinnaswamy Stadium > Feroz Shah Kotla > Eden Gardens > MA Chidambaram Stadium, Chepauk",Unknown,Not Available,0,Bowl rapid back-of-a-length deliveries targeting the ribcage to cramp them for room.,Keep the ball turning away from their hitting arc.,Elite threat. Treat with immense respect. Focus on rotating the strike and attacking others.,Lower-order batter. Exploit their lack of footwork with aggressive body-line bowling.,Not Available,YK Pathan,102.5,119.4,6.72,7.99,28,785,Royal Challengers Bangalore
Iqbal Abdulla,Iqbal Abdulla,India,Bowler,Death Over Finisher,"Eden Gardens > M Chinnaswamy Stadium > Wankhede Stadium > Rajiv Gandhi International Stadium, Uppal",Unknown,Not Available,0,Bowl rapid back-of-a-length deliveries targeting the ribcage to cramp them for room.,Keep the ball turning away from their hitting arc.,Elite threat. Treat with immense respect. Focus on rotating the strike and attacking others.,Frontline strike bowler. See off their best spells and attack the weaker backups.,DJ Bravo,G Gambhir,102.3,114.8,7.06,8.32,40,943,Royal Challengers Bangalore
TL Seifert,Tim Seifert,New Zealand,Batsman,Top Order Aggressor,Neutral Venues,Unknown,Not Available,0,Use back-of-a-length deliveries angling across the body. Invite the false drive.,Deploy left-arm orthodox sliding across to restrict strike rotation and build dot pressure.,Not a regular bowler. Focus purely on strike rotation if they are brought on.,Classical opener. Squeeze their scoring zones on the off-side and force aerial risks.,Not Available,Not Available,102.3,40.0,0.0,0.0,0,0,Kolkata Knight Riders
FY Fazal,Faiz Fazal,India,Batsman,Top Order Aggressor,"Sardar Patel Stadium, Motera",Unknown,Not Available,0,Use back-of-a-length deliveries angling across the body. Invite the false drive.,Deploy left-arm orthodox sliding across to restrict strike rotation and build dot pressure.,Not a regular bowler. Focus purely on strike rotation if they are brought on.,Classical opener. Squeeze their scoring zones on the off-side and force aerial risks.,RP Singh,Not Available,102.2,115.2,10.0,10.0,0,12,Rajasthan Royals
MJ Clarke,Michael Clarke,Australia,Batsman,Top Order Aggressor,Subrata Roy Sahara Stadium,Unknown,Not Available,0,Use back-of-a-length deliveries angling across the body. Invite the false drive.,Deploy left-arm orthodox sliding across to restrict strike rotation and build dot pressure.,Not a regular bowler. Focus purely on strike rotation if they are brought on.,Classical opener. Squeeze their scoring zones on the off-side and force aerial risks.,Not Available,BB McCullum,102.1,0.0,6.09,9.0,2,66,Pune Warriors India
OF Smith,Odean Smith,West Indies,Batsman,Death Over Finisher,"Maharashtra Cricket Association Stadium, Pune",Unknown,Not Available,0,Bowl rapid back-of-a-length deliveries targeting the ribcage to cramp them for room.,Keep the ball turning away from their hitting arc.,Not a regular bowler. Focus purely on strike rotation if they are brought on.,Lower-order batter. Exploit their lack of footwork with aggressive body-line bowling.,Not Available,Not Available,102.0,120.0,11.24,13.5,6,95,Punjab Kings
SC Ganguly,Sourav Ganguly,India,All-Rounder,Middle Order Anchor,"Eden Gardens > Rajiv Gandhi International Stadium, Uppal > M Chinnaswamy Stadium > Feroz Shah Kotla",Unknown,Not Available,0,Deploy slow off-cutters gripping into the pitch outside the off-stump.,Use high-quality wrist spin tossed up wide to invite the mistimed slog sweep.,Play out their good deliveries on merit. Look to capitalize on the missed yorker at the death.,Middle-order anchor. Build dot-ball pressure with tight lines to force a frustrated lofted shot.,R Vinay Kumar,V Sehwag,101.7,174.3,7.78,16.0,10,280,Pune Warriors India
RD Chahar,Rahul Chahar,India,All-Rounder,Death Over Finisher,"MA Chidambaram Stadium, Chepauk, Chennai > Sheikh Zayed Stadium > Brabourne Stadium, Mumbai > Dubai International Cricket Stadium",Unknown,Not Available,0,Bowl rapid back-of-a-length deliveries targeting the ribcage to cramp them for room.,Keep the ball turning away from their hitting arc.,Play out their good deliveries on merit. Look to capitalize on the missed yorker at the death.,Lower-order batter. Exploit their lack of footwork with aggressive body-line bowling.,Not Available,RM Patidar,101.6,112.6,7.62,7.97,75,1728,Punjab Kings
M Jansen,Marco Jansen,South Africa,All-Rounder,Death Over Finisher,"Rajiv Gandhi International Stadium, Uppal, Hyderabad > Maharaja Yadavindra Singh International Cricket Stadium, Mullanpur > Sawai Mansingh Stadium, Jaipur > MA Chidambaram Stadium, Chepauk, Chennai",Unknown,Not Available,0,Bowl rapid back-of-a-length deliveries targeting the ribcage to cramp them for room.,Keep the ball turning away from their hitting arc.,Play out their good deliveries on merit. Look to capitalize on the missed yorker at the death.,Lower-order batter. Exploit their lack of footwork with aggressive body-line bowling.,M Pathirana,Abhishek Sharma,101.3,101.7,8.82,10.07,41,956,Punjab Kings
CR Woakes,Chris Woakes,England,Bowler,Death Over Finisher,"Eden Gardens > Wankhede Stadium, Mumbai > M.Chinnaswamy Stadium > Wankhede Stadium",Unknown,Not Available,0,Bowl rapid back-of-a-length deliveries targeting the ribcage to cramp them for room.,Keep the ball turning away from their hitting arc.,Play out their good deliveries on merit. Look to capitalize on the missed yorker at the death.,Solid squad bowler. Exploit their lack of raw pace with calculated aggression.,Not Available,SV Samson,101.3,112.5,8.53,10.05,30,463,Delhi Capitals
Lalit Yadav,Lalit Yadav,India,All-Rounder,Middle Order Anchor,"Brabourne Stadium, Mumbai > Wankhede Stadium, Mumbai > MA Chidambaram Stadium, Chepauk, Chennai",Unknown,Backward Point,2,Deploy slow off-cutters gripping into the pitch outside the off-stump.,Use high-quality wrist spin tossed up wide to invite the mistimed slog sweep.,Play out their good deliveries on merit. Look to capitalize on the missed yorker at the death.,Middle-order anchor. Build dot-ball pressure with tight lines to force a frustrated lofted shot.,SP Narine,JC Buttler,101.3,110.6,8.67,9.86,10,294,Delhi Capitals
K Rabada,Kagiso Rabada,South Africa,All-Rounder,Death Over Finisher,"Dubai International Cricket Stadium > Narendra Modi Stadium, Ahmedabad > Sheikh Zayed Stadium > Arun Jaitley Stadium",Unknown,Not Available,0,Bowl rapid back-of-a-length deliveries targeting the ribcage to cramp them for room.,Keep the ball turning away from their hitting arc.,Play out their good deliveries on merit. Look to capitalize on the missed yorker at the death.,Lower-order batter. Exploit their lack of footwork with aggressive body-line bowling.,JJ Bumrah,EJG Morgan,101.2,111.5,8.34,9.24,136,2214,Gujarat Titans
W Jaffer,Wasim Jaffer,India,Batsman,Top Order Aggressor,M Chinnaswamy Stadium,Unknown,Not Available,0,Use back-of-a-length deliveries angling across the body. Invite the false drive.,Deploy left-arm orthodox sliding across to restrict strike rotation and build dot pressure.,Not a regular bowler. Focus purely on strike rotation if they are brought on.,Classical opener. Squeeze their scoring zones on the off-side and force aerial risks.,Not Available,Not Available,100.8,0.0,0.0,0.0,0,0,Royal Challengers Bangalore
M Kaif,Mohammad Kaif,India,Batsman,Middle Order Anchor,Sawai Mansingh Stadium,Unknown,Not Available,0,Deploy slow off-cutters gripping into the pitch outside the off-stump.,Use high-quality wrist spin tossed up wide to invite the mistimed slog sweep.,Not a regular bowler. Focus purely on strike rotation if they are brought on.,Middle-order anchor. Build dot-ball pressure with tight lines to force a frustrated lofted shot.,A Mishra,Not Available,100.4,120.0,0.0,0.0,0,0,Royal Challengers Bangalore
Mohammed Shami,Mohammed Shami,India,All-Rounder,Death Over Finisher,"Narendra Modi Stadium, Ahmedabad > Dubai International Cricket Stadium > Sharjah Cricket Stadium > Wankhede Stadium, Mumbai",Unknown,Not Available,0,Bowl rapid back-of-a-length deliveries targeting the ribcage to cramp them for room.,Keep the ball turning away from their hitting arc.,Play out their good deliveries on merit. Look to capitalize on the missed yorker at the death.,Lower-order batter. Exploit their lack of footwork with aggressive body-line bowling.,Not Available,AD Russell,100.0,100.0,8.26,10.23,140,2909,Lucknow Super Giants
S Aravind,Sreenath Aravind,India,Bowler,Death Over Finisher,"M Chinnaswamy Stadium > Eden Gardens > MA Chidambaram Stadium, Chepauk > Sawai Mansingh Stadium",Unknown,Not Available,0,Bowl rapid back-of-a-length deliveries targeting the ribcage to cramp them for room.,Keep the ball turning away from their hitting arc.,Play out their good deliveries on merit. Look to capitalize on the missed yorker at the death.,Solid squad bowler. Exploit their lack of raw pace with calculated aggression.,Not Available,Ishan Kishan,100.0,104.3,7.91,9.27,45,788,Royal Challengers Bangalore
CJ Jordan,Chris Jordan,England,Bowler,Death Over Finisher,"M Chinnaswamy Stadium > Dubai International Cricket Stadium > Narendra Modi Stadium, Ahmedabad > Sharjah Cricket Stadium",Unknown,Not Available,0,Bowl rapid back-of-a-length deliveries targeting the ribcage to cramp them for room.,Keep the ball turning away from their hitting arc.,Target this bowler aggressively. High economy rate suggests frequent loose boundary deliveries.,Vulnerable to aggressive intent. Look to disrupt their length early in the over.,Not Available,Rashid Khan,100.0,106.7,9.05,10.72,30,717,Chennai Super Kings
GB Hogg,Brad Hogg,Australia,Bowler,Death Over Finisher,"Eden Gardens > Sawai Mansingh Stadium > Wankhede Stadium > MA Chidambaram Stadium, Chepauk",Unknown,Not Available,0,Bowl rapid back-of-a-length deliveries targeting the ribcage to cramp them for room.,Keep the ball turning away from their hitting arc.,Elite threat. Treat with immense respect. Focus on rotating the strike and attacking others.,Frontline strike bowler. See off their best spells and attack the weaker backups.,Not Available,GJ Maxwell,100.0,100.0,7.34,7.68,23,466,Kolkata Knight Riders
AD Mascarenhas,Dimitri Mascarenhas,England,Bowler,Death Over Finisher,"Punjab Cricket Association Stadium, Mohali > Newlands > Sawai Mansingh Stadium > Brabourne Stadium",Unknown,Not Available,0,Bowl rapid back-of-a-length deliveries targeting the ribcage to cramp them for room.,Keep the ball turning away from their hitting arc.,Elite threat. Treat with immense respect. Focus on rotating the strike and attacking others.,Frontline strike bowler. See off their best spells and attack the weaker backups.,Not Available,CH Gayle,100.0,119.5,6.89,9.33,19,310,Kings XI Punjab
Rasikh Salam,Rasikh Salam,India,Bowler,Death Over Finisher,"Arun Jaitley Stadium, Delhi > M Chinnaswamy Stadium, Bengaluru",Unknown,Not Available,0,Bowl rapid back-of-a-length deliveries targeting the ribcage to cramp them for room.,Keep the ball turning away from their hitting arc.,Target this bowler aggressively. High economy rate suggests frequent loose boundary deliveries.,Vulnerable to aggressive intent. Look to disrupt their length early in the over.,Not Available,JC Buttler,100.0,116.0,9.53,9.69,16,343,Delhi Capitals
SJ Srivastava,Shalabh Srivastava,India,Bowler,Death Over Finisher,"Punjab Cricket Association Stadium, Mohali > Himachal Pradesh Cricket Association Stadium",Unknown,Not Available,0,Bowl rapid back-of-a-length deliveries targeting the ribcage to cramp them for room.,Keep the ball turning away from their hitting arc.,Play out their good deliveries on merit. Look to capitalize on the missed yorker at the death.,Solid squad bowler. Exploit their lack of raw pace with calculated aggression.,Not Available,SC Ganguly,100.0,100.0,8.65,8.8,14,306,Kings XI Punjab
DG Nalkande,Darshan Nalkande,India,New Addition,Middle Order Anchor,"Bharat Ratna Shri Atal Bihari Vajpayee Ekana Cricket Stadium, Lucknow",Unknown,Not Available,0,Deploy slow off-cutters gripping into the pitch outside the off-stump.,Use high-quality wrist spin tossed up wide to invite the mistimed slog sweep.,Not a regular bowler. Focus purely on strike rotation if they are brought on.,Middle-order anchor. Build dot-ball pressure with tight lines to force a frustrated lofted shot.,Not Available,LS Livingstone,100.0,0.0,9.98,9.0,6,89,Gujarat Titans
VS Malik,Vikramjeet Malik,India,Bowler,Death Over Finisher,Neutral Venues,Unknown,Not Available,0,Bowl rapid back-of-a-length deliveries targeting the ribcage to cramp them for room.,Keep the ball turning away from their hitting arc.,Elite threat. Treat with immense respect. Focus on rotating the strike and attacking others.,Frontline strike bowler. See off their best spells and attack the weaker backups.,Not Available,S Dhawan,100.0,100.0,7.39,10.29,6,212,Rajasthan Royals
DP Vijaykumar,DP Vijaykumar,India,Bowler,Death Over Finisher,Neutral Venues,Unknown,Not Available,0,Bowl rapid back-of-a-length deliveries targeting the ribcage to cramp them for room.,Keep the ball turning away from their hitting arc.,Play out their good deliveries on merit. Look to capitalize on the missed yorker at the death.,Solid squad bowler. Exploit their lack of raw pace with calculated aggression.,Not Available,SP Fleming,100.0,100.0,7.51,10.06,4,159,Deccan Chargers
RJ Peterson,Robin Peterson,South Africa,Batsman,Death Over Finisher,Feroz Shah Kotla,Unknown,Not Available,0,Bowl rapid back-of-a-length deliveries targeting the ribcage to cramp them for room.,Keep the ball turning away from their hitting arc.,Not a regular bowler. Focus purely on strike rotation if they are brought on.,Lower-order batter. Exploit their lack of footwork with aggressive body-line bowling.,Not Available,KP Pietersen,100.0,105.6,8.75,13.0,3,48,Mumbai Indians
RJ Gleeson,Richard Gleeson,England,New Addition,Death Over Finisher,Neutral Venues,Unknown,Not Available,0,Bowl rapid back-of-a-length deliveries targeting the ribcage to cramp them for room.,Keep the ball turning away from their hitting arc.,Not a regular bowler. Focus purely on strike rotation if they are brought on.,Lower-order batter. Exploit their lack of footwork with aggressive body-line bowling.,Not Available,Not Available,100.0,100.0,9.04,10.5,2,73,Chennai Super Kings
PVSN Raju,Venkatapathy Raju,India,New Addition,Death Over Finisher,Neutral Venues,Unknown,Not Available,0,Bowl rapid back-of-a-length deliveries targeting the ribcage to cramp them for room.,Keep the ball turning away from their hitting arc.,Not a regular bowler. Focus purely on strike rotation if they are brought on.,Lower-order batter. Exploit their lack of footwork with aggressive body-line bowling.,Not Available,Not Available,100.0,100.0,10.97,10.5,1,29,Deccan Chargers
RG More,Ronit More,India,New Addition,Death Over Finisher,Neutral Venues,Unknown,Not Available,0,Bowl rapid back-of-a-length deliveries targeting the ribcage to cramp them for room.,Keep the ball turning away from their hitting arc.,Not a regular bowler. Focus purely on strike rotation if they are brought on.,Lower-order batter. Exploit their lack of footwork with aggressive body-line bowling.,Not Available,RV Uthappa,100.0,100.0,9.57,8.67,1,37,Chennai Super Kings
AR Bawne,Ankit Bawne,India,New Addition,Death Over Finisher,Neutral Venues,Unknown,Not Available,0,Bowl rapid back-of-a-length deliveries targeting the ribcage to cramp them for room.,Keep the ball turning away from their hitting arc.,Not a regular bowler. Focus purely on strike rotation if they are brought on.,Lower-order batter. Exploit their lack of footwork with aggressive body-line bowling.,Not Available,Not Available,100.0,100.0,0.0,0.0,0,0,Delhi Daredevils
DJ Malan,Dawid Malan,England,New Addition,Middle Order Anchor,Neutral Venues,Unknown,Not Available,0,Deploy slow off-cutters gripping into the pitch outside the off-stump.,Use high-quality wrist spin tossed up wide to invite the mistimed slog sweep.,Not a regular bowler. Focus purely on strike rotation if they are brought on.,Middle-order anchor. Build dot-ball pressure with tight lines to force a frustrated lofted shot.,Not Available,Not Available,100.0,0.0,0.0,0.0,0,0,Punjab Kings
Liton Das,Litton Das,Bangladesh,New Addition,Top Order Aggressor,Neutral Venues,Unknown,Not Available,0,Use back-of-a-length deliveries angling across the body. Invite the false drive.,Deploy left-arm orthodox sliding across to restrict strike rotation and build dot pressure.,Not a regular bowler. Focus purely on strike rotation if they are brought on.,Classical opener. Squeeze their scoring zones on the off-side and force aerial risks.,Not Available,Not Available,100.0,0.0,0.0,0.0,0,0,Kolkata Knight Riders
Abdul Basith,Abdul Basith,India,New Addition,Death Over Finisher,Neutral Venues,Unknown,Not Available,0,Bowl rapid back-of-a-length deliveries targeting the ribcage to cramp them for room.,Keep the ball turning away from their hitting arc.,Not a regular bowler. Focus purely on strike rotation if they are brought on.,Lower-order batter. Exploit their lack of footwork with aggressive body-line bowling.,Not Available,Not Available,100.0,100.0,0.0,0.0,0,0,Rajasthan Royals
MD Shanaka,Dasun Shanaka,Sri Lanka,New Addition,Middle Order Anchor,Neutral Venues,Unknown,Not Available,0,Deploy slow off-cutters gripping into the pitch outside the off-stump.,Use high-quality wrist spin tossed up wide to invite the mistimed slog sweep.,Not a regular bowler. Focus purely on strike rotation if they are brought on.,Middle-order anchor. Build dot-ball pressure with tight lines to force a frustrated lofted shot.,Not Available,Not Available,100.0,100.0,0.0,0.0,0,0,Rajasthan Royals
SZ Mulani,Shams Mulani,India,New Addition,Death Over Finisher,Neutral Venues,Unknown,Not Available,0,Bowl rapid back-of-a-length deliveries targeting the ribcage to cramp them for room.,Keep the ball turning away from their hitting arc.,Not a regular bowler. Focus purely on strike rotation if they are brought on.,Lower-order batter. Exploit their lack of footwork with aggressive body-line bowling.,Not Available,Not Available,100.0,100.0,10.36,15.75,0,33,Mumbai Indians
Kumar Kushagra,Kumar Kushagra,India,New Addition,Top Order Aggressor,Neutral Venues,Unknown,Not Available,0,Use back-of-a-length deliveries angling across the body. Invite the false drive.,Deploy left-arm orthodox sliding across to restrict strike rotation and build dot pressure.,Not a regular bowler. Focus purely on strike rotation if they are brought on.,Classical opener. Squeeze their scoring zones on the off-side and force aerial risks.,Not Available,Not Available,100.0,0.0,0.0,0.0,0,0,Delhi Capitals
VS Yeligati,V Yeligati,India,New Addition,Death Over Finisher,Neutral Venues,Unknown,Not Available,0,Bowl rapid back-of-a-length deliveries targeting the ribcage to cramp them for room.,Keep the ball turning away from their hitting arc.,Not a regular bowler. Focus purely on strike rotation if they are brought on.,Lower-order batter. Exploit their lack of footwork with aggressive body-line bowling.,Not Available,LA Pomersbach,100.0,100.0,11.06,13.0,0,32,Mumbai Indians
DT Patil,Dishant Patil,India,New Addition,Middle Order Anchor,Neutral Venues,Unknown,Not Available,0,Deploy slow off-cutters gripping into the pitch outside the off-stump.,Use high-quality wrist spin tossed up wide to invite the mistimed slog sweep.,Not a regular bowler. Focus purely on strike rotation if they are brought on.,Middle-order anchor. Build dot-ball pressure with tight lines to force a frustrated lofted shot.,Not Available,Not Available,100.0,400.0,0.0,0.0,0,0,Unattached
Mashrafe Mortaza,Mashrafe Mortaza,Bangladesh,New Addition,Death Over Finisher,Neutral Venues,Unknown,Not Available,0,Bowl rapid back-of-a-length deliveries targeting the ribcage to cramp them for room.,Keep the ball turning away from their hitting arc.,Not a regular bowler. Focus purely on strike rotation if they are brought on.,Lower-order batter. Exploit their lack of footwork with aggressive body-line bowling.,Not Available,AC Gilchrist,100.0,100.0,12.43,12.8,0,28,Kolkata Knight Riders
NJ Rimmington,Nathan Rimmington,Australia,New Addition,Death Over Finisher,Neutral Venues,Unknown,Not Available,0,Bowl rapid back-of-a-length deliveries targeting the ribcage to cramp them for room.,Keep the ball turning away from their hitting arc.,Not a regular bowler. Focus purely on strike rotation if they are brought on.,Lower-order batter. Exploit their lack of footwork with aggressive body-line bowling.,Not Available,Not Available,100.0,100.0,6.33,0.0,0,18,Pune Warriors India
AA Jhunjhunwala,Abhishek Jhunjhunwala,India,Batsman,Middle Order Anchor,"Sardar Patel Stadium, Motera",Unknown,Not Available,0,Deploy slow off-cutters gripping into the pitch outside the off-stump.,Use high-quality wrist spin tossed up wide to invite the mistimed slog sweep.,Not a regular bowler. Focus purely on strike rotation if they are brought on.,Middle-order anchor. Build dot-ball pressure with tight lines to force a frustrated lofted shot.,JH Kallis,JA Morkel,99.5,130.2,8.8,12.0,1,88,Deccan Chargers
MG Johnson,Mitchell Johnson,Australia,All-Rounder,Death Over Finisher,"Wankhede Stadium > Eden Gardens > M Chinnaswamy Stadium > Punjab Cricket Association Stadium, Mohali",Unknown,Not Available,0,Bowl rapid back-of-a-length deliveries targeting the ribcage to cramp them for room.,Keep the ball turning away from their hitting arc.,Play out their good deliveries on merit. Look to capitalize on the missed yorker at the death.,Lower-order batter. Exploit their lack of footwork with aggressive body-line bowling.,SP Narine,F du Plessis,99.4,106.8,7.88,8.98,62,1301,Kolkata Knight Riders
JDS Neesham,Jimmy Neesham,New Zealand,Bowler,Death Over Finisher,Sharjah Cricket Stadium > Sheikh Zayed Stadium,Unknown,Not Available,0,Bowl rapid back-of-a-length deliveries targeting the ribcage to cramp them for room.,Keep the ball turning away from their hitting arc.,Target this bowler aggressively. High economy rate suggests frequent loose boundary deliveries.,Vulnerable to aggressive intent. Look to disrupt their length early in the over.,Not Available,MK Pandey,98.9,89.4,9.03,20.0,8,222,Rajasthan Royals
MS Wade,Matthew Wade,Australia,Batsman,Top Order Aggressor,"Wankhede Stadium, Mumbai",Unknown,Not Available,0,Use back-of-a-length deliveries angling across the body. Invite the false drive.,Deploy left-arm orthodox sliding across to restrict strike rotation and build dot pressure.,Not a regular bowler. Focus purely on strike rotation if they are brought on.,Classical opener. Squeeze their scoring zones on the off-side and force aerial risks.,TA Boult,Not Available,98.9,0.0,0.0,0.0,0,0,Gujarat Titans
UT Yadav,Umesh Yadav,India,All-Rounder,Death Over Finisher,Feroz Shah Kotla > Eden Gardens > M.Chinnaswamy Stadium > M Chinnaswamy Stadium,Unknown,Not Available,0,Bowl rapid back-of-a-length deliveries targeting the ribcage to cramp them for room.,Keep the ball turning away from their hitting arc.,Play out their good deliveries on merit. Look to capitalize on the missed yorker at the death.,Lower-order batter. Exploit their lack of footwork with aggressive body-line bowling.,Not Available,RR Pant,98.6,103.5,8.15,9.92,144,3190,Gujarat Titans
HR Shokeen,Hrithik Shokeen,India,Bowler,Middle Order Anchor,"Wankhede Stadium, Mumbai > Dr DY Patil Sports Academy, Mumbai",Unknown,Not Available,0,Deploy slow off-cutters gripping into the pitch outside the off-stump.,Use high-quality wrist spin tossed up wide to invite the mistimed slog sweep.,Play out their good deliveries on merit. Look to capitalize on the missed yorker at the death.,Solid squad bowler. Exploit their lack of raw pace with calculated aggression.,D Pretorius,MK Pandey,98.5,121.1,8.85,24.0,5,213,Mumbai Indians
PA Reddy,Akshath Reddy,India,Batsman,Top Order Aggressor,"Rajiv Gandhi International Stadium, Uppal",Unknown,Not Available,0,Use back-of-a-length deliveries angling across the body. Invite the false drive.,Deploy left-arm orthodox sliding across to restrict strike rotation and build dot pressure.,Not a regular bowler. Focus purely on strike rotation if they are brought on.,Classical opener. Squeeze their scoring zones on the off-side and force aerial risks.,R Vinay Kumar,Not Available,98.2,300.0,0.0,0.0,0,0,Sunrisers Hyderabad
R Rampaul,Ravi Rampaul,West Indies,Bowler,Death Over Finisher,"M Chinnaswamy Stadium > MA Chidambaram Stadium, Chepauk > Sawai Mansingh Stadium",Unknown,Not Available,0,Bowl rapid back-of-a-length deliveries targeting the ribcage to cramp them for room.,Keep the ball turning away from their hitting arc.,Elite threat. Treat with immense respect. Focus on rotating the strike and attacking others.,Frontline strike bowler. See off their best spells and attack the weaker backups.,Not Available,IK Pathan,98.1,100.0,6.67,11.02,16,278,Royal Challengers Bangalore
RJ Quiney,Rob Quiney,Australia,Batsman,Top Order Aggressor,Kingsmead,Unknown,Not Available,0,Use back-of-a-length deliveries angling across the body. Invite the false drive.,Deploy left-arm orthodox sliding across to restrict strike rotation and build dot pressure.,Not a regular bowler. Focus purely on strike rotation if they are brought on.,Classical opener. Squeeze their scoring zones on the off-side and force aerial risks.,S Tyagi,Not Available,98.1,33.3,0.0,0.0,0,0,Unattached
N Saini,Navdeep Saini,India,Batsman,Top Order Aggressor,Neutral Venues,Unknown,Not Available,0,Use back-of-a-length deliveries angling across the body. Invite the false drive.,Deploy left-arm orthodox sliding across to restrict strike rotation and build dot pressure.,Not a regular bowler. Focus purely on strike rotation if they are brought on.,Classical opener. Squeeze their scoring zones on the off-side and force aerial risks.,Z Khan,Not Available,97.9,87.5,0.0,0.0,0,0,Rajasthan Royals
SB Styris,Scott Styris,New Zealand,All-Rounder,Middle Order Anchor,"Newlands > MA Chidambaram Stadium, Chepauk",Unknown,Not Available,0,Deploy slow off-cutters gripping into the pitch outside the off-stump.,Use high-quality wrist spin tossed up wide to invite the mistimed slog sweep.,Elite threat. Treat with immense respect. Focus on rotating the strike and attacking others.,Middle-order anchor. Build dot-ball pressure with tight lines to force a frustrated lofted shot.,M Muralitharan,DJ Hussey,97.8,142.9,7.46,10.27,8,222,Chennai Super Kings
TA Boult,Trent Boult,New Zealand,Bowler,Death Over Finisher,"Wankhede Stadium, Mumbai > Arun Jaitley Stadium > Dubai International Cricket Stadium > MA Chidambaram Stadium, Chepauk, Chennai",Unknown,Not Available,0,Bowl short and at the body.,Keep it simple and at the stumps.,Watch out for the trademark first-over inswinger to the right-hander. Play with a straight bat.,Powerplay specialist. Do not chase wide deliveries early; protect your wickets in the first 6 overs.,Not Available,AB de Villiers,97.7,100.0,8.18,10.16,145,2871,Mumbai Indians
AB Barath,Adrian Barath,West Indies,Batsman,Middle Order Anchor,Neutral Venues,Unknown,Not Available,0,Deploy slow off-cutters gripping into the pitch outside the off-stump.,Use high-quality wrist spin tossed up wide to invite the mistimed slog sweep.,Not a regular bowler. Focus purely on strike rotation if they are brought on.,Middle-order anchor. Build dot-ball pressure with tight lines to force a frustrated lofted shot.,Not Available,Not Available,97.7,40.0,0.0,0.0,0,0,Kings XI Punjab
NK Patel,Niraj Patel,India,Batsman,Top Order Aggressor,"Punjab Cricket Association Stadium, Mohali",Unknown,Not Available,0,Use back-of-a-length deliveries angling across the body. Invite the false drive.,Deploy left-arm orthodox sliding across to restrict strike rotation and build dot pressure.,Not a regular bowler. Focus purely on strike rotation if they are brought on.,Classical opener. Squeeze their scoring zones on the off-side and force aerial risks.,DW Steyn,Not Available,97.6,160.9,0.0,0.0,0,0,Rajasthan Royals
JR Philippe,Josh Philippe,Australia,Batsman,Top Order Aggressor,Neutral Venues,Unknown,Not Available,0,Use back-of-a-length deliveries angling across the body. Invite the false drive.,Deploy left-arm orthodox sliding across to restrict strike rotation and build dot pressure.,Not a regular bowler. Focus purely on strike rotation if they are brought on.,Classical opener. Squeeze their scoring zones on the off-side and force aerial risks.,Not Available,Not Available,97.5,50.0,0.0,0.0,0,0,Royal Challengers Bangalore
CA Pujara,Cheteshwar Pujara,India,Batsman,Top Order Aggressor,"Sharjah Cricket Stadium > Eden Gardens > M Chinnaswamy Stadium > Punjab Cricket Association Stadium, Mohali",Unknown,Not Available,0,Use back-of-a-length deliveries angling across the body. Invite the false drive.,Deploy left-arm orthodox sliding across to restrict strike rotation and build dot pressure.,Not a regular bowler. Focus purely on strike rotation if they are brought on.,Classical opener. Squeeze their scoring zones on the off-side and force aerial risks.,SK Trivedi,Not Available,96.8,109.3,0.0,0.0,0,0,Chennai Super Kings
Vishnu Vinod,Vishnu Vinod,India,Batsman,Middle Order Anchor,Neutral Venues,Unknown,Not Available,0,Deploy slow off-cutters gripping into the pitch outside the off-stump.,Use high-quality wrist spin tossed up wide to invite the mistimed slog sweep.,Not a regular bowler. Focus purely on strike rotation if they are brought on.,Middle-order anchor. Build dot-ball pressure with tight lines to force a frustrated lofted shot.,Not Available,Not Available,96.6,109.1,0.0,0.0,0,0,Mumbai Indians
JDP Oram,Jacob Oram,New Zealand,All-Rounder,Middle Order Anchor,"Kingsmead > MA Chidambaram Stadium, Chepauk > SuperSport Park",Unknown,Not Available,0,Deploy slow off-cutters gripping into the pitch outside the off-stump.,Use high-quality wrist spin tossed up wide to invite the mistimed slog sweep.,Play out their good deliveries on merit. Look to capitalize on the missed yorker at the death.,Middle-order anchor. Build dot-ball pressure with tight lines to force a frustrated lofted shot.,Not Available,LRPL Taylor,96.4,121.6,8.58,7.89,9,244,Mumbai Indians
KB Arun Karthik,Arun Karthik,India,Batsman,Death Over Finisher,Neutral Venues,Unknown,Not Available,0,Bowl rapid back-of-a-length deliveries targeting the ribcage to cramp them for room.,Keep the ball turning away from their hitting arc.,Not a regular bowler. Focus purely on strike rotation if they are brought on.,Lower-order batter. Exploit their lack of footwork with aggressive body-line bowling.,Not Available,Not Available,96.2,83.3,0.0,0.0,0,0,Royal Challengers Bangalore
Kartik Tyagi,Kartik Tyagi,India,Bowler,Death Over Finisher,"Dubai International Cricket Stadium > Eden Gardens, Kolkata > Sheikh Zayed Stadium",Unknown,Not Available,0,Bowl rapid back-of-a-length deliveries targeting the ribcage to cramp them for room.,Keep the ball turning away from their hitting arc.,Target this bowler aggressively. High economy rate suggests frequent loose boundary deliveries.,Vulnerable to aggressive intent. Look to disrupt their length early in the over.,Not Available,HH Pandya,96.0,87.0,9.3,9.75,24,628,Sunrisers Hyderabad
J Arunkumar,J Arunkumar,India,New Addition,Top Order Aggressor,Neutral Venues,Unknown,Not Available,0,Use back-of-a-length deliveries angling across the body. Invite the false drive.,Deploy left-arm orthodox sliding across to restrict strike rotation and build dot pressure.,Not a regular bowler. Focus purely on strike rotation if they are brought on.,Classical opener. Squeeze their scoring zones on the off-side and force aerial risks.,Not Available,Not Available,95.8,0.0,0.0,0.0,0,0,Royal Challengers Bangalore
UBT Chand,Unmukt Chand,India,Batsman,Top Order Aggressor,Feroz Shah Kotla > M Chinnaswamy Stadium > Shaheed Veer Narayan Singh International Stadium,Unknown,Not Available,0,Use back-of-a-length deliveries angling across the body. Invite the false drive.,Deploy left-arm orthodox sliding across to restrict strike rotation and build dot pressure.,Not a regular bowler. Focus purely on strike rotation if they are brought on.,Classical opener. Squeeze their scoring zones on the off-side and force aerial risks.,P Kumar,Not Available,95.5,157.9,0.0,0.0,0,0,Mumbai Indians
SP Goswami,Shreevats Goswami,India,Batsman,Top Order Aggressor,M Chinnaswamy Stadium > Kingsmead,Unknown,Not Available,0,Use back-of-a-length deliveries angling across the body. Invite the false drive.,Deploy left-arm orthodox sliding across to restrict strike rotation and build dot pressure.,Not a regular bowler. Focus purely on strike rotation if they are brought on.,Classical opener. Squeeze their scoring zones on the off-side and force aerial risks.,AB Agarkar,Not Available,95.4,113.0,0.0,0.0,0,0,Sunrisers Hyderabad
NJ Maddinson,Nic Maddinson,Australia,New Addition,Top Order Aggressor,Neutral Venues,Unknown,Not Available,0,Use back-of-a-length deliveries angling across the body. Invite the false drive.,Deploy left-arm orthodox sliding across to restrict strike rotation and build dot pressure.,Not a regular bowler. Focus purely on strike rotation if they are brought on.,Classical opener. Squeeze their scoring zones on the off-side and force aerial risks.,Not Available,Not Available,95.2,0.0,0.0,0.0,0,0,Royal Challengers Bangalore
MM Patel,Munaf Patel,India,Bowler,Death Over Finisher,"Wankhede Stadium > Sawai Mansingh Stadium > MA Chidambaram Stadium, Chepauk > Punjab Cricket Association Stadium, Mohali",Unknown,Not Available,0,Bowl rapid back-of-a-length deliveries targeting the ribcage to cramp them for room.,Keep the ball turning away from their hitting arc.,Elite threat. Treat with immense respect. Focus on rotating the strike and attacking others.,Frontline strike bowler. See off their best spells and attack the weaker backups.,Not Available,RG Sharma,95.1,102.6,7.37,10.3,74,1382,Gujarat Lions
PR Shah,Pinal Shah,India,Batsman,Middle Order Anchor,Neutral Venues,Unknown,Not Available,0,Deploy slow off-cutters gripping into the pitch outside the off-stump.,Use high-quality wrist spin tossed up wide to invite the mistimed slog sweep.,Not a regular bowler. Focus purely on strike rotation if they are brought on.,Middle-order anchor. Build dot-ball pressure with tight lines to force a frustrated lofted shot.,Not Available,Not Available,94.8,112.5,0.0,0.0,0,0,Mumbai Indians
DS Lehmann,Darren Lehmann,Australia,New Addition,Middle Order Anchor,Neutral Venues,Unknown,Not Available,0,Deploy slow off-cutters gripping into the pitch outside the off-stump.,Use high-quality wrist spin tossed up wide to invite the mistimed slog sweep.,Not a regular bowler. Focus purely on strike rotation if they are brought on.,Middle-order anchor. Build dot-ball pressure with tight lines to force a frustrated lofted shot.,Not Available,Not Available,94.7,0.0,0.0,0.0,0,0,Rajasthan Royals
RV Gomez,Raiphi Gomez,India,Batsman,Death Over Finisher,Nehru Stadium,Unknown,Not Available,0,Bowl rapid back-of-a-length deliveries targeting the ribcage to cramp them for room.,Keep the ball turning away from their hitting arc.,Not a regular bowler. Focus purely on strike rotation if they are brought on.,Lower-order batter. Exploit their lack of footwork with aggressive body-line bowling.,Not Available,Not Available,94.3,111.1,7.98,12.5,5,97,Pune Warriors India
A Nortje,Anrich Nortje,South Africa,Bowler,Death Over Finisher,"Dubai International Cricket Stadium > Sharjah Cricket Stadium > Arun Jaitley Stadium, Delhi > Dr DY Patil Sports Academy, Mumbai",Unknown,Not Available,0,Bowl rapid back-of-a-length deliveries targeting the ribcage to cramp them for room.,Keep the ball turning away from their hitting arc.,Play out their good deliveries on merit. Look to capitalize on the missed yorker at the death.,Solid squad bowler. Exploit their lack of raw pace with calculated aggression.,Not Available,R Parag,94.2,94.2,8.7,9.64,61,1169,Lucknow Super Giants
G Coetzee,Gerald Coetzee,South Africa,Bowler,Death Over Finisher,"Wankhede Stadium, Mumbai > Narendra Modi Stadium, Ahmedabad > Maharaja Yadavindra Singh International Cricket Stadium, Mullanpur",Unknown,Not Available,0,Bowl rapid back-of-a-length deliveries targeting the ribcage to cramp them for room.,Keep the ball turning away from their hitting arc.,Target this bowler aggressively. High economy rate suggests frequent loose boundary deliveries.,Vulnerable to aggressive intent. Look to disrupt their length early in the over.,Not Available,R Parag,93.9,95.8,9.7,9.96,15,292,Mumbai Indians
GR Napier,Graham Napier,England,New Addition,Middle Order Anchor,Neutral Venues,Unknown,Not Available,0,Deploy slow off-cutters gripping into the pitch outside the off-stump.,Use high-quality wrist spin tossed up wide to invite the mistimed slog sweep.,Not a regular bowler. Focus purely on strike rotation if they are brought on.,Middle-order anchor. Build dot-ball pressure with tight lines to force a frustrated lofted shot.,Not Available,BJ Hodge,93.8,125.0,6.75,0.0,1,24,Mumbai Indians
RR Sarwan,Ramnaresh Sarwan,West Indies,Batsman,Top Order Aggressor,Neutral Venues,Unknown,Not Available,0,Use back-of-a-length deliveries angling across the body. Invite the false drive.,Deploy left-arm orthodox sliding across to restrict strike rotation and build dot pressure.,Not a regular bowler. Focus purely on strike rotation if they are brought on.,Classical opener. Squeeze their scoring zones on the off-side and force aerial risks.,Not Available,Not Available,93.6,0.0,0.0,0.0,0,0,Kings XI Punjab
M Klinger,Michael Klinger,Australia,Batsman,Top Order Aggressor,Neutral Venues,Unknown,Not Available,0,Use back-of-a-length deliveries angling across the body. Invite the false drive.,Deploy left-arm orthodox sliding across to restrict strike rotation and build dot pressure.,Not a regular bowler. Focus purely on strike rotation if they are brought on.,Classical opener. Squeeze their scoring zones on the off-side and force aerial risks.,IK Pathan,Not Available,93.6,0.0,0.0,0.0,0,0,Kochi Tuskers Kerala
SB Jakati,Shadab Jakati,India,Bowler,Death Over Finisher,"MA Chidambaram Stadium, Chepauk > New Wanderers Stadium > Buffalo Park > Dr DY Patil Sports Academy",Unknown,Not Available,0,Bowl rapid back-of-a-length deliveries targeting the ribcage to cramp them for room.,Keep the ball turning away from their hitting arc.,Play out their good deliveries on merit. Look to capitalize on the missed yorker at the death.,Solid squad bowler. Exploit their lack of raw pace with calculated aggression.,Not Available,NV Ojha,93.3,93.3,7.91,9.34,47,1101,Gujarat Lions
MC Juneja,Manpreet Juneja,India,Batsman,Middle Order Anchor,Feroz Shah Kotla,Unknown,Not Available,0,Deploy slow off-cutters gripping into the pitch outside the off-stump.,Use high-quality wrist spin tossed up wide to invite the mistimed slog sweep.,Not a regular bowler. Focus purely on strike rotation if they are brought on.,Middle-order anchor. Build dot-ball pressure with tight lines to force a frustrated lofted shot.,Not Available,Not Available,93.3,106.2,0.0,0.0,0,0,Sunrisers Hyderabad
MA Starc,Mitchell Starc,Australia,All-Rounder,Death Over Finisher,"M Chinnaswamy Stadium > Dr. Y.S. Rajasekhara Reddy ACA-VDCA Cricket Stadium, Visakhapatnam > Eden Gardens, Kolkata > Arun Jaitley Stadium, Delhi",Unknown,Not Available,0,"Target the stumps with full, fast deliveries if he bats.",Bowl flat and straight.,Beware of the lethal inswinging yorker. See off his first spell without taking risks.,Premium strike bowler. Play out his early swing and capitalize in his later spells if he loses rhythm.,Not Available,H Klaasen,92.5,87.1,8.22,8.55,68,1151,Delhi Capitals
MN Samuels,Marlon Samuels,West Indies,All-Rounder,Middle Order Anchor,"Subrata Roy Sahara Stadium > MA Chidambaram Stadium, Chepauk > M Chinnaswamy Stadium",Unknown,Not Available,0,Deploy slow off-cutters gripping into the pitch outside the off-stump.,Use high-quality wrist spin tossed up wide to invite the mistimed slog sweep.,Play out their good deliveries on merit. Look to capitalize on the missed yorker at the death.,Middle-order anchor. Build dot-ball pressure with tight lines to force a frustrated lofted shot.,P Kumar,SK Raina,92.5,147.1,7.78,9.85,9,219,Pune Warriors India
KW Richardson,Kane Richardson,Australia,Bowler,Death Over Finisher,Sheikh Zayed Stadium > Subrata Roy Sahara Stadium > Maharashtra Cricket Association Stadium,Unknown,Not Available,0,Bowl rapid back-of-a-length deliveries targeting the ribcage to cramp them for room.,Keep the ball turning away from their hitting arc.,Play out their good deliveries on merit. Look to capitalize on the missed yorker at the death.,Solid squad bowler. Exploit their lack of raw pace with calculated aggression.,Not Available,DA Warner,92.3,81.0,8.21,10.38,19,345,Royal Challengers Bangalore
B Sumanth,Bodapati Sumanth,India,Batsman,Death Over Finisher,Neutral Venues,Unknown,Not Available,0,Bowl rapid back-of-a-length deliveries targeting the ribcage to cramp them for room.,Keep the ball turning away from their hitting arc.,Not a regular bowler. Focus purely on strike rotation if they are brought on.,Lower-order batter. Exploit their lack of footwork with aggressive body-line bowling.,Not Available,Not Available,92.1,100.0,0.0,0.0,0,0,Sunrisers Hyderabad
DS Kulkarni,Dhawal Kulkarni,India,All-Rounder,Death Over Finisher,Wankhede Stadium > M Chinnaswamy Stadium > Sawai Mansingh Stadium > Green Park,Unknown,Not Available,0,Bowl rapid back-of-a-length deliveries targeting the ribcage to cramp them for room.,Keep the ball turning away from their hitting arc.,Play out their good deliveries on merit. Look to capitalize on the missed yorker at the death.,Lower-order batter. Exploit their lack of footwork with aggressive body-line bowling.,Not Available,DA Miller,92.0,96.1,7.91,9.28,86,1876,Mumbai Indians
L Ronchi,Luke Ronchi,New Zealand,Batsman,Top Order Aggressor,Neutral Venues,Unknown,Not Available,0,Use back-of-a-length deliveries angling across the body. Invite the false drive.,Deploy left-arm orthodox sliding across to restrict strike rotation and build dot pressure.,Not a regular bowler. Focus purely on strike rotation if they are brought on.,Classical opener. Squeeze their scoring zones on the off-side and force aerial risks.,Not Available,Not Available,91.9,0.0,0.0,0.0,0,0,Mumbai Indians
DR Sams,Daniel Sams,Australia,Bowler,Death Over Finisher,"Wankhede Stadium, Mumbai > Dr DY Patil Sports Academy, Mumbai",Unknown,Not Available,0,Bowl rapid back-of-a-length deliveries targeting the ribcage to cramp them for room.,Keep the ball turning away from their hitting arc.,Play out their good deliveries on merit. Look to capitalize on the missed yorker at the death.,Solid squad bowler. Exploit their lack of raw pace with calculated aggression.,Not Available,Q de Kock,91.7,103.8,8.07,12.94,14,389,Lucknow Super Giants
DE Bollinger,Doug Bollinger,Australia,Bowler,Death Over Finisher,"MA Chidambaram Stadium, Chepauk > Dr DY Patil Sports Academy > Wankhede Stadium > Sawai Mansingh Stadium",Unknown,Not Available,0,Bowl rapid back-of-a-length deliveries targeting the ribcage to cramp them for room.,Keep the ball turning away from their hitting arc.,Elite threat. Treat with immense respect. Focus on rotating the strike and attacking others.,Frontline strike bowler. See off their best spells and attack the weaker backups.,Not Available,IK Pathan,91.3,91.3,6.93,7.24,37,600,Chennai Super Kings
Anirudh Singh,Anirudh Singh,India,Batsman,Middle Order Anchor,Dr DY Patil Sports Academy,Unknown,Not Available,0,Deploy slow off-cutters gripping into the pitch outside the off-stump.,Use high-quality wrist spin tossed up wide to invite the mistimed slog sweep.,Not a regular bowler. Focus purely on strike rotation if they are brought on.,Middle-order anchor. Build dot-ball pressure with tight lines to force a frustrated lofted shot.,DW Steyn,Not Available,91.3,92.9,0.0,0.0,0,0,Sunrisers Hyderabad
K Goel,Karan Goel,India,Batsman,Top Order Aggressor,"Punjab Cricket Association Stadium, Mohali > Kingsmead",Unknown,Not Available,0,Use back-of-a-length deliveries angling across the body. Invite the false drive.,Deploy left-arm orthodox sliding across to restrict strike rotation and build dot pressure.,Not a regular bowler. Focus purely on strike rotation if they are brought on.,Classical opener. Squeeze their scoring zones on the off-side and force aerial risks.,MS Gony,Not Available,91.2,96.8,8.33,0.0,0,67,Kings XI Punjab
DJ Jacobs,Davy Jacobs,South Africa,Batsman,Top Order Aggressor,Neutral Venues,Unknown,Not Available,0,Use back-of-a-length deliveries angling across the body. Invite the false drive.,Deploy left-arm orthodox sliding across to restrict strike rotation and build dot pressure.,Not a regular bowler. Focus purely on strike rotation if they are brought on.,Classical opener. Squeeze their scoring zones on the off-side and force aerial risks.,Z Khan,Not Available,91.1,0.0,0.0,0.0,0,0,Mumbai Indians
AD Nath,Akshdeep Nath,India,Batsman,Middle Order Anchor,Neutral Venues,Unknown,Not Available,0,Deploy slow off-cutters gripping into the pitch outside the off-stump.,Use high-quality wrist spin tossed up wide to invite the mistimed slog sweep.,Not a regular bowler. Focus purely on strike rotation if they are brought on.,Middle-order anchor. Build dot-ball pressure with tight lines to force a frustrated lofted shot.,Not Available,Not Available,90.9,88.0,0.0,0.0,0,0,Royal Challengers Bangalore
SK Warne,Shane Warne,Australia,All-Rounder,Death Over Finisher,"Sawai Mansingh Stadium > Kingsmead > Newlands > Rajiv Gandhi International Stadium, Uppal",Unknown,Not Available,0,Bowl rapid back-of-a-length deliveries targeting the ribcage to cramp them for room.,Keep the ball turning away from their hitting arc.,Elite threat. Treat with immense respect. Focus on rotating the strike and attacking others.,Lower-order batter. Exploit their lack of footwork with aggressive body-line bowling.,L Balaji,JA Morkel,90.4,102.2,7.1,8.72,57,1223,Rajasthan Royals
P Dogra,Paras Dogra,India,Batsman,Middle Order Anchor,Neutral Venues,Unknown,Not Available,0,Deploy slow off-cutters gripping into the pitch outside the off-stump.,Use high-quality wrist spin tossed up wide to invite the mistimed slog sweep.,Not a regular bowler. Focus purely on strike rotation if they are brought on.,Middle-order anchor. Build dot-ball pressure with tight lines to force a frustrated lofted shot.,R Bhatia,Not Available,90.1,114.1,0.0,0.0,0,0,Gujarat Lions
MM Sharma,Mohit Sharma,India,All-Rounder,Death Over Finisher,"Narendra Modi Stadium, Ahmedabad > MA Chidambaram Stadium, Chepauk > Punjab Cricket Association IS Bindra Stadium, Mohali > Feroz Shah Kotla",Unknown,Not Available,0,Bowl rapid back-of-a-length deliveries targeting the ribcage to cramp them for room.,Keep the ball turning away from their hitting arc.,Play out their good deliveries on merit. Look to capitalize on the missed yorker at the death.,Lower-order batter. Exploit their lack of footwork with aggressive body-line bowling.,Not Available,WG Jacks,89.3,97.8,8.53,9.86,134,2471,Gujarat Titans
R McLaren,Ryan McLaren,South Africa,All-Rounder,Middle Order Anchor,M Chinnaswamy Stadium > Dr DY Patil Sports Academy > Brabourne Stadium > Wankhede Stadium,Unknown,Not Available,0,Deploy slow off-cutters gripping into the pitch outside the off-stump.,Use high-quality wrist spin tossed up wide to invite the mistimed slog sweep.,Play out their good deliveries on merit. Look to capitalize on the missed yorker at the death.,Middle-order anchor. Build dot-ball pressure with tight lines to force a frustrated lofted shot.,WD Parnell,CH Gayle,89.3,113.1,8.74,10.23,12,372,Kolkata Knight Riders
B Kumar,Bhuvneshwar Kumar,India,All-Rounder,Death Over Finisher,"Rajiv Gandhi International Stadium, Uppal > M Chinnaswamy Stadium, Bengaluru > Eden Gardens > Rajiv Gandhi International Stadium, Uppal, Hyderabad",Unknown,Not Available,0,Bowl rapid back-of-a-length deliveries targeting the ribcage to cramp them for room.,Keep the ball turning away from their hitting arc.,Elite threat. Treat with immense respect. Focus on rotating the strike and attacking others.,Lower-order batter. Exploit their lack of footwork with aggressive body-line bowling.,C Green,A Mhatre,89.2,91.7,7.41,8.82,215,4596,Royal Challengers Bengaluru
Imran Tahir,Imran Tahir,South Africa,Bowler,Death Over Finisher,Feroz Shah Kotla > Maharashtra Cricket Association Stadium > MA Chidambaram Stadium > Eden Gardens,Unknown,Not Available,0,Bowl rapid back-of-a-length deliveries targeting the ribcage to cramp them for room.,Keep the ball turning away from their hitting arc.,Play out their good deliveries on merit. Look to capitalize on the missed yorker at the death.,Solid squad bowler. Exploit their lack of raw pace with calculated aggression.,Not Available,BB McCullum,89.2,93.5,7.63,8.96,82,1340,Chennai Super Kings
CK Langeveldt,Charl Langeveldt,South Africa,Bowler,Death Over Finisher,Kingsmead > Himachal Pradesh Cricket Association Stadium,Unknown,Not Available,0,Bowl rapid back-of-a-length deliveries targeting the ribcage to cramp them for room.,Keep the ball turning away from their hitting arc.,Elite threat. Treat with immense respect. Focus on rotating the strike and attacking others.,Frontline strike bowler. See off their best spells and attack the weaker backups.,Not Available,DA Warner,88.9,140.0,6.8,7.59,13,165,Kolkata Knight Riders
T Kohler-Cadmore,Tom Kohler-Cadmore,England,Batsman,Top Order Aggressor,Neutral Venues,Unknown,Not Available,0,Use back-of-a-length deliveries angling across the body. Invite the false drive.,Deploy left-arm orthodox sliding across to restrict strike rotation and build dot pressure.,Not a regular bowler. Focus purely on strike rotation if they are brought on.,Classical opener. Squeeze their scoring zones on the off-side and force aerial risks.,Not Available,Not Available,88.9,0.0,0.0,0.0,0,0,Rajasthan Royals
SW Tait,Shaun Tait,Australia,Bowler,Death Over Finisher,"Punjab Cricket Association Stadium, Mohali > Sardar Patel Stadium, Motera > Sawai Mansingh Stadium > Subrata Roy Sahara Stadium",Unknown,Not Available,0,Bowl rapid back-of-a-length deliveries targeting the ribcage to cramp them for room.,Keep the ball turning away from their hitting arc.,Elite threat. Treat with immense respect. Focus on rotating the strike and attacking others.,Frontline strike bowler. See off their best spells and attack the weaker backups.,Not Available,DA Warner,88.5,76.5,7.19,7.81,23,534,Rajasthan Royals
HE van der Dussen,Rassie van der Dussen,South Africa,New Addition,Middle Order Anchor,Neutral Venues,Unknown,Not Available,0,Deploy slow off-cutters gripping into the pitch outside the off-stump.,Use high-quality wrist spin tossed up wide to invite the mistimed slog sweep.,Not a regular bowler. Focus purely on strike rotation if they are brought on.,Middle-order anchor. Build dot-ball pressure with tight lines to force a frustrated lofted shot.,Not Available,Not Available,88.0,120.0,0.0,0.0,0,0,Rajasthan Royals
AN Ghosh,Arindam Ghosh,India,New Addition,Top Order Aggressor,Neutral Venues,Unknown,Not Available,0,Use back-of-a-length deliveries angling across the body. Invite the false drive.,Deploy left-arm orthodox sliding across to restrict strike rotation and build dot pressure.,Not a regular bowler. Focus purely on strike rotation if they are brought on.,Classical opener. Squeeze their scoring zones on the off-side and force aerial risks.,Not Available,Not Available,87.5,0.0,0.0,0.0,0,0,Kolkata Knight Riders
Navdeep Saini,Navdeep Saini,India,Bowler,Death Over Finisher,"M.Chinnaswamy Stadium > Dubai International Cricket Stadium > Himachal Pradesh Cricket Association Stadium, Dharamsala > Sheikh Zayed Stadium",Unknown,Not Available,0,Bowl rapid back-of-a-length deliveries targeting the ribcage to cramp them for room.,Keep the ball turning away from their hitting arc.,Play out their good deliveries on merit. Look to capitalize on the missed yorker at the death.,Solid squad bowler. Exploit their lack of raw pace with calculated aggression.,Not Available,Ishan Kishan,86.8,103.7,8.41,8.81,24,701,Rajasthan Royals
A Mishra,Amit Mishra,India,All-Rounder,Death Over Finisher,"Feroz Shah Kotla > Rajiv Gandhi International Stadium, Uppal > Arun Jaitley Stadium > Maharashtra Cricket Association Stadium",Unknown,Not Available,0,Bowl rapid back-of-a-length deliveries targeting the ribcage to cramp them for room.,Keep the ball turning away from their hitting arc.,Elite threat. Treat with immense respect. Focus on rotating the strike and attacking others.,Lower-order batter. Exploit their lack of footwork with aggressive body-line bowling.,SL Malinga,KL Rahul,86.6,98.5,7.22,9.09,174,3444,Lucknow Super Giants
Basil Thampi,Basil Thampi,India,Bowler,Death Over Finisher,"Saurashtra Cricket Association Stadium > Brabourne Stadium, Mumbai > Wankhede Stadium > Maharashtra Cricket Association Stadium",Unknown,Not Available,0,Bowl rapid back-of-a-length deliveries targeting the ribcage to cramp them for room.,Keep the ball turning away from their hitting arc.,Target this bowler aggressively. High economy rate suggests frequent loose boundary deliveries.,Vulnerable to aggressive intent. Look to disrupt their length early in the over.,Not Available,JC Buttler,86.5,90.6,9.42,10.97,22,539,Sunrisers Hyderabad
GH Vihari,Hanuma Vihari,India,Batsman,Middle Order Anchor,"Rajiv Gandhi International Stadium, Uppal > Wankhede Stadium",Unknown,Not Available,0,Deploy slow off-cutters gripping into the pitch outside the off-stump.,Use high-quality wrist spin tossed up wide to invite the mistimed slog sweep.,Not a regular bowler. Focus purely on strike rotation if they are brought on.,Middle-order anchor. Build dot-ball pressure with tight lines to force a frustrated lofted shot.,B Kumar,Not Available,85.8,114.3,6.56,0.0,1,43,Delhi Capitals
R Sharma,Rahul Sharma,India,Bowler,Death Over Finisher,"Subrata Roy Sahara Stadium > Dr DY Patil Sports Academy > Punjab Cricket Association Stadium, Mohali > Sawai Mansingh Stadium",Unknown,Not Available,0,Bowl rapid back-of-a-length deliveries targeting the ribcage to cramp them for room.,Keep the ball turning away from their hitting arc.,Elite threat. Treat with immense respect. Focus on rotating the strike and attacking others.,Frontline strike bowler. See off their best spells and attack the weaker backups.,Not Available,CH Gayle,85.7,86.7,6.97,8.77,40,935,Chennai Super Kings
BA Bhatt,Bhargav Bhatt,India,Bowler,Death Over Finisher,"Punjab Cricket Association Stadium, Mohali > Eden Gardens",Unknown,Not Available,0,Bowl rapid back-of-a-length deliveries targeting the ribcage to cramp them for room.,Keep the ball turning away from their hitting arc.,Play out their good deliveries on merit. Look to capitalize on the missed yorker at the death.,Solid squad bowler. Exploit their lack of raw pace with calculated aggression.,Not Available,JEC Franklin,85.7,85.7,7.86,9.05,12,303,Kings XI Punjab
SS Shaikh,Shoaib Shaikh,India,New Addition,Middle Order Anchor,Neutral Venues,Unknown,Not Available,0,Deploy slow off-cutters gripping into the pitch outside the off-stump.,Use high-quality wrist spin tossed up wide to invite the mistimed slog sweep.,Not a regular bowler. Focus purely on strike rotation if they are brought on.,Middle-order anchor. Build dot-ball pressure with tight lines to force a frustrated lofted shot.,Not Available,Not Available,85.7,0.0,0.0,0.0,0,0,Pune Warriors India
Mohammed Siraj,Mohammed Siraj,India,All-Rounder,Death Over Finisher,"M Chinnaswamy Stadium, Bengaluru > Narendra Modi Stadium, Ahmedabad > Sheikh Zayed Stadium > M.Chinnaswamy Stadium",Unknown,Fine Leg,15,Bowl rapid back-of-a-length deliveries targeting the ribcage to cramp them for room.,Keep the ball turning away from their hitting arc.,Play out their good deliveries on merit. Look to capitalize on the missed yorker at the death.,Lower-order batter. Exploit their lack of footwork with aggressive body-line bowling.,DJ Bravo,CH Gayle,85.5,85.5,8.18,9.37,118,2652,Gujarat Titans
SL Malinga,Lasith Malinga,Sri Lanka,All-Rounder,Death Over Finisher,"Wankhede Stadium > Feroz Shah Kotla > Dr DY Patil Sports Academy > Rajiv Gandhi International Stadium, Uppal",Unknown,Not Available,0,"Target the stumps with full, fast deliveries if he bats.",Bowl flat and straight.,"Watch for the slinging, dipping yorker. Play him off the pitch and respect his death overs.",The greatest death bowler. Do not take unnecessary risks against his yorkers; attack the other bowlers.,Not Available,HM Amla,85.4,86.9,6.8,7.48,170,2974,Mumbai Indians
PWH de Silva,Wanindu Hasaranga,Sri Lanka,Bowler,Death Over Finisher,"Wankhede Stadium, Mumbai > Dr DY Patil Sports Academy, Mumbai > Maharashtra Cricket Association Stadium, Pune > M Chinnaswamy Stadium, Bengaluru",Unknown,Not Available,0,Bowl rapid back-of-a-length deliveries targeting the ribcage to cramp them for room.,Keep the ball turning away from their hitting arc.,Play out their good deliveries on merit. Look to capitalize on the missed yorker at the death.,Solid squad bowler. Exploit their lack of raw pace with calculated aggression.,Not Available,SA Yadav,85.3,98.2,8.31,8.11,46,808,Lucknow Super Giants
BMAJ Mendis,Jeevan Mendis,Sri Lanka,New Addition,Middle Order Anchor,Neutral Venues,Unknown,Not Available,0,Deploy slow off-cutters gripping into the pitch outside the off-stump.,Use high-quality wrist spin tossed up wide to invite the mistimed slog sweep.,Not a regular bowler. Focus purely on strike rotation if they are brought on.,Middle-order anchor. Build dot-ball pressure with tight lines to force a frustrated lofted shot.,Not Available,Not Available,85.2,0.0,7.2,0.0,1,30,Pune Warriors India
Parvez Rasool,Parvez Rasool,India,Bowler,Death Over Finisher,Neutral Venues,Unknown,Not Available,0,Bowl rapid back-of-a-length deliveries targeting the ribcage to cramp them for room.,Keep the ball turning away from their hitting arc.,Play out their good deliveries on merit. Look to capitalize on the missed yorker at the death.,Solid squad bowler. Exploit their lack of raw pace with calculated aggression.,Not Available,SS Tiwary,85.0,85.0,8.13,0.0,4,200,Royal Challengers Bangalore
SB Bangar,Sanjay Bangar,India,Bowler,Middle Order Anchor,Neutral Venues,Unknown,Not Available,0,Deploy slow off-cutters gripping into the pitch outside the off-stump.,Use high-quality wrist spin tossed up wide to invite the mistimed slog sweep.,Play out their good deliveries on merit. Look to capitalize on the missed yorker at the death.,Solid squad bowler. Exploit their lack of raw pace with calculated aggression.,Not Available,SE Marsh,84.5,139.1,8.59,14.0,4,153,Deccan Chargers
AS Joseph,Alzarri Joseph,West Indies,Bowler,Death Over Finisher,"Rajiv Gandhi International Stadium > Narendra Modi Stadium, Ahmedabad > Wankhede Stadium, Mumbai",Unknown,Not Available,0,Bowl rapid back-of-a-length deliveries targeting the ribcage to cramp them for room.,Keep the ball turning away from their hitting arc.,Target this bowler aggressively. High economy rate suggests frequent loose boundary deliveries.,Vulnerable to aggressive intent. Look to disrupt their length early in the over.,Not Available,JC Buttler,84.4,82.8,9.13,8.83,21,454,Royal Challengers Bangalore
JJ Bumrah,Jasprit Bumrah,India,Bowler,Death Over Finisher,"Wankhede Stadium > Wankhede Stadium, Mumbai > Dubai International Cricket Stadium > Sheikh Zayed Stadium",Unknown,Not Available,0,Target the stumps with raw pace if he bats.,Bowl flat and straight.,Play him out securely. Do not take risks against his unique release point. Target the other bowlers in the attack.,The most lethal bowler in the world. Respect his 4 overs and attack the weak links.,Not Available,JP Duminy,84.3,79.3,7.07,7.91,188,3667,Mumbai Indians
MP Yadav,MP Yadav,India,Bowler,Death Over Finisher,"Bharat Ratna Shri Atal Bihari Vajpayee Ekana Cricket Stadium, Lucknow > M Chinnaswamy Stadium, Bengaluru",Unknown,Not Available,0,Bowl rapid back-of-a-length deliveries targeting the ribcage to cramp them for room.,Keep the ball turning away from their hitting arc.,Target this bowler aggressively. High economy rate suggests frequent loose boundary deliveries.,Vulnerable to aggressive intent. Look to disrupt their length early in the over.,Not Available,P Simran Singh,83.3,83.3,9.39,9.56,9,154,Unattached
Z Khan,Zaheer Khan,India,All-Rounder,Death Over Finisher,M Chinnaswamy Stadium > Feroz Shah Kotla > Brabourne Stadium > Wankhede Stadium,Unknown,Not Available,0,Bowl rapid back-of-a-length deliveries targeting the ribcage to cramp them for room.,Keep the ball turning away from their hitting arc.,Elite threat. Treat with immense respect. Focus on rotating the strike and attacking others.,Lower-order batter. Exploit their lack of footwork with aggressive body-line bowling.,Not Available,JD Ryder,83.0,99.1,7.33,8.86,102,2276,Delhi Daredevils
DJ Willey,David Willey,England,Bowler,Middle Order Anchor,"Eden Gardens, Kolkata",Unknown,Not Available,0,Deploy slow off-cutters gripping into the pitch outside the off-stump.,Use high-quality wrist spin tossed up wide to invite the mistimed slog sweep.,Elite threat. Treat with immense respect. Focus on rotating the strike and attacking others.,Frontline strike bowler. See off their best spells and attack the weaker backups.,SP Narine,S Dhawan,82.8,109.1,7.38,9.45,6,221,Royal Challengers Bangalore
R Shukla,Rahul Shukla,India,Bowler,Death Over Finisher,Feroz Shah Kotla,Unknown,Not Available,0,Bowl rapid back-of-a-length deliveries targeting the ribcage to cramp them for room.,Keep the ball turning away from their hitting arc.,Target this bowler aggressively. High economy rate suggests frequent loose boundary deliveries.,Vulnerable to aggressive intent. Look to disrupt their length early in the over.,Not Available,AM Rahane,82.6,81.8,9.6,12.17,5,130,Rajasthan Royals
A Mukund,Abhinav Mukund,India,New Addition,Top Order Aggressor,Neutral Venues,Unknown,Not Available,0,Use back-of-a-length deliveries angling across the body. Invite the false drive.,Deploy left-arm orthodox sliding across to restrict strike rotation and build dot pressure.,Not a regular bowler. Focus purely on strike rotation if they are brought on.,Classical opener. Squeeze their scoring zones on the off-side and force aerial risks.,Not Available,Not Available,82.6,0.0,0.0,0.0,0,0,Chennai Super Kings
CJ Ferguson,Callum Ferguson,Australia,Batsman,Middle Order Anchor,Neutral Venues,Unknown,Not Available,0,Deploy slow off-cutters gripping into the pitch outside the off-stump.,Use high-quality wrist spin tossed up wide to invite the mistimed slog sweep.,Not a regular bowler. Focus purely on strike rotation if they are brought on.,Middle-order anchor. Build dot-ball pressure with tight lines to force a frustrated lofted shot.,Not Available,Not Available,82.4,95.8,0.0,0.0,0,0,Pune Warriors India
T Banton,Tom Banton,England,New Addition,Top Order Aggressor,Neutral Venues,Unknown,Not Available,0,Use back-of-a-length deliveries angling across the body. Invite the false drive.,Deploy left-arm orthodox sliding across to restrict strike rotation and build dot pressure.,Not a regular bowler. Focus purely on strike rotation if they are brought on.,Classical opener. Squeeze their scoring zones on the off-side and force aerial risks.,Not Available,Not Available,81.8,0.0,0.0,0.0,0,0,Gujarat Titans
S Sriram,Sridharan Sriram,India,Batsman,Middle Order Anchor,Neutral Venues,Unknown,Not Available,0,Deploy slow off-cutters gripping into the pitch outside the off-stump.,Use high-quality wrist spin tossed up wide to invite the mistimed slog sweep.,Not a regular bowler. Focus purely on strike rotation if they are brought on.,Middle-order anchor. Build dot-ball pressure with tight lines to force a frustrated lofted shot.,Not Available,Not Available,81.6,0.0,16.33,0.0,0,18,Royal Challengers Bangalore
Mohsin Khan,Mohsin Khan,India,Bowler,Death Over Finisher,"Bharat Ratna Shri Atal Bihari Vajpayee Ekana Cricket Stadium, Lucknow > Wankhede Stadium, Mumbai > Maharashtra Cricket Association Stadium, Pune > Dr DY Patil Sports Academy, Mumbai",Unknown,Not Available,0,Bowl rapid back-of-a-length deliveries targeting the ribcage to cramp them for room.,Keep the ball turning away from their hitting arc.,Play out their good deliveries on merit. Look to capitalize on the missed yorker at the death.,Solid squad bowler. Exploit their lack of raw pace with calculated aggression.,Not Available,TH David,80.6,85.7,7.84,9.48,36,605,Lucknow Super Giants
I Sharma,Ishant Sharma,India,Bowler,Death Over Finisher,"Rajiv Gandhi International Stadium, Uppal > Wankhede Stadium > Arun Jaitley Stadium, Delhi > Narendra Modi Stadium, Ahmedabad",Unknown,Not Available,0,Bowl rapid back-of-a-length deliveries targeting the ribcage to cramp them for room.,Keep the ball turning away from their hitting arc.,Play out their good deliveries on merit. Look to capitalize on the missed yorker at the death.,Solid squad bowler. Exploit their lack of raw pace with calculated aggression.,Not Available,JM Sharma,80.3,78.9,7.96,10.21,96,2546,Gujarat Titans
AG Paunikar,Amit Paunikar,India,Batsman,Top Order Aggressor,Neutral Venues,Unknown,Not Available,0,Use back-of-a-length deliveries angling across the body. Invite the false drive.,Deploy left-arm orthodox sliding across to restrict strike rotation and build dot pressure.,Not a regular bowler. Focus purely on strike rotation if they are brought on.,Classical opener. Squeeze their scoring zones on the off-side and force aerial risks.,Not Available,Not Available,80.3,0.0,0.0,0.0,0,0,Rajasthan Royals
Mujeeb Ur Rahman,Mujeeb Ur Rahman,Afghanistan,Bowler,Death Over Finisher,"Holkar Cricket Stadium > Sawai Mansingh Stadium > Punjab Cricket Association IS Bindra Stadium > MA Chidambaram Stadium, Chepauk, Chennai",Unknown,Not Available,0,Bowl rapid back-of-a-length deliveries targeting the ribcage to cramp them for room.,Keep the ball turning away from their hitting arc.,Play out their good deliveries on merit. Look to capitalize on the missed yorker at the death.,Solid squad bowler. Exploit their lack of raw pace with calculated aggression.,Not Available,KD Karthik,80.0,91.7,8.0,11.06,20,465,Sunrisers Hyderabad
GD McGrath,Glenn McGrath,Australia,Bowler,Death Over Finisher,Feroz Shah Kotla,Unknown,Not Available,0,Bowl rapid back-of-a-length deliveries targeting the ribcage to cramp them for room.,Keep the ball turning away from their hitting arc.,Elite threat. Treat with immense respect. Focus on rotating the strike and attacking others.,Frontline strike bowler. See off their best spells and attack the weaker backups.,Not Available,SM Katich,80.0,80.0,6.51,8.96,12,329,Delhi Daredevils
FH Edwards,Fidel Edwards,West Indies,Bowler,Death Over Finisher,Kingsmead,Unknown,Not Available,0,Bowl rapid back-of-a-length deliveries targeting the ribcage to cramp them for room.,Keep the ball turning away from their hitting arc.,Elite threat. Treat with immense respect. Focus on rotating the strike and attacking others.,Frontline strike bowler. See off their best spells and attack the weaker backups.,Not Available,Not Available,80.0,80.0,6.16,8.79,5,150,Rajasthan Royals
A Dananjaya,Akila Dananjaya,Sri Lanka,New Addition,Death Over Finisher,Neutral Venues,Unknown,Not Available,0,Bowl rapid back-of-a-length deliveries targeting the ribcage to cramp them for room.,Keep the ball turning away from their hitting arc.,Not a regular bowler. Focus purely on strike rotation if they are brought on.,Lower-order batter. Exploit their lack of footwork with aggressive body-line bowling.,Not Available,JJ Roy,80.0,80.0,11.28,0.0,0,25,Mumbai Indians
Kuldeep Yadav,Kuldeep Yadav,India,All-Rounder,Death Over Finisher,"Eden Gardens > Arun Jaitley Stadium, Delhi > Brabourne Stadium, Mumbai > Wankhede Stadium, Mumbai",Unknown,Not Available,0,Target primary weakness: Exploit raw pace. Use well-directed bouncers at the body and yorkers to trap them.,Alternate Tactic (Spin): Toss it up wide of off-stump. Force them to generate their own power by taking the pace off.,"Play out his deliveries on merit and wait for loose balls. Historically, Abhishek Sharma completely owns this bowler. Emulate that aggressive footprint.",Kuldeep Yadav is a Death Over Finisher. Strongest at Eden Gardens. Beware of Arshdeep Singh who owns this matchup. Keep away from Abhishek Sharma who hits them at will.,Arshdeep Singh,Abhishek Sharma,79.8,86.6,8.06,8.37,109,2275,Delhi Capitals
M Rawat,Mahesh Rawat,India,Batsman,Death Over Finisher,Neutral Venues,Unknown,Not Available,0,Bowl rapid back-of-a-length deliveries targeting the ribcage to cramp them for room.,Keep the ball turning away from their hitting arc.,Not a regular bowler. Focus purely on strike rotation if they are brought on.,Lower-order batter. Exploit their lack of footwork with aggressive body-line bowling.,Not Available,Not Available,78.6,87.0,0.0,0.0,0,0,Pune Warriors India
AA Bilakhia,Azhar Bilakhia,India,Batsman,Death Over Finisher,Neutral Venues,Unknown,Not Available,0,Bowl rapid back-of-a-length deliveries targeting the ribcage to cramp them for room.,Keep the ball turning away from their hitting arc.,Not a regular bowler. Focus purely on strike rotation if they are brought on.,Lower-order batter. Exploit their lack of footwork with aggressive body-line bowling.,A Nehra,Not Available,78.4,105.9,0.0,0.0,0,0,Deccan Chargers
Ankit Soni,Ankit Soni,India,New Addition,Death Over Finisher,Neutral Venues,Unknown,Not Available,0,Bowl rapid back-of-a-length deliveries targeting the ribcage to cramp them for room.,Keep the ball turning away from their hitting arc.,Not a regular bowler. Focus purely on strike rotation if they are brought on.,Lower-order batter. Exploit their lack of footwork with aggressive body-line bowling.,Not Available,MS Dhoni,77.8,77.8,7.71,24.0,2,112,Gujarat Lions
AJ Turner,Ashton Turner,Australia,Batsman,Death Over Finisher,Neutral Venues,Unknown,Not Available,0,Bowl rapid back-of-a-length deliveries targeting the ribcage to cramp them for room.,Keep the ball turning away from their hitting arc.,Not a regular bowler. Focus purely on strike rotation if they are brought on.,Lower-order batter. Exploit their lack of footwork with aggressive body-line bowling.,Not Available,Not Available,77.4,36.8,0.0,0.0,0,0,Rajasthan Royals
J Theron,Rusty Theron,South Africa,Bowler,Death Over Finisher,"MA Chidambaram Stadium, Chepauk",Unknown,Not Available,0,Bowl rapid back-of-a-length deliveries targeting the ribcage to cramp them for room.,Keep the ball turning away from their hitting arc.,Play out their good deliveries on merit. Look to capitalize on the missed yorker at the death.,Solid squad bowler. Exploit their lack of raw pace with calculated aggression.,Not Available,M Manhas,76.9,76.9,7.71,8.13,11,235,Rajasthan Royals
D du Preez,Dillon du Preez,South Africa,New Addition,Death Over Finisher,New Wanderers Stadium,Unknown,Not Available,0,Bowl rapid back-of-a-length deliveries targeting the ribcage to cramp them for room.,Keep the ball turning away from their hitting arc.,Not a regular bowler. Focus purely on strike rotation if they are brought on.,Lower-order batter. Exploit their lack of footwork with aggressive body-line bowling.,Not Available,Not Available,76.9,77.8,7.81,13.71,4,43,Royal Challengers Bangalore
Anureet Singh,Anureet Singh,India,Bowler,Death Over Finisher,"Maharashtra Cricket Association Stadium > Punjab Cricket Association Stadium, Mohali > Eden Gardens",Unknown,Not Available,0,Bowl rapid back-of-a-length deliveries targeting the ribcage to cramp them for room.,Keep the ball turning away from their hitting arc.,Play out their good deliveries on merit. Look to capitalize on the missed yorker at the death.,Solid squad bowler. Exploit their lack of raw pace with calculated aggression.,Not Available,AD Russell,76.6,84.2,8.69,10.51,18,430,Kings XI Punjab
Mohammad Hafeez,Mohammad Hafeez,Pakistan,Batsman,Middle Order Anchor,Neutral Venues,Unknown,Not Available,0,Deploy slow off-cutters gripping into the pitch outside the off-stump.,Use high-quality wrist spin tossed up wide to invite the mistimed slog sweep.,Not a regular bowler. Focus purely on strike rotation if they are brought on.,Middle-order anchor. Build dot-ball pressure with tight lines to force a frustrated lofted shot.,Not Available,A Symonds,76.2,111.1,6.48,0.0,2,63,Kolkata Knight Riders
IR Jaggi,Ishank Jaggi,India,Batsman,Middle Order Anchor,Neutral Venues,Unknown,Not Available,0,Deploy slow off-cutters gripping into the pitch outside the off-stump.,Use high-quality wrist spin tossed up wide to invite the mistimed slog sweep.,Not a regular bowler. Focus purely on strike rotation if they are brought on.,Middle-order anchor. Build dot-ball pressure with tight lines to force a frustrated lofted shot.,Not Available,Not Available,76.0,86.7,0.0,0.0,0,0,Kolkata Knight Riders
P Ray Barman,Prayas Ray Barman,India,New Addition,Middle Order Anchor,Neutral Venues,Unknown,Not Available,0,Deploy slow off-cutters gripping into the pitch outside the off-stump.,Use high-quality wrist spin tossed up wide to invite the mistimed slog sweep.,Not a regular bowler. Focus purely on strike rotation if they are brought on.,Middle-order anchor. Build dot-ball pressure with tight lines to force a frustrated lofted shot.,Not Available,JM Bairstow,76.0,0.0,14.0,20.0,0,24,Royal Challengers Bangalore
Sandeep Sharma,Sandeep Sharma,India,Bowler,Death Over Finisher,"Punjab Cricket Association IS Bindra Stadium, Mohali > Rajiv Gandhi International Stadium > Dubai International Cricket Stadium > Sawai Mansingh Stadium, Jaipur",Unknown,Not Available,0,Bowl rapid back-of-a-length deliveries targeting the ribcage to cramp them for room.,Keep the ball turning away from their hitting arc.,Play out their good deliveries on merit. Look to capitalize on the missed yorker at the death.,Solid squad bowler. Exploit their lack of raw pace with calculated aggression.,Not Available,T Stubbs,75.9,75.0,7.81,9.92,151,3277,Rajasthan Royals
S Chanderpaul,Shivnarine Chanderpaul,West Indies,Batsman,Top Order Aggressor,Neutral Venues,Unknown,Not Available,0,Use back-of-a-length deliveries angling across the body. Invite the false drive.,Deploy left-arm orthodox sliding across to restrict strike rotation and build dot pressure.,Not a regular bowler. Focus purely on strike rotation if they are brought on.,Classical opener. Squeeze their scoring zones on the off-side and force aerial risks.,Not Available,Not Available,75.8,0.0,0.0,0.0,0,0,Royal Challengers Bangalore
WD Parnell,Wayne Parnell,South Africa,Bowler,Death Over Finisher,"Dr DY Patil Sports Academy > M Chinnaswamy Stadium, Bengaluru > Subrata Roy Sahara Stadium > Feroz Shah Kotla",Unknown,Not Available,0,Bowl rapid back-of-a-length deliveries targeting the ribcage to cramp them for room.,Keep the ball turning away from their hitting arc.,Elite threat. Treat with immense respect. Focus on rotating the strike and attacking others.,Frontline strike bowler. See off their best spells and attack the weaker backups.,Not Available,MK Tiwary,75.6,77.8,7.42,8.27,35,758,Royal Challengers Bangalore
S Tyagi,Sudeep Tyagi,India,Bowler,Death Over Finisher,Neutral Venues,Unknown,Not Available,0,Bowl rapid back-of-a-length deliveries targeting the ribcage to cramp them for room.,Keep the ball turning away from their hitting arc.,Play out their good deliveries on merit. Look to capitalize on the missed yorker at the death.,Solid squad bowler. Exploit their lack of raw pace with calculated aggression.,Not Available,MK Pandey,75.0,75.0,8.05,14.77,6,220,Sunrisers Hyderabad
JE Taylor,Jerome Taylor,Jamaica,Bowler,Death Over Finisher,"MA Chidambaram Stadium, Chepauk > Dr DY Patil Sports Academy",Unknown,Not Available,0,Bowl rapid back-of-a-length deliveries targeting the ribcage to cramp them for room.,Keep the ball turning away from their hitting arc.,Play out their good deliveries on merit. Look to capitalize on the missed yorker at the death.,Solid squad bowler. Exploit their lack of raw pace with calculated aggression.,Not Available,M Vijay,75.0,75.0,7.72,9.85,6,122,Pune Warriors India
AA Noffke,Ashley Noffke,Australia,New Addition,Middle Order Anchor,Neutral Venues,Unknown,Not Available,0,Deploy slow off-cutters gripping into the pitch outside the off-stump.,Use high-quality wrist spin tossed up wide to invite the mistimed slog sweep.,Not a regular bowler. Focus purely on strike rotation if they are brought on.,Middle-order anchor. Build dot-ball pressure with tight lines to force a frustrated lofted shot.,Not Available,BB McCullum,75.0,0.0,9.6,5.5,1,25,Royal Challengers Bangalore
Tanush Kotian,Tanush Kotian,India,Batsman,Top Order Aggressor,Neutral Venues,Unknown,Not Available,0,Use back-of-a-length deliveries angling across the body. Invite the false drive.,Deploy left-arm orthodox sliding across to restrict strike rotation and build dot pressure.,Not a regular bowler. Focus purely on strike rotation if they are brought on.,Classical opener. Squeeze their scoring zones on the off-side and force aerial risks.,Not Available,Not Available,75.0,0.0,0.0,0.0,0,0,Rajasthan Royals
PWA Mulder,Wiaan Mulder,South Africa,New Addition,Death Over Finisher,Neutral Venues,Unknown,Not Available,0,Bowl rapid back-of-a-length deliveries targeting the ribcage to cramp them for room.,Keep the ball turning away from their hitting arc.,Not a regular bowler. Focus purely on strike rotation if they are brought on.,Lower-order batter. Exploit their lack of footwork with aggressive body-line bowling.,Not Available,Not Available,75.0,90.0,16.0,16.0,0,6,Delhi Capitals
M Tiwari,Manoj Tiwary,India,New Addition,Middle Order Anchor,Neutral Venues,Unknown,Not Available,0,Deploy slow off-cutters gripping into the pitch outside the off-stump.,Use high-quality wrist spin tossed up wide to invite the mistimed slog sweep.,Not a regular bowler. Focus purely on strike rotation if they are brought on.,Middle-order anchor. Build dot-ball pressure with tight lines to force a frustrated lofted shot.,Not Available,Not Available,75.0,100.0,14.0,0.0,0,6,Kings XI Punjab
AF Milne,Adam Milne,New Zealand,Bowler,Death Over Finisher,Dubai International Cricket Stadium > M Chinnaswamy Stadium,Unknown,Not Available,0,Bowl rapid back-of-a-length deliveries targeting the ribcage to cramp them for room.,Keep the ball turning away from their hitting arc.,Target this bowler aggressively. High economy rate suggests frequent loose boundary deliveries.,Vulnerable to aggressive intent. Look to disrupt their length early in the over.,Not Available,DA Warner,74.2,77.3,9.04,9.21,7,217,Rajasthan Royals
WA Mota,Wilkin Mota,India,Batsman,Middle Order Anchor,Neutral Venues,Unknown,Not Available,0,Deploy slow off-cutters gripping into the pitch outside the off-stump.,Use high-quality wrist spin tossed up wide to invite the mistimed slog sweep.,Not a regular bowler. Focus purely on strike rotation if they are brought on.,Middle-order anchor. Build dot-ball pressure with tight lines to force a frustrated lofted shot.,Not Available,A Symonds,73.7,82.1,7.76,11.28,4,75,Kings XI Punjab
FA Allen,Fabian Allen,West Indies,New Addition,Death Over Finisher,Neutral Venues,Unknown,Not Available,0,Bowl rapid back-of-a-length deliveries targeting the ribcage to cramp them for room.,Keep the ball turning away from their hitting arc.,Not a regular bowler. Focus purely on strike rotation if they are brought on.,Lower-order batter. Exploit their lack of footwork with aggressive body-line bowling.,Not Available,RG Sharma,73.7,84.6,8.97,0.0,2,91,Sunrisers Hyderabad
NT Ellis,Nathan Ellis,Australia,Bowler,Death Over Finisher,"Barsapara Cricket Stadium, Guwahati > Punjab Cricket Association IS Bindra Stadium, Mohali, Chandigarh > Wankhede Stadium, Mumbai",Unknown,Not Available,0,Bowl rapid back-of-a-length deliveries targeting the ribcage to cramp them for room.,Keep the ball turning away from their hitting arc.,Play out their good deliveries on merit. Look to capitalize on the missed yorker at the death.,Solid squad bowler. Exploit their lack of raw pace with calculated aggression.,Not Available,DA Warner,73.1,100.0,8.4,10.35,19,390,Chennai Super Kings
DR Martyn,Damien Martyn,Australia,New Addition,Middle Order Anchor,Neutral Venues,Unknown,Not Available,0,Deploy slow off-cutters gripping into the pitch outside the off-stump.,Use high-quality wrist spin tossed up wide to invite the mistimed slog sweep.,Not a regular bowler. Focus purely on strike rotation if they are brought on.,Middle-order anchor. Build dot-ball pressure with tight lines to force a frustrated lofted shot.,Not Available,Not Available,73.1,125.0,0.0,0.0,0,0,Rajasthan Royals
Jaskaran Singh,Jaskaran Singh,India,New Addition,Death Over Finisher,Dr DY Patil Sports Academy,Unknown,Not Available,0,Bowl rapid back-of-a-length deliveries targeting the ribcage to cramp them for room.,Keep the ball turning away from their hitting arc.,Not a regular bowler. Focus purely on strike rotation if they are brought on.,Lower-order batter. Exploit their lack of footwork with aggressive body-line bowling.,Not Available,MK Pandey,72.7,77.8,9.24,13.45,6,111,Deccan Chargers
SH Johnson,Spencer Johnson,Australia,Bowler,Death Over Finisher,"Narendra Modi Stadium, Ahmedabad",Unknown,Not Available,0,Bowl rapid back-of-a-length deliveries targeting the ribcage to cramp them for room.,Keep the ball turning away from their hitting arc.,Target this bowler aggressively. High economy rate suggests frequent loose boundary deliveries.,Vulnerable to aggressive intent. Look to disrupt their length early in the over.,Not Available,SV Samson,72.7,77.8,9.91,8.62,5,172,Gujarat Titans
TM Srivastava,Tanmay Srivastava,India,New Addition,Death Over Finisher,Neutral Venues,Unknown,Not Available,0,Bowl rapid back-of-a-length deliveries targeting the ribcage to cramp them for room.,Keep the ball turning away from their hitting arc.,Not a regular bowler. Focus purely on strike rotation if they are brought on.,Lower-order batter. Exploit their lack of footwork with aggressive body-line bowling.,Not Available,Not Available,72.7,85.7,0.0,0.0,0,0,Kochi Tuskers Kerala
DJ Thornely,Dominic Thornely,Australia,Batsman,Middle Order Anchor,Dr DY Patil Sports Academy > Wankhede Stadium,Unknown,Not Available,0,Deploy slow off-cutters gripping into the pitch outside the off-stump.,Use high-quality wrist spin tossed up wide to invite the mistimed slog sweep.,Not a regular bowler. Focus purely on strike rotation if they are brought on.,Middle-order anchor. Build dot-ball pressure with tight lines to force a frustrated lofted shot.,PJ Sangwan,Not Available,72.2,0.0,5.45,0.0,3,44,Mumbai Indians
L Balaji,Lakshmipathy Balaji,India,Bowler,Death Over Finisher,"Eden Gardens > M Chinnaswamy Stadium > MA Chidambaram Stadium, Chepauk > Feroz Shah Kotla",Unknown,Not Available,0,Bowl rapid back-of-a-length deliveries targeting the ribcage to cramp them for room.,Keep the ball turning away from their hitting arc.,Play out their good deliveries on merit. Look to capitalize on the missed yorker at the death.,Solid squad bowler. Exploit their lack of raw pace with calculated aggression.,Not Available,JEC Franklin,72.0,76.1,7.73,9.79,76,1574,Kings XI Punjab
A Kumble,Anil Kumble,India,Bowler,Death Over Finisher,M Chinnaswamy Stadium > Kingsmead > New Wanderers Stadium > Newlands,Unknown,Not Available,0,Bowl rapid back-of-a-length deliveries targeting the ribcage to cramp them for room.,Keep the ball turning away from their hitting arc.,Elite threat. Treat with immense respect. Focus on rotating the strike and attacking others.,Frontline strike bowler. See off their best spells and attack the weaker backups.,Not Available,ST Jayasuriya,71.4,77.3,6.46,7.31,45,983,Royal Challengers Bangalore
BB Sran,Barinder Sran,India,Bowler,Death Over Finisher,"Rajiv Gandhi International Stadium, Uppal > Eden Gardens > Dr. Y.S. Rajasekhara Reddy ACA-VDCA Cricket Stadium",Unknown,Not Available,0,Bowl rapid back-of-a-length deliveries targeting the ribcage to cramp them for room.,Keep the ball turning away from their hitting arc.,Play out their good deliveries on merit. Look to capitalize on the missed yorker at the death.,Solid squad bowler. Exploit their lack of raw pace with calculated aggression.,Not Available,CA Lynn,71.4,71.4,8.8,8.75,18,516,Mumbai Indians
AG Murtaza,Ali Murtaza,India,Bowler,Death Over Finisher,Subrata Roy Sahara Stadium > Brabourne Stadium,Unknown,Not Available,0,Bowl rapid back-of-a-length deliveries targeting the ribcage to cramp them for room.,Keep the ball turning away from their hitting arc.,Elite threat. Treat with immense respect. Focus on rotating the strike and attacking others.,Frontline strike bowler. See off their best spells and attack the weaker backups.,Not Available,YK Pathan,71.4,71.4,6.98,12.0,9,269,Mumbai Indians
Suryansh Shedge,Suryansh Shedge,India,New Addition,Death Over Finisher,Neutral Venues,Unknown,Not Available,0,Bowl rapid back-of-a-length deliveries targeting the ribcage to cramp them for room.,Keep the ball turning away from their hitting arc.,Not a regular bowler. Focus purely on strike rotation if they are brought on.,Lower-order batter. Exploit their lack of footwork with aggressive body-line bowling.,Not Available,SM Curran,71.4,60.0,12.63,22.29,0,19,Lucknow Super Giants
C Madan,Chandan Madan,India,New Addition,Top Order Aggressor,Neutral Venues,Unknown,Not Available,0,Use back-of-a-length deliveries angling across the body. Invite the false drive.,Deploy left-arm orthodox sliding across to restrict strike rotation and build dot pressure.,Not a regular bowler. Focus purely on strike rotation if they are brought on.,Classical opener. Squeeze their scoring zones on the off-side and force aerial risks.,Not Available,Not Available,71.4,0.0,0.0,0.0,0,0,Mumbai Indians
A Chopra,Aakash Chopra,India,Batsman,Top Order Aggressor,Neutral Venues,Unknown,Not Available,0,Use back-of-a-length deliveries angling across the body. Invite the false drive.,Deploy left-arm orthodox sliding across to restrict strike rotation and build dot pressure.,Not a regular bowler. Focus purely on strike rotation if they are brought on.,Classical opener. Squeeze their scoring zones on the off-side and force aerial risks.,Not Available,Not Available,70.7,50.0,0.0,0.0,0,0,Kolkata Knight Riders
Karanveer Singh,Karanveer Singh,India,Bowler,Death Over Finisher,"Punjab Cricket Association Stadium, Mohali > M Chinnaswamy Stadium > Eden Gardens",Unknown,Not Available,0,Bowl rapid back-of-a-length deliveries targeting the ribcage to cramp them for room.,Keep the ball turning away from their hitting arc.,Target this bowler aggressively. High economy rate suggests frequent loose boundary deliveries.,Vulnerable to aggressive intent. Look to disrupt their length early in the over.,Not Available,DR Smith,70.6,80.0,9.04,12.23,12,213,Kings XI Punjab
RT Ponting,Ricky Ponting,Australia,Batsman,Top Order Aggressor,Neutral Venues,Unknown,Not Available,0,Use back-of-a-length deliveries angling across the body. Invite the false drive.,Deploy left-arm orthodox sliding across to restrict strike rotation and build dot pressure.,Not a regular bowler. Focus purely on strike rotation if they are brought on.,Classical opener. Squeeze their scoring zones on the off-side and force aerial risks.,Not Available,Not Available,70.5,0.0,0.0,0.0,0,0,Mumbai Indians
Yashpal Singh,Yashpal Singh,India,Batsman,Top Order Aggressor,Neutral Venues,Unknown,Not Available,0,Use back-of-a-length deliveries angling across the body. Invite the false drive.,Deploy left-arm orthodox sliding across to restrict strike rotation and build dot pressure.,Not a regular bowler. Focus purely on strike rotation if they are brought on.,Classical opener. Squeeze their scoring zones on the off-side and force aerial risks.,MM Patel,Not Available,70.1,130.8,0.0,0.0,0,0,Kolkata Knight Riders
M Ashwin,Murugan Ashwin,India,Bowler,Death Over Finisher,"Brabourne Stadium, Mumbai > Dubai International Cricket Stadium > Sharjah Cricket Stadium > M.Chinnaswamy Stadium",Unknown,Not Available,0,Bowl rapid back-of-a-length deliveries targeting the ribcage to cramp them for room.,Keep the ball turning away from their hitting arc.,Play out their good deliveries on merit. Look to capitalize on the missed yorker at the death.,Solid squad bowler. Exploit their lack of raw pace with calculated aggression.,Not Available,YK Pathan,70.0,81.1,7.76,8.66,35,898,Rajasthan Royals
MJ Henry,Matt Henry,New Zealand,Bowler,Middle Order Anchor,"MA Chidambaram Stadium, Chepauk, Chennai",Unknown,Not Available,0,Deploy slow off-cutters gripping into the pitch outside the off-stump.,Use high-quality wrist spin tossed up wide to invite the mistimed slog sweep.,Target this bowler aggressively. High economy rate suggests frequent loose boundary deliveries.,Vulnerable to aggressive intent. Look to disrupt their length early in the over.,Not Available,YBK Jaiswal,70.0,40.0,11.24,13.15,4,166,Punjab Kings
P Dubey,Praveen Dubey,India,Batsman,Death Over Finisher,Neutral Venues,Unknown,Not Available,0,Bowl rapid back-of-a-length deliveries targeting the ribcage to cramp them for room.,Keep the ball turning away from their hitting arc.,Not a regular bowler. Focus purely on strike rotation if they are brought on.,Lower-order batter. Exploit their lack of footwork with aggressive body-line bowling.,Not Available,Ishan Kishan,69.7,58.8,8.43,11.0,2,79,Delhi Capitals
YV Dhull,Yash Dhull,India,New Addition,Middle Order Anchor,Neutral Venues,Unknown,Not Available,0,Deploy slow off-cutters gripping into the pitch outside the off-stump.,Use high-quality wrist spin tossed up wide to invite the mistimed slog sweep.,Not a regular bowler. Focus purely on strike rotation if they are brought on.,Middle-order anchor. Build dot-ball pressure with tight lines to force a frustrated lofted shot.,Not Available,Not Available,69.6,0.0,0.0,0.0,0,0,Delhi Capitals
Naveen-ul-Haq,Naveen-ul-Haq,Afghanistan,Bowler,Death Over Finisher,"Bharat Ratna Shri Atal Bihari Vajpayee Ekana Cricket Stadium, Lucknow > MA Chidambaram Stadium, Chepauk, Chennai > Punjab Cricket Association IS Bindra Stadium, Mohali, Chandigarh > Arun Jaitley Stadium, Delhi",Unknown,Not Available,0,Bowl rapid back-of-a-length deliveries targeting the ribcage to cramp them for room.,Keep the ball turning away from their hitting arc.,Play out their good deliveries on merit. Look to capitalize on the missed yorker at the death.,Solid squad bowler. Exploit their lack of raw pace with calculated aggression.,Not Available,T Stubbs,69.2,81.0,8.71,8.83,25,407,Lucknow Super Giants
KMA Paul,Keemo Paul,West Indies,Bowler,Death Over Finisher,Dr. Y.S. Rajasekhara Reddy ACA-VDCA Cricket Stadium > Rajiv Gandhi International Stadium,Unknown,Not Available,0,Bowl rapid back-of-a-length deliveries targeting the ribcage to cramp them for room.,Keep the ball turning away from their hitting arc.,Play out their good deliveries on merit. Look to capitalize on the missed yorker at the death.,Solid squad bowler. Exploit their lack of raw pace with calculated aggression.,Not Available,MS Dhoni,69.2,69.2,7.9,8.56,9,180,Delhi Capitals
Sumit Kumar,Sumit Kumar,India,New Addition,Middle Order Anchor,Neutral Venues,Unknown,Not Available,0,Deploy slow off-cutters gripping into the pitch outside the off-stump.,Use high-quality wrist spin tossed up wide to invite the mistimed slog sweep.,Not a regular bowler. Focus purely on strike rotation if they are brought on.,Middle-order anchor. Build dot-ball pressure with tight lines to force a frustrated lofted shot.,Not Available,Not Available,69.2,18.2,10.36,12.0,0,22,Delhi Capitals
SK Trivedi,Siddharth Trivedi,India,Bowler,Death Over Finisher,"Sawai Mansingh Stadium > Rajiv Gandhi International Stadium, Uppal > M Chinnaswamy Stadium > Vidarbha Cricket Association Stadium, Jamtha",Unknown,Not Available,0,Bowl rapid back-of-a-length deliveries targeting the ribcage to cramp them for room.,Keep the ball turning away from their hitting arc.,Elite threat. Treat with immense respect. Focus on rotating the strike and attacking others.,Frontline strike bowler. See off their best spells and attack the weaker backups.,Not Available,A Symonds,68.9,70.0,7.34,8.7,65,1557,Rajasthan Royals
T Henderson,Tyron Henderson,South Africa,New Addition,Top Order Aggressor,Neutral Venues,Unknown,Not Available,0,Use back-of-a-length deliveries angling across the body. Invite the false drive.,Deploy left-arm orthodox sliding across to restrict strike rotation and build dot pressure.,Not a regular bowler. Focus purely on strike rotation if they are brought on.,Classical opener. Squeeze their scoring zones on the off-side and force aerial risks.,Not Available,R Dravid,68.8,0.0,6.67,9.0,1,36,Rajasthan Royals
VR Aaron,Varun Aaron,India,Bowler,Death Over Finisher,Feroz Shah Kotla > M Chinnaswamy Stadium > Dubai International Cricket Stadium > Eden Gardens,Unknown,Not Available,0,Bowl rapid back-of-a-length deliveries targeting the ribcage to cramp them for room.,Keep the ball turning away from their hitting arc.,Play out their good deliveries on merit. Look to capitalize on the missed yorker at the death.,Solid squad bowler. Exploit their lack of raw pace with calculated aggression.,Not Available,AD Russell,68.5,69.4,8.34,10.16,44,1065,Rajasthan Royals
B Indrajith,Baba Indrajith,India,Batsman,Top Order Aggressor,Neutral Venues,Unknown,Not Available,0,Use back-of-a-length deliveries angling across the body. Invite the false drive.,Deploy left-arm orthodox sliding across to restrict strike rotation and build dot pressure.,Not a regular bowler. Focus purely on strike rotation if they are brought on.,Classical opener. Squeeze their scoring zones on the off-side and force aerial risks.,Not Available,Not Available,67.7,0.0,0.0,0.0,0,0,Chennai Super Kings
RP Singh,RP Singh,India,Bowler,Death Over Finisher,"M Chinnaswamy Stadium > Wankhede Stadium > Rajiv Gandhi International Stadium, Uppal > Vidarbha Cricket Association Stadium, Jamtha",Unknown,Not Available,0,Bowl rapid back-of-a-length deliveries targeting the ribcage to cramp them for room.,Keep the ball turning away from their hitting arc.,Elite threat. Treat with immense respect. Focus on rotating the strike and attacking others.,Frontline strike bowler. See off their best spells and attack the weaker backups.,Not Available,DA Miller,66.7,69.4,7.49,8.76,90,1874,Rising Pune Supergiant
M Muralitharan,Muttiah Muralitharan,Sri Lanka,Bowler,Death Over Finisher,"MA Chidambaram Stadium, Chepauk > M Chinnaswamy Stadium > Dr DY Patil Sports Academy > Kingsmead",Unknown,Not Available,0,Bowl rapid back-of-a-length deliveries targeting the ribcage to cramp them for room.,Keep the ball turning away from their hitting arc.,Elite threat. Treat with immense respect. Focus on rotating the strike and attacking others.,Frontline strike bowler. See off their best spells and attack the weaker backups.,Not Available,SR Watson,66.7,66.7,6.47,7.88,64,1581,Royal Challengers Bangalore
JP Behrendorff,Jason Behrendorff,Australia,Bowler,Death Over Finisher,"Wankhede Stadium, Mumbai > Wankhede Stadium > Arun Jaitley Stadium, Delhi",Unknown,Not Available,0,Bowl rapid back-of-a-length deliveries targeting the ribcage to cramp them for room.,Keep the ball turning away from their hitting arc.,Play out their good deliveries on merit. Look to capitalize on the missed yorker at the death.,Solid squad bowler. Exploit their lack of raw pace with calculated aggression.,Not Available,F du Plessis,66.7,66.7,8.74,11.81,19,379,Mumbai Indians
K Kartikeya,Kumar Kartikeya,India,Bowler,Death Over Finisher,"Wankhede Stadium, Mumbai > Dr DY Patil Sports Academy, Mumbai",Unknown,Not Available,0,Bowl rapid back-of-a-length deliveries targeting the ribcage to cramp them for room.,Keep the ball turning away from their hitting arc.,Play out their good deliveries on merit. Look to capitalize on the missed yorker at the death.,Solid squad bowler. Exploit their lack of raw pace with calculated aggression.,Not Available,Shubman Gill,66.7,71.4,8.42,11.31,12,290,Mumbai Indians
Simarjeet Singh,Simarjeet Singh,India,Bowler,Death Over Finisher,"MA Chidambaram Stadium, Chepauk, Chennai > Rajiv Gandhi International Stadium, Uppal, Hyderabad",Unknown,Not Available,0,Bowl rapid back-of-a-length deliveries targeting the ribcage to cramp them for room.,Keep the ball turning away from their hitting arc.,Target this bowler aggressively. High economy rate suggests frequent loose boundary deliveries.,Vulnerable to aggressive intent. Look to disrupt their length early in the over.,Not Available,Shubman Gill,66.7,66.7,9.38,9.6,11,256,Chennai Super Kings
SB Wagh,Shrikant Wagh,India,New Addition,Death Over Finisher,Dr DY Patil Sports Academy,Unknown,Not Available,0,Bowl rapid back-of-a-length deliveries targeting the ribcage to cramp them for room.,Keep the ball turning away from their hitting arc.,Not a regular bowler. Focus purely on strike rotation if they are brought on.,Lower-order batter. Exploit their lack of footwork with aggressive body-line bowling.,Not Available,SR Tendulkar,66.7,66.7,7.61,10.12,5,108,Pune Warriors India
JE Root,Joe Root,England,New Addition,Top Order Aggressor,Neutral Venues,Unknown,Not Available,0,Use back-of-a-length deliveries angling across the body. Invite the false drive.,Deploy left-arm orthodox sliding across to restrict strike rotation and build dot pressure.,Not a regular bowler. Focus purely on strike rotation if they are brought on.,Classical opener. Squeeze their scoring zones on the off-side and force aerial risks.,Not Available,Not Available,66.7,0.0,7.0,0.0,0,12,Rajasthan Royals
Shivam Singh,Shivam Singh,India,New Addition,Death Over Finisher,Neutral Venues,Unknown,Not Available,0,Bowl rapid back-of-a-length deliveries targeting the ribcage to cramp them for room.,Keep the ball turning away from their hitting arc.,Not a regular bowler. Focus purely on strike rotation if they are brought on.,Lower-order batter. Exploit their lack of footwork with aggressive body-line bowling.,Not Available,Not Available,66.7,66.7,0.0,0.0,0,0,Punjab Kings
CK Kapugedera,Chamara Kapugedera,Sri Lanka,New Addition,Death Over Finisher,Neutral Venues,Unknown,Not Available,0,Bowl rapid back-of-a-length deliveries targeting the ribcage to cramp them for room.,Keep the ball turning away from their hitting arc.,Not a regular bowler. Focus purely on strike rotation if they are brought on.,Lower-order batter. Exploit their lack of footwork with aggressive body-line bowling.,Not Available,Not Available,66.7,71.4,17.29,15.0,0,17,Chennai Super Kings
A Nehra,Ashish Nehra,India,Bowler,Death Over Finisher,"MA Chidambaram Stadium, Chepauk > Wankhede Stadium > M Chinnaswamy Stadium > Rajiv Gandhi International Stadium, Uppal",Unknown,Not Available,0,Bowl rapid back-of-a-length deliveries targeting the ribcage to cramp them for room.,Keep the ball turning away from their hitting arc.,Play out their good deliveries on merit. Look to capitalize on the missed yorker at the death.,Solid squad bowler. Exploit their lack of raw pace with calculated aggression.,Not Available,LA Pomersbach,65.1,65.1,7.58,8.55,106,1974,Sunrisers Hyderabad
DR Shorey,Dhruv Shorey,India,New Addition,Middle Order Anchor,Neutral Venues,Unknown,Not Available,0,Deploy slow off-cutters gripping into the pitch outside the off-stump.,Use high-quality wrist spin tossed up wide to invite the mistimed slog sweep.,Not a regular bowler. Focus purely on strike rotation if they are brought on.,Middle-order anchor. Build dot-ball pressure with tight lines to force a frustrated lofted shot.,Not Available,Not Available,65.0,0.0,0.0,0.0,0,0,Chennai Super Kings
KL Nagarkoti,Kamlesh Nagarkoti,India,Bowler,Death Over Finisher,Dubai International Cricket Stadium,Unknown,Not Available,0,Bowl rapid back-of-a-length deliveries targeting the ribcage to cramp them for room.,Keep the ball turning away from their hitting arc.,Target this bowler aggressively. High economy rate suggests frequent loose boundary deliveries.,Vulnerable to aggressive intent. Look to disrupt their length early in the over.,Not Available,SR Watson,64.7,76.2,9.24,11.23,5,185,Delhi Capitals
Arshdeep Singh,Arshdeep Singh,India,Bowler,Death Over Finisher,"Dubai International Cricket Stadium > Wankhede Stadium, Mumbai > Maharaja Yadavindra Singh International Cricket Stadium, Mullanpur > Himachal Pradesh Cricket Association Stadium, Dharamsala",Unknown,Deep Mid-Wicket,3,Bowl rapid back-of-a-length deliveries targeting the ribcage to cramp them for room.,Keep the ball turning away from their hitting arc.,Play out their good deliveries on merit. Look to capitalize on the missed yorker at the death.,Solid squad bowler. Exploit their lack of raw pace with calculated aggression.,Not Available,V Suryavanshi,64.6,60.0,8.61,9.16,105,2020,Punjab Kings
C Sakariya,Chetan Sakariya,India,Bowler,Death Over Finisher,"Wankhede Stadium, Mumbai > Zayed Cricket Stadium, Abu Dhabi > Dubai International Cricket Stadium > Sharjah Cricket Stadium",Unknown,Not Available,0,Bowl rapid back-of-a-length deliveries targeting the ribcage to cramp them for room.,Keep the ball turning away from their hitting arc.,Play out their good deliveries on merit. Look to capitalize on the missed yorker at the death.,Solid squad bowler. Exploit their lack of raw pace with calculated aggression.,Not Available,P Simran Singh,64.5,70.4,7.99,9.72,20,479,Delhi Capitals
SM Harwood,Shane Harwood,Australia,New Addition,Death Over Finisher,St George's Park,Unknown,Not Available,0,Bowl rapid back-of-a-length deliveries targeting the ribcage to cramp them for room.,Keep the ball turning away from their hitting arc.,Not a regular bowler. Focus purely on strike rotation if they are brought on.,Lower-order batter. Exploit their lack of footwork with aggressive body-line bowling.,Not Available,Yuvraj Singh,64.3,64.3,6.54,10.62,3,67,Rajasthan Royals
KS Sharma,Karn Sharma,India,New Addition,Top Order Aggressor,Neutral Venues,Unknown,Not Available,0,Use back-of-a-length deliveries angling across the body. Invite the false drive.,Deploy left-arm orthodox sliding across to restrict strike rotation and build dot pressure.,Not a regular bowler. Focus purely on strike rotation if they are brought on.,Classical opener. Squeeze their scoring zones on the off-side and force aerial risks.,Not Available,Not Available,64.0,0.0,0.0,0.0,0,0,Royal Challengers Bengaluru
Ravi Bishnoi,Ravi Bishnoi,India,Bowler,Death Over Finisher,"Bharat Ratna Shri Atal Bihari Vajpayee Ekana Cricket Stadium, Lucknow > Dubai International Cricket Stadium > Narendra Modi Stadium, Ahmedabad > Wankhede Stadium, Mumbai",Unknown,Backward Point,6,Bowl rapid back-of-a-length deliveries targeting the ribcage to cramp them for room.,Keep the ball turning away from their hitting arc.,Play out their good deliveries on merit. Look to capitalize on the missed yorker at the death.,Solid squad bowler. Exploit their lack of raw pace with calculated aggression.,Not Available,P Simran Singh,63.4,67.9,8.06,8.97,83,1857,Rajasthan Royals
AS Rajpoot,Ankit Rajpoot,India,Bowler,Death Over Finisher,Rajiv Gandhi International Stadium > Wankhede Stadium > Eden Gardens > Maharashtra Cricket Association Stadium,Unknown,Not Available,0,Bowl rapid back-of-a-length deliveries targeting the ribcage to cramp them for room.,Keep the ball turning away from their hitting arc.,Play out their good deliveries on merit. Look to capitalize on the missed yorker at the death.,Solid squad bowler. Exploit their lack of raw pace with calculated aggression.,Not Available,HH Pandya,63.4,69.4,8.61,10.91,24,567,Lucknow Super Giants
T Thushara,Nuwan Thushara,Sri Lanka,Bowler,Death Over Finisher,"MA Chidambaram Stadium, Chepauk > Sardar Patel Stadium, Motera > Kingsmead",Unknown,Not Available,0,Bowl rapid back-of-a-length deliveries targeting the ribcage to cramp them for room.,Keep the ball turning away from their hitting arc.,Elite threat. Treat with immense respect. Focus on rotating the strike and attacking others.,Frontline strike bowler. See off their best spells and attack the weaker backups.,Not Available,SR Tendulkar,63.2,63.2,6.71,10.0,8,144,Royal Challengers Bengaluru
JA Richardson,Jhye Richardson,Australia,New Addition,Middle Order Anchor,"Wankhede Stadium, Mumbai",Unknown,Not Available,0,Deploy slow off-cutters gripping into the pitch outside the off-stump.,Use high-quality wrist spin tossed up wide to invite the mistimed slog sweep.,Not a regular bowler. Focus purely on strike rotation if they are brought on.,Middle-order anchor. Build dot-ball pressure with tight lines to force a frustrated lofted shot.,RA Jadeja,F du Plessis,63.0,50.0,10.02,11.7,3,94,Punjab Kings
JR Hazlewood,Josh Hazlewood,Australia,Bowler,Death Over Finisher,"M Chinnaswamy Stadium, Bengaluru > Wankhede Stadium, Mumbai > Arun Jaitley Stadium, Delhi > Dubai International Cricket Stadium",Unknown,Not Available,0,Bowl rapid back-of-a-length deliveries targeting the ribcage to cramp them for room.,Keep the ball turning away from their hitting arc.,Play out their good deliveries on merit. Look to capitalize on the missed yorker at the death.,Solid squad bowler. Exploit their lack of raw pace with calculated aggression.,Not Available,YBK Jaiswal,61.3,85.0,8.15,9.56,65,1035,Royal Challengers Bengaluru
A Zampa,Adam Zampa,Australia,Bowler,Middle Order Anchor,"Dr. Y.S. Rajasekhara Reddy ACA-VDCA Cricket Stadium > Sawai Mansingh Stadium, Jaipur > Maharashtra Cricket Association Stadium",Unknown,Not Available,0,Deploy slow off-cutters gripping into the pitch outside the off-stump.,Use high-quality wrist spin tossed up wide to invite the mistimed slog sweep.,Play out their good deliveries on merit. Look to capitalize on the missed yorker at the death.,Solid squad bowler. Exploit their lack of raw pace with calculated aggression.,Not Available,KA Pollard,60.0,54.5,8.24,11.07,31,475,Rajasthan Royals
N Burger,Nandre Burger,South Africa,Bowler,Death Over Finisher,"Sawai Mansingh Stadium, Jaipur > Barsapara Cricket Stadium, Guwahati",Unknown,Not Available,0,Bowl rapid back-of-a-length deliveries targeting the ribcage to cramp them for room.,Keep the ball turning away from their hitting arc.,Target this bowler aggressively. High economy rate suggests frequent loose boundary deliveries.,Vulnerable to aggressive intent. Look to disrupt their length early in the over.,Not Available,Ishan Kishan,60.0,60.0,9.31,7.75,16,310,Rajasthan Royals
Kamran Khan,Kamran Khan,India,Bowler,Middle Order Anchor,Newlands,Unknown,Not Available,0,Deploy slow off-cutters gripping into the pitch outside the off-stump.,Use high-quality wrist spin tossed up wide to invite the mistimed slog sweep.,Play out their good deliveries on merit. Look to capitalize on the missed yorker at the death.,Solid squad bowler. Exploit their lack of raw pace with calculated aggression.,Not Available,CH Gayle,60.0,0.0,8.1,8.83,10,177,Pune Warriors India
S Sreesanth,S Sreesanth,India,Bowler,Death Over Finisher,"Punjab Cricket Association Stadium, Mohali > Sawai Mansingh Stadium > MA Chidambaram Stadium, Chepauk > Nehru Stadium",Unknown,Not Available,0,Bowl rapid back-of-a-length deliveries targeting the ribcage to cramp them for room.,Keep the ball turning away from their hitting arc.,Play out their good deliveries on merit. Look to capitalize on the missed yorker at the death.,Solid squad bowler. Exploit their lack of raw pace with calculated aggression.,Not Available,A Symonds,59.6,59.6,7.56,10.38,40,947,Rajasthan Royals
SMSM Senanayake,Sachithra Senanayake,Sri Lanka,Bowler,Death Over Finisher,"Eden Gardens > JSCA International Stadium Complex > Punjab Cricket Association Stadium, Mohali",Unknown,Not Available,0,Bowl rapid back-of-a-length deliveries targeting the ribcage to cramp them for room.,Keep the ball turning away from their hitting arc.,Elite threat. Treat with immense respect. Focus on rotating the strike and attacking others.,Frontline strike bowler. See off their best spells and attack the weaker backups.,Not Available,AC Gilchrist,58.8,58.8,6.43,8.25,9,195,Kolkata Knight Riders
X Thalaivan Sargunam,Thalaivan Sargunam,India,New Addition,Middle Order Anchor,Neutral Venues,Unknown,Not Available,0,Deploy slow off-cutters gripping into the pitch outside the off-stump.,Use high-quality wrist spin tossed up wide to invite the mistimed slog sweep.,Not a regular bowler. Focus purely on strike rotation if they are brought on.,Middle-order anchor. Build dot-ball pressure with tight lines to force a frustrated lofted shot.,Not Available,Not Available,58.8,66.7,0.0,0.0,0,0,Sunrisers Hyderabad
NS Naik,Nikhil Naik,India,Batsman,Death Over Finisher,Neutral Venues,Unknown,Not Available,0,Bowl rapid back-of-a-length deliveries targeting the ribcage to cramp them for room.,Keep the ball turning away from their hitting arc.,Not a regular bowler. Focus purely on strike rotation if they are brought on.,Lower-order batter. Exploit their lack of footwork with aggressive body-line bowling.,Not Available,Not Available,58.5,59.1,0.0,0.0,0,0,Royal Challengers Bangalore
Pankaj Singh,Pankaj Singh,India,Bowler,Death Over Finisher,Sawai Mansingh Stadium > St George's Park > M Chinnaswamy Stadium,Unknown,Not Available,0,Bowl rapid back-of-a-length deliveries targeting the ribcage to cramp them for room.,Keep the ball turning away from their hitting arc.,Target this bowler aggressively. High economy rate suggests frequent loose boundary deliveries.,Vulnerable to aggressive intent. Look to disrupt their length early in the over.,Not Available,V Sehwag,58.3,58.3,9.03,12.94,11,311,Royal Challengers Bangalore
M Ntini,Makhaya Ntini,South Africa,Bowler,Death Over Finisher,Eden Gardens,Unknown,Not Available,0,Bowl rapid back-of-a-length deliveries targeting the ribcage to cramp them for room.,Keep the ball turning away from their hitting arc.,Elite threat. Treat with immense respect. Focus on rotating the strike and attacking others.,Frontline strike bowler. See off their best spells and attack the weaker backups.,Not Available,Kamran Akmal,57.9,57.9,6.82,8.43,7,213,Chennai Super Kings
Virat Singh,Virat Singh,India,New Addition,Middle Order Anchor,Neutral Venues,Unknown,Not Available,0,Deploy slow off-cutters gripping into the pitch outside the off-stump.,Use high-quality wrist spin tossed up wide to invite the mistimed slog sweep.,Not a regular bowler. Focus purely on strike rotation if they are brought on.,Middle-order anchor. Build dot-ball pressure with tight lines to force a frustrated lofted shot.,Not Available,Not Available,57.7,0.0,0.0,0.0,0,0,Sunrisers Hyderabad
T Natarajan,T Natarajan,India,Bowler,Death Over Finisher,"Rajiv Gandhi International Stadium, Uppal, Hyderabad > Dubai International Cricket Stadium > Dr DY Patil Sports Academy, Mumbai > Sheikh Zayed Stadium",Unknown,Not Available,0,Bowl rapid back-of-a-length deliveries targeting the ribcage to cramp them for room.,Keep the ball turning away from their hitting arc.,Play out their good deliveries on merit. Look to capitalize on the missed yorker at the death.,Solid squad bowler. Exploit their lack of raw pace with calculated aggression.,Not Available,KA Pollard,57.1,57.1,8.68,9.61,74,1616,Delhi Capitals
Akash Madhwal,Akash Madhwal,India,Bowler,Death Over Finisher,"Wankhede Stadium, Mumbai > MA Chidambaram Stadium, Chepauk, Chennai > Arun Jaitley Stadium, Delhi",Unknown,Not Available,0,Bowl rapid back-of-a-length deliveries targeting the ribcage to cramp them for room.,Keep the ball turning away from their hitting arc.,Target this bowler aggressively. High economy rate suggests frequent loose boundary deliveries.,Vulnerable to aggressive intent. Look to disrupt their length early in the over.,Not Available,KD Karthik,57.1,66.7,9.41,9.87,24,376,Mumbai Indians
TS Mills,Tymal Mills,England,Bowler,Death Over Finisher,"Dr DY Patil Sports Academy, Mumbai > Eden Gardens",Unknown,Not Available,0,Bowl rapid back-of-a-length deliveries targeting the ribcage to cramp them for room.,Keep the ball turning away from their hitting arc.,Target this bowler aggressively. High economy rate suggests frequent loose boundary deliveries.,Vulnerable to aggressive intent. Look to disrupt their length early in the over.,Not Available,KL Rahul,57.1,66.7,9.44,9.76,11,218,Mumbai Indians
A Chandila,Ajit Chandila,India,Bowler,Death Over Finisher,Sawai Mansingh Stadium,Unknown,Not Available,0,Bowl rapid back-of-a-length deliveries targeting the ribcage to cramp them for room.,Keep the ball turning away from their hitting arc.,Elite threat. Treat with immense respect. Focus on rotating the strike and attacking others.,Frontline strike bowler. See off their best spells and attack the weaker backups.,Not Available,SE Marsh,57.1,57.1,6.21,6.0,11,234,Rajasthan Royals
A Uniyal,Amit Uniyal,India,New Addition,Death Over Finisher,Neutral Venues,Unknown,Not Available,0,Bowl rapid back-of-a-length deliveries targeting the ribcage to cramp them for room.,Keep the ball turning away from their hitting arc.,Not a regular bowler. Focus purely on strike rotation if they are brought on.,Lower-order batter. Exploit their lack of footwork with aggressive body-line bowling.,Not Available,Not Available,57.1,57.1,10.42,8.21,2,38,Rajasthan Royals
S Kaul,Siddarth Kaul,India,Bowler,Death Over Finisher,"Rajiv Gandhi International Stadium, Uppal > Rajiv Gandhi International Stadium > Wankhede Stadium > Eden Gardens",Unknown,Not Available,0,Bowl rapid back-of-a-length deliveries targeting the ribcage to cramp them for room.,Keep the ball turning away from their hitting arc.,Play out their good deliveries on merit. Look to capitalize on the missed yorker at the death.,Solid squad bowler. Exploit their lack of raw pace with calculated aggression.,Not Available,PP Shaw,55.6,55.6,8.43,8.56,58,1238,Royal Challengers Bangalore
Noor Ahmad,Noor Ahmad,Afghanistan,Bowler,Death Over Finisher,"MA Chidambaram Stadium, Chepauk, Chennai > Narendra Modi Stadium, Ahmedabad > Eden Gardens, Kolkata > M Chinnaswamy Stadium, Bengaluru",Unknown,Not Available,0,Bowl rapid back-of-a-length deliveries targeting the ribcage to cramp them for room.,Keep the ball turning away from their hitting arc.,Play out their good deliveries on merit. Look to capitalize on the missed yorker at the death.,Solid squad bowler. Exploit their lack of raw pace with calculated aggression.,Not Available,V Suryavanshi,55.6,66.7,7.86,8.05,55,1008,Chennai Super Kings
PJ Sangwan,Pradeep Sangwan,India,Bowler,Death Over Finisher,"Feroz Shah Kotla > Kingsmead > SuperSport Park > Brabourne Stadium, Mumbai",Unknown,Not Available,0,Bowl rapid back-of-a-length deliveries targeting the ribcage to cramp them for room.,Keep the ball turning away from their hitting arc.,Play out their good deliveries on merit. Look to capitalize on the missed yorker at the death.,Solid squad bowler. Exploit their lack of raw pace with calculated aggression.,Not Available,M Vijay,55.3,59.5,8.22,9.45,38,905,Gujarat Lions
T Kohli,Taruwar Kohli,India,New Addition,Top Order Aggressor,Neutral Venues,Unknown,Not Available,0,Use back-of-a-length deliveries angling across the body. Invite the false drive.,Deploy left-arm orthodox sliding across to restrict strike rotation and build dot pressure.,Not a regular bowler. Focus purely on strike rotation if they are brought on.,Classical opener. Squeeze their scoring zones on the off-side and force aerial risks.,Not Available,Not Available,55.0,57.1,0.0,0.0,0,0,Punjab Kings
Mustafizur Rahman,Mustafizur Rahman,Bangladesh,Bowler,Death Over Finisher,"MA Chidambaram Stadium, Chepauk, Chennai > Wankhede Stadium, Mumbai > Rajiv Gandhi International Stadium, Uppal > Arun Jaitley Stadium, Delhi",Unknown,Not Available,0,Bowl rapid back-of-a-length deliveries targeting the ribcage to cramp them for room.,Keep the ball turning away from their hitting arc.,Play out their good deliveries on merit. Look to capitalize on the missed yorker at the death.,Solid squad bowler. Exploit their lack of raw pace with calculated aggression.,Not Available,Ishan Kishan,54.2,54.2,7.82,8.67,65,1419,Chennai Super Kings
VY Mahesh,Yo Mahesh,India,Bowler,Death Over Finisher,"Feroz Shah Kotla > Dr DY Patil Sports Academy > Punjab Cricket Association Stadium, Mohali > Eden Gardens",Unknown,Not Available,0,Bowl rapid back-of-a-length deliveries targeting the ribcage to cramp them for room.,Keep the ball turning away from their hitting arc.,Play out their good deliveries on merit. Look to capitalize on the missed yorker at the death.,Solid squad bowler. Exploit their lack of raw pace with calculated aggression.,Not Available,ST Jayasuriya,53.6,60.0,8.34,7.5,21,359,Chennai Super Kings
CJ McKay,Clint McKay,Australia,New Addition,Middle Order Anchor,Neutral Venues,Unknown,Not Available,0,Deploy slow off-cutters gripping into the pitch outside the off-stump.,Use high-quality wrist spin tossed up wide to invite the mistimed slog sweep.,Not a regular bowler. Focus purely on strike rotation if they are brought on.,Middle-order anchor. Build dot-ball pressure with tight lines to force a frustrated lofted shot.,Not Available,Not Available,53.3,0.0,8.57,10.0,1,42,Mumbai Indians
AB Dinda,Ashok Dinda,India,Bowler,Death Over Finisher,"Subrata Roy Sahara Stadium > Eden Gardens > M Chinnaswamy Stadium > Rajiv Gandhi International Stadium, Uppal",Unknown,Not Available,0,Bowl rapid back-of-a-length deliveries targeting the ribcage to cramp them for room.,Keep the ball turning away from their hitting arc.,Play out their good deliveries on merit. Look to capitalize on the missed yorker at the death.,Solid squad bowler. Exploit their lack of raw pace with calculated aggression.,Not Available,Yuvraj Singh,52.0,48.8,7.83,10.67,69,1589,Rising Pune Supergiant
S Badree,Samuel Badree,West Indies,Bowler,Death Over Finisher,M Chinnaswamy Stadium,Unknown,Not Available,0,Bowl rapid back-of-a-length deliveries targeting the ribcage to cramp them for room.,Keep the ball turning away from their hitting arc.,Elite threat. Treat with immense respect. Focus on rotating the strike and attacking others.,Frontline strike bowler. See off their best spells and attack the weaker backups.,Not Available,SP Narine,52.0,50.0,7.28,4.0,11,263,Royal Challengers Bangalore
CV Varun,Varun Chakaravarthy,India,Bowler,Death Over Finisher,"Eden Gardens, Kolkata > Dubai International Cricket Stadium > Sheikh Zayed Stadium > MA Chidambaram Stadium, Chepauk, Chennai",Unknown,Not Available,0,Bowl rapid back-of-a-length deliveries targeting the ribcage to cramp them for room.,Keep the ball turning away from their hitting arc.,Elite threat. Treat with immense respect. Focus on rotating the strike and attacking others.,Frontline strike bowler. See off their best spells and attack the weaker backups.,HV Patel,V Shankar,51.0,54.2,7.48,8.23,107,2062,Kolkata Knight Riders
Mukesh Kumar,Mukesh Kumar,India,Bowler,Death Over Finisher,"Arun Jaitley Stadium, Delhi > Bharat Ratna Shri Atal Bihari Vajpayee Ekana Cricket Stadium, Lucknow > Dr. Y.S. Rajasekhara Reddy ACA-VDCA Cricket Stadium, Visakhapatnam > Narendra Modi Stadium, Ahmedabad",Unknown,Backward Point,1,Bowl rapid back-of-a-length deliveries targeting the ribcage to cramp them for room.,Keep the ball turning away from their hitting arc.,Target this bowler aggressively. High economy rate suggests frequent loose boundary deliveries.,Vulnerable to aggressive intent. Look to disrupt their length early in the over.,Not Available,H Klaasen,50.0,50.0,9.86,11.74,42,838,Delhi Capitals
M Theekshana,Maheesh Theekshana,Sri Lanka,Bowler,Death Over Finisher,"Dr DY Patil Sports Academy, Mumbai > Maharashtra Cricket Association Stadium, Pune > Sawai Mansingh Stadium, Jaipur > MA Chidambaram Stadium, Chepauk, Chennai",Unknown,Not Available,0,Bowl rapid back-of-a-length deliveries targeting the ribcage to cramp them for room.,Keep the ball turning away from their hitting arc.,Play out their good deliveries on merit. Look to capitalize on the missed yorker at the death.,Solid squad bowler. Exploit their lack of raw pace with calculated aggression.,Not Available,Ishan Kishan,50.0,68.2,8.03,8.53,36,902,Chennai Super Kings
KP Appanna,KP Appanna,India,Bowler,Death Over Finisher,Sawai Mansingh Stadium,Unknown,Not Available,0,Bowl rapid back-of-a-length deliveries targeting the ribcage to cramp them for room.,Keep the ball turning away from their hitting arc.,Play out their good deliveries on merit. Look to capitalize on the missed yorker at the death.,Solid squad bowler. Exploit their lack of raw pace with calculated aggression.,Not Available,G Gambhir,50.0,50.0,7.73,12.0,9,222,Royal Challengers Bangalore
SE Bond,Shane Bond,New Zealand,Bowler,Middle Order Anchor,Eden Gardens,Unknown,Not Available,0,Deploy slow off-cutters gripping into the pitch outside the off-stump.,Use high-quality wrist spin tossed up wide to invite the mistimed slog sweep.,Elite threat. Treat with immense respect. Focus on rotating the strike and attacking others.,Frontline strike bowler. See off their best spells and attack the weaker backups.,Not Available,S Dhawan,50.0,0.0,7.04,9.32,9,191,Kolkata Knight Riders
Mohammad Asif,Mohammad Asif,Pakistan,Bowler,Middle Order Anchor,Neutral Venues,Unknown,Not Available,0,Deploy slow off-cutters gripping into the pitch outside the off-stump.,Use high-quality wrist spin tossed up wide to invite the mistimed slog sweep.,Play out their good deliveries on merit. Look to capitalize on the missed yorker at the death.,Solid squad bowler. Exploit their lack of raw pace with calculated aggression.,Not Available,AC Gilchrist,50.0,33.3,8.92,9.62,8,199,Delhi Daredevils
BAW Mendis,Ajantha Mendis,Sri Lanka,Bowler,Death Over Finisher,Eden Gardens,Unknown,Not Available,0,Bowl rapid back-of-a-length deliveries targeting the ribcage to cramp them for room.,Keep the ball turning away from their hitting arc.,Elite threat. Treat with immense respect. Focus on rotating the strike and attacking others.,Frontline strike bowler. See off their best spells and attack the weaker backups.,Not Available,SS Tiwary,50.0,50.0,7.33,8.67,8,248,Kolkata Knight Riders
S Randiv,Suraj Randiv,Sri Lanka,Bowler,Death Over Finisher,"MA Chidambaram Stadium, Chepauk",Unknown,Not Available,0,Bowl rapid back-of-a-length deliveries targeting the ribcage to cramp them for room.,Keep the ball turning away from their hitting arc.,Elite threat. Treat with immense respect. Focus on rotating the strike and attacking others.,Frontline strike bowler. See off their best spells and attack the weaker backups.,Not Available,PC Valthaty,50.0,50.0,7.43,9.0,6,180,Chennai Super Kings
RJW Topley,Reece Topley,England,Bowler,Death Over Finisher,"M Chinnaswamy Stadium, Bengaluru",Unknown,Not Available,0,Bowl rapid back-of-a-length deliveries targeting the ribcage to cramp them for room.,Keep the ball turning away from their hitting arc.,Target this bowler aggressively. High economy rate suggests frequent loose boundary deliveries.,Vulnerable to aggressive intent. Look to disrupt their length early in the over.,Not Available,Ishan Kishan,50.0,50.0,10.66,13.35,5,125,Royal Challengers Bangalore
M de Lange,Marchant de Lange,South Africa,New Addition,Death Over Finisher,Eden Gardens > Wankhede Stadium,Unknown,Not Available,0,Bowl rapid back-of-a-length deliveries targeting the ribcage to cramp them for room.,Keep the ball turning away from their hitting arc.,Not a regular bowler. Focus purely on strike rotation if they are brought on.,Lower-order batter. Exploit their lack of footwork with aggressive body-line bowling.,Not Available,DR Smith,50.0,50.0,8.74,11.25,5,116,Mumbai Indians
GHS Garton,George Garton,England,New Addition,Death Over Finisher,Neutral Venues,Unknown,Not Available,0,Bowl rapid back-of-a-length deliveries targeting the ribcage to cramp them for room.,Keep the ball turning away from their hitting arc.,Not a regular bowler. Focus purely on strike rotation if they are brought on.,Lower-order batter. Exploit their lack of footwork with aggressive body-line bowling.,Not Available,E Lewis,50.0,50.0,8.35,5.67,3,97,Royal Challengers Bangalore
T Shamsi,Tabraiz Shamsi,South Africa,New Addition,Death Over Finisher,Neutral Venues,Unknown,Not Available,0,Bowl rapid back-of-a-length deliveries targeting the ribcage to cramp them for room.,Keep the ball turning away from their hitting arc.,Not a regular bowler. Focus purely on strike rotation if they are brought on.,Lower-order batter. Exploit their lack of footwork with aggressive body-line bowling.,Not Available,SS Iyer,50.0,50.0,9.05,14.0,3,120,Rajasthan Royals
R Ninan,Ryan Ninan,India,New Addition,Death Over Finisher,Neutral Venues,Unknown,Not Available,0,Bowl rapid back-of-a-length deliveries targeting the ribcage to cramp them for room.,Keep the ball turning away from their hitting arc.,Not a regular bowler. Focus purely on strike rotation if they are brought on.,Lower-order batter. Exploit their lack of footwork with aggressive body-line bowling.,Not Available,Not Available,50.0,50.0,10.83,16.0,3,36,Royal Challengers Bangalore
KA Maharaj,Keshav Maharaj,South Africa,New Addition,Death Over Finisher,"Maharaja Yadavindra Singh International Cricket Stadium, Mullanpur",Unknown,Not Available,0,Bowl rapid back-of-a-length deliveries targeting the ribcage to cramp them for room.,Keep the ball turning away from their hitting arc.,Not a regular bowler. Focus purely on strike rotation if they are brought on.,Lower-order batter. Exploit their lack of footwork with aggressive body-line bowling.,Not Available,Not Available,50.0,50.0,6.5,0.0,2,36,Rajasthan Royals
MJ Suthar,Manav Suthar,India,New Addition,Death Over Finisher,Neutral Venues,Unknown,Not Available,0,Bowl rapid back-of-a-length deliveries targeting the ribcage to cramp them for room.,Keep the ball turning away from their hitting arc.,Not a regular bowler. Focus purely on strike rotation if they are brought on.,Lower-order batter. Exploit their lack of footwork with aggressive body-line bowling.,Not Available,RD Gaikwad,50.0,50.0,9.14,10.74,2,44,Gujarat Titans
LB Williams,Lizaad Williams,South Africa,New Addition,Death Over Finisher,Neutral Venues,Unknown,Not Available,0,Bowl rapid back-of-a-length deliveries targeting the ribcage to cramp them for room.,Keep the ball turning away from their hitting arc.,Not a regular bowler. Focus purely on strike rotation if they are brought on.,Lower-order batter. Exploit their lack of footwork with aggressive body-line bowling.,Not Available,Not Available,50.0,50.0,10.29,12.0,1,42,Delhi Capitals
PM Sarvesh Kumar,P Sarvesh Kumar,India,New Addition,Death Over Finisher,Neutral Venues,Unknown,Not Available,0,Bowl rapid back-of-a-length deliveries targeting the ribcage to cramp them for room.,Keep the ball turning away from their hitting arc.,Not a regular bowler. Focus purely on strike rotation if they are brought on.,Lower-order batter. Exploit their lack of footwork with aggressive body-line bowling.,Not Available,G Gambhir,50.0,50.0,8.13,0.0,1,31,Deccan Chargers
A Tomar,Amit Tomar,India,New Addition,Top Order Aggressor,Neutral Venues,Unknown,Not Available,0,Use back-of-a-length deliveries angling across the body. Invite the false drive.,Deploy left-arm orthodox sliding across to restrict strike rotation and build dot pressure.,Not a regular bowler. Focus purely on strike rotation if they are brought on.,Classical opener. Squeeze their scoring zones on the off-side and force aerial risks.,Not Available,Not Available,50.0,0.0,0.0,0.0,0,0,Royal Challengers Bangalore
Mohit Rathee,Mohit Rathee,India,New Addition,Death Over Finisher,Neutral Venues,Unknown,Not Available,0,Bowl rapid back-of-a-length deliveries targeting the ribcage to cramp them for room.,Keep the ball turning away from their hitting arc.,Not a regular bowler. Focus purely on strike rotation if they are brought on.,Lower-order batter. Exploit their lack of footwork with aggressive body-line bowling.,Not Available,Not Available,50.0,50.0,14.5,0.0,0,12,Punjab Kings
PSP Handscomb,Peter Handscomb,Australia,New Addition,Middle Order Anchor,Neutral Venues,Unknown,Not Available,0,Deploy slow off-cutters gripping into the pitch outside the off-stump.,Use high-quality wrist spin tossed up wide to invite the mistimed slog sweep.,Not a regular bowler. Focus purely on strike rotation if they are brought on.,Middle-order anchor. Build dot-ball pressure with tight lines to force a frustrated lofted shot.,Not Available,Not Available,50.0,0.0,0.0,0.0,0,0,Rising Pune Supergiant
Krish Bhagat,Krish Bhagat,India,New Addition,Middle Order Anchor,Neutral Venues,Unknown,Not Available,0,Deploy slow off-cutters gripping into the pitch outside the off-stump.,Use high-quality wrist spin tossed up wide to invite the mistimed slog sweep.,Not a regular bowler. Focus purely on strike rotation if they are brought on.,Middle-order anchor. Build dot-ball pressure with tight lines to force a frustrated lofted shot.,Not Available,SV Samson,46.7,42.9,10.25,15.5,0,24,Unattached
UA Birla,Udit Birla,India,New Addition,Top Order Aggressor,Neutral Venues,Unknown,Not Available,0,Use back-of-a-length deliveries angling across the body. Invite the false drive.,Deploy left-arm orthodox sliding across to restrict strike rotation and build dot pressure.,Not a regular bowler. Focus purely on strike rotation if they are brought on.,Classical opener. Squeeze their scoring zones on the off-side and force aerial risks.,Not Available,Not Available,46.7,0.0,0.0,0.0,0,0,Pune Warriors India
PV Tambe,Pravin Tambe,India,Bowler,Death Over Finisher,"Sardar Patel Stadium, Motera > Sheikh Zayed Stadium > Wankhede Stadium > Feroz Shah Kotla",Unknown,Not Available,0,Bowl rapid back-of-a-length deliveries targeting the ribcage to cramp them for room.,Keep the ball turning away from their hitting arc.,Play out their good deliveries on merit. Look to capitalize on the missed yorker at the death.,Solid squad bowler. Exploit their lack of raw pace with calculated aggression.,Not Available,CJ Anderson,46.2,40.0,7.59,10.86,28,674,Rajasthan Royals
S Nadeem,Shahbaz Nadeem,India,Bowler,Death Over Finisher,Feroz Shah Kotla > Wankhede Stadium > Sharjah Cricket Stadium > Eden Gardens,Unknown,Not Available,0,Bowl rapid back-of-a-length deliveries targeting the ribcage to cramp them for room.,Keep the ball turning away from their hitting arc.,Elite threat. Treat with immense respect. Focus on rotating the strike and attacking others.,Frontline strike bowler. See off their best spells and attack the weaker backups.,SP Narine,SPD Smith,44.3,45.5,7.41,9.28,48,1444,Lucknow Super Giants
GC Viljoen,Hardus Viljoen,South Africa,Bowler,Death Over Finisher,Punjab Cricket Association IS Bindra Stadium > Arun Jaitley Stadium,Unknown,Not Available,0,Bowl rapid back-of-a-length deliveries targeting the ribcage to cramp them for room.,Keep the ball turning away from their hitting arc.,Target this bowler aggressively. High economy rate suggests frequent loose boundary deliveries.,Vulnerable to aggressive intent. Look to disrupt their length early in the over.,Not Available,CA Ingram,42.9,42.9,9.12,12.13,7,146,Punjab Kings
Younis Khan,Younis Khan,Pakistan,New Addition,Top Order Aggressor,Neutral Venues,Unknown,Not Available,0,Use back-of-a-length deliveries angling across the body. Invite the false drive.,Deploy left-arm orthodox sliding across to restrict strike rotation and build dot pressure.,Not a regular bowler. Focus purely on strike rotation if they are brought on.,Classical opener. Squeeze their scoring zones on the off-side and force aerial risks.,Not Available,Not Available,42.9,0.0,0.0,0.0,0,0,Rajasthan Royals
Prince Yadav,Prince Yadav,India,Bowler,Death Over Finisher,"Bharat Ratna Shri Atal Bihari Vajpayee Ekana Cricket Stadium, Lucknow > Rajiv Gandhi International Stadium, Uppal, Hyderabad > M Chinnaswamy Stadium, Bengaluru",Unknown,Not Available,0,Bowl rapid back-of-a-length deliveries targeting the ribcage to cramp them for room.,Keep the ball turning away from their hitting arc.,Play out their good deliveries on merit. Look to capitalize on the missed yorker at the death.,Solid squad bowler. Exploit their lack of raw pace with calculated aggression.,Not Available,P Simran Singh,41.7,41.7,8.39,10.58,16,337,Unattached
YS Chahal,Yuzvendra Chahal,India,Bowler,Death Over Finisher,"M Chinnaswamy Stadium > Dubai International Cricket Stadium > M.Chinnaswamy Stadium > Wankhede Stadium, Mumbai",Unknown,Not Available,0,Bowl rapid back-of-a-length deliveries targeting the ribcage to cramp them for room.,Keep the ball turning away from their hitting arc.,Play out their good deliveries on merit. Look to capitalize on the missed yorker at the death.,Solid squad bowler. Exploit their lack of raw pace with calculated aggression.,Imran Tahir,Abhishek Sharma,41.6,50.0,7.78,8.98,228,4068,Punjab Kings
R Minz,Robin Minz,India,New Addition,Middle Order Anchor,Neutral Venues,Unknown,Not Available,0,Deploy slow off-cutters gripping into the pitch outside the off-stump.,Use high-quality wrist spin tossed up wide to invite the mistimed slog sweep.,Not a regular bowler. Focus purely on strike rotation if they are brought on.,Middle-order anchor. Build dot-ball pressure with tight lines to force a frustrated lofted shot.,Not Available,Not Available,41.2,100.0,0.0,0.0,0,0,Gujarat Titans
BR Sharath,BR Sharath,India,New Addition,Middle Order Anchor,Neutral Venues,Unknown,Not Available,0,Deploy slow off-cutters gripping into the pitch outside the off-stump.,Use high-quality wrist spin tossed up wide to invite the mistimed slog sweep.,Not a regular bowler. Focus purely on strike rotation if they are brought on.,Middle-order anchor. Build dot-ball pressure with tight lines to force a frustrated lofted shot.,Not Available,Not Available,40.0,0.0,0.0,0.0,0,0,Gujarat Titans
DV Malewar,Danish Malewar,India,New Addition,Top Order Aggressor,Neutral Venues,Unknown,Not Available,0,Use back-of-a-length deliveries angling across the body. Invite the false drive.,Deploy left-arm orthodox sliding across to restrict strike rotation and build dot pressure.,Not a regular bowler. Focus purely on strike rotation if they are brought on.,Classical opener. Squeeze their scoring zones on the off-side and force aerial risks.,Not Available,Not Available,40.0,0.0,0.0,0.0,0,0,Unattached
H Das,Halhadar Das,India,New Addition,Death Over Finisher,Neutral Venues,Unknown,Not Available,0,Bowl rapid back-of-a-length deliveries targeting the ribcage to cramp them for room.,Keep the ball turning away from their hitting arc.,Not a regular bowler. Focus purely on strike rotation if they are brought on.,Lower-order batter. Exploit their lack of footwork with aggressive body-line bowling.,Not Available,Not Available,40.0,40.0,0.0,0.0,0,0,Deccan Chargers
IS Sodhi,Ish Sodhi,New Zealand,Bowler,Death Over Finisher,Sawai Mansingh Stadium > Arun Jaitley Stadium,Unknown,Not Available,0,Bowl rapid back-of-a-length deliveries targeting the ribcage to cramp them for room.,Keep the ball turning away from their hitting arc.,Elite threat. Treat with immense respect. Focus on rotating the strike and attacking others.,Frontline strike bowler. See off their best spells and attack the weaker backups.,Not Available,AB de Villiers,38.9,45.5,6.66,6.86,9,182,Rajasthan Royals
B Laughlin,Ben Laughlin,Australia,Bowler,Middle Order Anchor,Sawai Mansingh Stadium,Unknown,Not Available,0,Deploy slow off-cutters gripping into the pitch outside the off-stump.,Use high-quality wrist spin tossed up wide to invite the mistimed slog sweep.,Target this bowler aggressively. High economy rate suggests frequent loose boundary deliveries.,Vulnerable to aggressive intent. Look to disrupt their length early in the over.,Not Available,KD Karthik,38.5,33.3,9.45,10.77,10,179,Rajasthan Royals
M Prasidh Krishna,Prasidh Krishna,India,Bowler,Death Over Finisher,"Narendra Modi Stadium, Ahmedabad > Wankhede Stadium, Mumbai > Eden Gardens > Bharat Ratna Shri Atal Bihari Vajpayee Ekana Cricket Stadium, Lucknow",Unknown,Not Available,0,Bowl rapid back-of-a-length deliveries targeting the ribcage to cramp them for room.,Keep the ball turning away from their hitting arc.,Play out their good deliveries on merit. Look to capitalize on the missed yorker at the death.,Solid squad bowler. Exploit their lack of raw pace with calculated aggression.,Not Available,MP Stoinis,37.5,37.5,8.43,9.74,87,1757,Gujarat Titans
L Ngidi,Lungi Ngidi,South Africa,Bowler,Death Over Finisher,"Maharashtra Cricket Association Stadium > Sheikh Zayed Stadium > M Chinnaswamy Stadium, Bengaluru > Arun Jaitley Stadium, Delhi",Unknown,Not Available,0,Bowl rapid back-of-a-length deliveries targeting the ribcage to cramp them for room.,Keep the ball turning away from their hitting arc.,Play out their good deliveries on merit. Look to capitalize on the missed yorker at the death.,Solid squad bowler. Exploit their lack of raw pace with calculated aggression.,Not Available,KA Pollard,37.5,37.5,8.2,8.57,36,538,Delhi Capitals
D Kalyankrishna,D Kalyankrishna,India,New Addition,Death Over Finisher,"Rajiv Gandhi International Stadium, Uppal",Unknown,Not Available,0,Bowl rapid back-of-a-length deliveries targeting the ribcage to cramp them for room.,Keep the ball turning away from their hitting arc.,Not a regular bowler. Focus purely on strike rotation if they are brought on.,Lower-order batter. Exploit their lack of footwork with aggressive body-line bowling.,Not Available,Not Available,37.5,37.5,10.44,17.0,2,50,Deccan Chargers
SB Joshi,Sunil Joshi,India,New Addition,Middle Order Anchor,Neutral Venues,Unknown,Not Available,0,Deploy slow off-cutters gripping into the pitch outside the off-stump.,Use high-quality wrist spin tossed up wide to invite the mistimed slog sweep.,Not a regular bowler. Focus purely on strike rotation if they are brought on.,Middle-order anchor. Build dot-ball pressure with tight lines to force a frustrated lofted shot.,Not Available,Not Available,37.5,0.0,8.95,11.14,1,55,Royal Challengers Bangalore
RK Bhui,Ricky Bhui,India,New Addition,Middle Order Anchor,Neutral Venues,Unknown,Not Available,0,Deploy slow off-cutters gripping into the pitch outside the off-stump.,Use high-quality wrist spin tossed up wide to invite the mistimed slog sweep.,Not a regular bowler. Focus purely on strike rotation if they are brought on.,Middle-order anchor. Build dot-ball pressure with tight lines to force a frustrated lofted shot.,Not Available,Not Available,37.0,0.0,0.0,0.0,0,0,Delhi Capitals
VG Arora,Vaibhav Arora,India,Bowler,Death Over Finisher,"Eden Gardens, Kolkata > MA Chidambaram Stadium, Chepauk, Chennai > Dr. Y.S. Rajasekhara Reddy ACA-VDCA Cricket Stadium, Visakhapatnam > Brabourne Stadium, Mumbai",Unknown,Not Available,0,Bowl rapid back-of-a-length deliveries targeting the ribcage to cramp them for room.,Keep the ball turning away from their hitting arc.,Target this bowler aggressively. High economy rate suggests frequent loose boundary deliveries.,Vulnerable to aggressive intent. Look to disrupt their length early in the over.,Not Available,D Brevis,35.7,47.6,9.01,9.6,45,868,Kolkata Knight Riders
P Awana,Parvinder Awana,India,Bowler,Death Over Finisher,"Punjab Cricket Association Stadium, Mohali > Feroz Shah Kotla > Wankhede Stadium > Himachal Pradesh Cricket Association Stadium",Unknown,Not Available,0,Bowl rapid back-of-a-length deliveries targeting the ribcage to cramp them for room.,Keep the ball turning away from their hitting arc.,Play out their good deliveries on merit. Look to capitalize on the missed yorker at the death.,Solid squad bowler. Exploit their lack of raw pace with calculated aggression.,Not Available,DA Warner,35.7,35.7,7.98,10.07,39,774,Kings XI Punjab
PP Ojha,Pragyan Ojha,India,Bowler,Death Over Finisher,"Wankhede Stadium > MA Chidambaram Stadium, Chepauk > Eden Gardens > Kingsmead",Unknown,Not Available,0,Bowl rapid back-of-a-length deliveries targeting the ribcage to cramp them for room.,Keep the ball turning away from their hitting arc.,Elite threat. Treat with immense respect. Focus on rotating the strike and attacking others.,Frontline strike bowler. See off their best spells and attack the weaker backups.,Not Available,KK Nair,35.6,37.2,7.21,9.05,89,1945,Mumbai Indians
TD Paine,Tim Paine,Australia,New Addition,Top Order Aggressor,Neutral Venues,Unknown,Not Available,0,Use back-of-a-length deliveries angling across the body. Invite the false drive.,Deploy left-arm orthodox sliding across to restrict strike rotation and build dot pressure.,Not a regular bowler. Focus purely on strike rotation if they are brought on.,Classical opener. Squeeze their scoring zones on the off-side and force aerial risks.,Not Available,Not Available,34.5,0.0,0.0,0.0,0,0,Pune Warriors India
DS Rathi,Divij Rathi,India,Bowler,Death Over Finisher,"Bharat Ratna Shri Atal Bihari Vajpayee Ekana Cricket Stadium, Lucknow",Unknown,Not Available,0,Bowl rapid back-of-a-length deliveries targeting the ribcage to cramp them for room.,Keep the ball turning away from their hitting arc.,Play out their good deliveries on merit. Look to capitalize on the missed yorker at the death.,Solid squad bowler. Exploit their lack of raw pace with calculated aggression.,Not Available,Nithish Kumar Reddy,33.3,33.3,8.37,10.44,17,469,Pune Warriors India
P Parameswaran,Prasanth Parameswaran,India,Bowler,Death Over Finisher,Feroz Shah Kotla,Unknown,Not Available,0,Bowl rapid back-of-a-length deliveries targeting the ribcage to cramp them for room.,Keep the ball turning away from their hitting arc.,Play out their good deliveries on merit. Look to capitalize on the missed yorker at the death.,Solid squad bowler. Exploit their lack of raw pace with calculated aggression.,Not Available,S Dhawan,33.3,33.3,8.45,9.07,9,159,Royal Challengers Bangalore
BE Hendricks,Beuran Hendricks,South Africa,Bowler,Death Over Finisher,"Punjab Cricket Association Stadium, Mohali > Feroz Shah Kotla",Unknown,Not Available,0,Bowl rapid back-of-a-length deliveries targeting the ribcage to cramp them for room.,Keep the ball turning away from their hitting arc.,Play out their good deliveries on merit. Look to capitalize on the missed yorker at the death.,Solid squad bowler. Exploit their lack of raw pace with calculated aggression.,Not Available,LMP Simmons,33.3,33.3,8.98,8.36,9,157,Mumbai Indians
Brijesh Sharma,Brijesh Sharma,India,Bowler,Death Over Finisher,"Barsapara Cricket Stadium, Guwahati",Unknown,Not Available,0,Bowl rapid back-of-a-length deliveries targeting the ribcage to cramp them for room.,Keep the ball turning away from their hitting arc.,Play out their good deliveries on merit. Look to capitalize on the missed yorker at the death.,Solid squad bowler. Exploit their lack of raw pace with calculated aggression.,Not Available,Not Available,33.3,33.3,8.68,9.62,7,148,Unattached
Fazalhaq Farooqi,Fazalhaq Farooqi,Afghanistan,Bowler,Death Over Finisher,"Wankhede Stadium, Mumbai",Unknown,Not Available,0,Bowl rapid back-of-a-length deliveries targeting the ribcage to cramp them for room.,Keep the ball turning away from their hitting arc.,Target this bowler aggressively. High economy rate suggests frequent loose boundary deliveries.,Vulnerable to aggressive intent. Look to disrupt their length early in the over.,Not Available,Shubman Gill,33.3,33.3,9.86,14.19,6,266,Sunrisers Hyderabad
LE Plunkett,Liam Plunkett,England,Bowler,Death Over Finisher,Arun Jaitley Stadium,Unknown,Not Available,0,Bowl rapid back-of-a-length deliveries targeting the ribcage to cramp them for room.,Keep the ball turning away from their hitting arc.,Play out their good deliveries on merit. Look to capitalize on the missed yorker at the death.,Solid squad bowler. Exploit their lack of raw pace with calculated aggression.,Not Available,KS Williamson,33.3,33.3,8.77,8.45,4,154,Delhi Daredevils
DJ Muthuswami,Domnic Muthuswami,India,New Addition,Death Over Finisher,Feroz Shah Kotla,Unknown,Not Available,0,Bowl rapid back-of-a-length deliveries targeting the ribcage to cramp them for room.,Keep the ball turning away from their hitting arc.,Not a regular bowler. Focus purely on strike rotation if they are brought on.,Lower-order batter. Exploit their lack of footwork with aggressive body-line bowling.,Not Available,Not Available,33.3,33.3,7.21,1.0,4,84,Delhi Daredevils
DP Nannes,Dirk Nannes,Australia,Bowler,Death Over Finisher,"SuperSport Park > New Wanderers Stadium > Punjab Cricket Association Stadium, Mohali > MA Chidambaram Stadium, Chepauk",Unknown,Not Available,0,Bowl rapid back-of-a-length deliveries targeting the ribcage to cramp them for room.,Keep the ball turning away from their hitting arc.,Elite threat. Treat with immense respect. Focus on rotating the strike and attacking others.,Frontline strike bowler. See off their best spells and attack the weaker backups.,Not Available,BB McCullum,30.8,22.2,6.84,8.37,28,689,Chennai Super Kings
Shoaib Akhtar,Shoaib Akhtar,Pakistan,New Addition,Middle Order Anchor,Eden Gardens,Unknown,Not Available,0,Deploy slow off-cutters gripping into the pitch outside the off-stump.,Use high-quality wrist spin tossed up wide to invite the mistimed slog sweep.,Not a regular bowler. Focus purely on strike rotation if they are brought on.,Middle-order anchor. Build dot-ball pressure with tight lines to force a frustrated lofted shot.,Not Available,Not Available,25.0,0.0,7.04,0.0,5,46,Kolkata Knight Riders
MS Bhandage,Manoj Bhandage,India,New Addition,Middle Order Anchor,Neutral Venues,Unknown,Not Available,0,Deploy slow off-cutters gripping into the pitch outside the off-stump.,Use high-quality wrist spin tossed up wide to invite the mistimed slog sweep.,Not a regular bowler. Focus purely on strike rotation if they are brought on.,Middle-order anchor. Build dot-ball pressure with tight lines to force a frustrated lofted shot.,Not Available,Not Available,25.0,0.0,0.0,0.0,0,0,Royal Challengers Bangalore
RS Gavaskar,Rohan Gavaskar,India,New Addition,Middle Order Anchor,Neutral Venues,Unknown,Not Available,0,Deploy slow off-cutters gripping into the pitch outside the off-stump.,Use high-quality wrist spin tossed up wide to invite the mistimed slog sweep.,Not a regular bowler. Focus purely on strike rotation if they are brought on.,Middle-order anchor. Build dot-ball pressure with tight lines to force a frustrated lofted shot.,Not Available,Not Available,25.0,0.0,8.0,8.0,0,6,Kolkata Knight Riders
KK Ahmed,Khaleel Ahmed,India,Bowler,Death Over Finisher,"MA Chidambaram Stadium, Chepauk, Chennai > Rajiv Gandhi International Stadium > Brabourne Stadium, Mumbai > Arun Jaitley Stadium, Delhi",Unknown,Not Available,0,Bowl rapid back-of-a-length deliveries targeting the ribcage to cramp them for room.,Keep the ball turning away from their hitting arc.,Play out their good deliveries on merit. Look to capitalize on the missed yorker at the death.,Solid squad bowler. Exploit their lack of raw pace with calculated aggression.,Not Available,Priyansh Arya,22.2,22.2,8.53,10.08,91,1741,Chennai Super Kings
A Singh,Arshdeep Singh,India,Bowler,Death Over Finisher,"Sawai Mansingh Stadium > Kingsmead > SuperSport Park > Rajiv Gandhi International Stadium, Uppal",Unknown,Not Available,0,Bowl rapid back-of-a-length deliveries targeting the ribcage to cramp them for room.,Keep the ball turning away from their hitting arc.,Play out their good deliveries on merit. Look to capitalize on the missed yorker at the death.,Solid squad bowler. Exploit their lack of raw pace with calculated aggression.,Not Available,SK Raina,20.0,25.0,7.65,9.93,28,486,Punjab Kings
HF Gurney,Harry Gurney,England,Bowler,Death Over Finisher,Eden Gardens,Unknown,Not Available,0,Bowl rapid back-of-a-length deliveries targeting the ribcage to cramp them for room.,Keep the ball turning away from their hitting arc.,Play out their good deliveries on merit. Look to capitalize on the missed yorker at the death.,Solid squad bowler. Exploit their lack of raw pace with calculated aggression.,Not Available,V Kohli,20.0,20.0,8.45,11.79,7,169,Kolkata Knight Riders
Ashok Sharma,Ashok Sharma,India,Bowler,Middle Order Anchor,"Narendra Modi Stadium, Ahmedabad",Unknown,Not Available,0,Deploy slow off-cutters gripping into the pitch outside the off-stump.,Use high-quality wrist spin tossed up wide to invite the mistimed slog sweep.,Target this bowler aggressively. High economy rate suggests frequent loose boundary deliveries.,Vulnerable to aggressive intent. Look to disrupt their length early in the over.,Not Available,C Green,20.0,0.0,10.06,10.53,6,136,Kolkata Knight Riders
Ashwani Kumar,Ashwani Kumar,India,Bowler,Death Over Finisher,"Wankhede Stadium, Mumbai > Narendra Modi Stadium, Ahmedabad",Unknown,Not Available,0,Bowl rapid back-of-a-length deliveries targeting the ribcage to cramp them for room.,Keep the ball turning away from their hitting arc.,Target this bowler aggressively. High economy rate suggests frequent loose boundary deliveries.,Vulnerable to aggressive intent. Look to disrupt their length early in the over.,Not Available,SS Iyer,16.7,16.7,10.22,12.94,17,196,Unattached
Shoaib Ahmed,Shoaib Ahmed,India,New Addition,Death Over Finisher,Neutral Venues,Unknown,Not Available,0,Bowl rapid back-of-a-length deliveries targeting the ribcage to cramp them for room.,Keep the ball turning away from their hitting arc.,Not a regular bowler. Focus purely on strike rotation if they are brought on.,Lower-order batter. Exploit their lack of footwork with aggressive body-line bowling.,Not Available,TM Dilshan,16.7,0.0,8.85,14.0,5,103,Deccan Chargers
Mohammad Ashraful,Mohammad Ashraful,Bangladesh,New Addition,Top Order Aggressor,Neutral Venues,Unknown,Not Available,0,Use back-of-a-length deliveries angling across the body. Invite the false drive.,Deploy left-arm orthodox sliding across to restrict strike rotation and build dot pressure.,Not a regular bowler. Focus purely on strike rotation if they are brought on.,Classical opener. Squeeze their scoring zones on the off-side and force aerial risks.,Not Available,Not Available,16.7,0.0,0.0,0.0,0,0,Mumbai Indians
M Pathirana,Matheesha Pathirana,Sri Lanka,Bowler,Middle Order,"MA Chidambaram Stadium, Chepauk, Chennai > Wankhede Stadium, Mumbai > M Chinnaswamy Stadium, Bengaluru > Bharat Ratna Shri Atal Bihari Vajpayee Ekana Cricket Stadium, Lucknow",Unknown,Not Available,0,Attack with sharp bouncers.,Bowl flat darts.,Pick his release point late. Sit deep in the crease and wait for the missed yorker at the death.,Sling-action death specialist. Focus entirely on surviving his toe-crushing yorkers.,Not Available,SS Iyer,0.0,0.0,7.75,8.3,47,787,Kolkata Knight Riders
E Malinga,Lasith Malinga,Sri Lanka,Bowler,Middle Order,"Rajiv Gandhi International Stadium, Uppal, Hyderabad > Bharat Ratna Shri Atal Bihari Vajpayee Ekana Cricket Stadium, Lucknow > Wankhede Stadium, Mumbai > Arun Jaitley Stadium, Delhi",Unknown,Not Available,0,"Target the stumps with full, fast deliveries if he bats.",Bowl flat and straight.,"Watch for the slinging, dipping yorker. Play him off the pitch and respect his death overs.",The greatest death bowler. Do not take unnecessary risks against his yorkers; attack the other bowlers.,Not Available,SS Iyer,0.0,0.0,8.44,8.85,28,371,Mumbai Indians
Suyash Sharma,Suyash Sharma,India,Bowler,Middle Order,"Eden Gardens, Kolkata > M Chinnaswamy Stadium, Bengaluru > Maharaja Yadavindra Singh International Cricket Stadium, Mullanpur > Wankhede Stadium, Mumbai",Unknown,Short Third Man,2,Deploy slow off-cutters gripping into the pitch outside the off-stump.,Use high-quality wrist spin tossed up wide to invite the mistimed slog sweep.,Play out their good deliveries on merit. Look to capitalize on the missed yorker at the death.,Solid squad bowler. Exploit their lack of raw pace with calculated aggression.,Not Available,RR Pant,0.0,0.0,8.45,8.94,25,754,Kolkata Knight Riders
Yash Thakur,Yash Thakur,India,Bowler,Middle Order,"Bharat Ratna Shri Atal Bihari Vajpayee Ekana Cricket Stadium, Lucknow > Punjab Cricket Association IS Bindra Stadium, Mohali, Chandigarh > MA Chidambaram Stadium, Chepauk, Chennai",Unknown,Not Available,0,Deploy slow off-cutters gripping into the pitch outside the off-stump.,Use high-quality wrist spin tossed up wide to invite the mistimed slog sweep.,Target this bowler aggressively. High economy rate suggests frequent loose boundary deliveries.,Vulnerable to aggressive intent. Look to disrupt their length early in the over.,Not Available,Abhishek Sharma,0.0,0.0,9.73,10.45,25,475,Lucknow Super Giants
BW Hilfenhaus,Ben Hilfenhaus,Australia,Bowler,Middle Order,"MA Chidambaram Stadium, Chepauk > Dubai International Cricket Stadium",Unknown,Not Available,0,Deploy slow off-cutters gripping into the pitch outside the off-stump.,Use high-quality wrist spin tossed up wide to invite the mistimed slog sweep.,Elite threat. Treat with immense respect. Focus on rotating the strike and attacking others.,Frontline strike bowler. See off their best spells and attack the weaker backups.,Not Available,DR Smith,0.0,0.0,7.37,10.75,22,390,Chennai Super Kings
RP Meredith,Riley Meredith,Australia,Bowler,Death Over Finisher,"Wankhede Stadium, Mumbai > Narendra Modi Stadium, Ahmedabad > Dr DY Patil Sports Academy, Mumbai",Unknown,Not Available,0,Bowl rapid back-of-a-length deliveries targeting the ribcage to cramp them for room.,Keep the ball turning away from their hitting arc.,Play out their good deliveries on merit. Look to capitalize on the missed yorker at the death.,Solid squad bowler. Exploit their lack of raw pace with calculated aggression.,Not Available,VR Iyer,0.0,0.0,8.85,10.04,19,415,Mumbai Indians
IC Pandey,Ishwar Pandey,India,Bowler,Death Over Finisher,"MA Chidambaram Stadium, Chepauk > Wankhede Stadium",Unknown,Not Available,0,Bowl rapid back-of-a-length deliveries targeting the ribcage to cramp them for room.,Keep the ball turning away from their hitting arc.,Play out their good deliveries on merit. Look to capitalize on the missed yorker at the death.,Solid squad bowler. Exploit their lack of raw pace with calculated aggression.,Not Available,RV Uthappa,0.0,0.0,7.56,10.26,18,469,Chennai Super Kings
YA Abdulla,Yusuf Abdulla,India,Bowler,Death Over Finisher,Kingsmead > Newlands,Unknown,Not Available,0,Bowl rapid back-of-a-length deliveries targeting the ribcage to cramp them for room.,Keep the ball turning away from their hitting arc.,Play out their good deliveries on merit. Look to capitalize on the missed yorker at the death.,Solid squad bowler. Exploit their lack of raw pace with calculated aggression.,Not Available,CH Gayle,0.0,0.0,8.3,10.69,15,222,Kings XI Punjab
KR Sen,Kuldeep Sen,India,Bowler,Death Over Finisher,"Maharashtra Cricket Association Stadium, Pune > Sawai Mansingh Stadium, Jaipur",Unknown,Not Available,0,Bowl rapid back-of-a-length deliveries targeting the ribcage to cramp them for room.,Keep the ball turning away from their hitting arc.,Target this bowler aggressively. High economy rate suggests frequent loose boundary deliveries.,Vulnerable to aggressive intent. Look to disrupt their length early in the over.,Not Available,HH Pandya,0.0,0.0,9.11,12.55,14,255,Rajasthan Royals
S Lamichhane,Sandeep Lamichhane,Nepal,Bowler,Death Over Finisher,Arun Jaitley Stadium,Unknown,Not Available,0,Bowl rapid back-of-a-length deliveries targeting the ribcage to cramp them for room.,Keep the ball turning away from their hitting arc.,Play out their good deliveries on merit. Look to capitalize on the missed yorker at the death.,Solid squad bowler. Exploit their lack of raw pace with calculated aggression.,Not Available,V Kohli,0.0,0.0,8.3,10.06,13,211,Delhi Capitals
J Little,Josh Little,Ireland,Bowler,Middle Order,"M Chinnaswamy Stadium, Bengaluru > Narendra Modi Stadium, Ahmedabad",Unknown,Not Available,0,Deploy slow off-cutters gripping into the pitch outside the off-stump.,Use high-quality wrist spin tossed up wide to invite the mistimed slog sweep.,Play out their good deliveries on merit. Look to capitalize on the missed yorker at the death.,Solid squad bowler. Exploit their lack of raw pace with calculated aggression.,Not Available,Rahmanullah Gurbaz,0.0,0.0,8.62,9.37,11,236,Gujarat Titans
AM Ghazanfar,Allah Ghazanfar,Afghanistan,Bowler,Middle Order,"Wankhede Stadium, Mumbai",Unknown,Not Available,0,Deploy slow off-cutters gripping into the pitch outside the off-stump.,Use high-quality wrist spin tossed up wide to invite the mistimed slog sweep.,Target this bowler aggressively. High economy rate suggests frequent loose boundary deliveries.,Vulnerable to aggressive intent. Look to disrupt their length early in the over.,Not Available,Not Available,0.0,0.0,9.19,10.0,10,128,Mumbai Indians
V Pratap Singh,Veer Pratap Singh,India,Bowler,Death Over Finisher,"Rajiv Gandhi International Stadium, Uppal",Unknown,Not Available,0,Bowl rapid back-of-a-length deliveries targeting the ribcage to cramp them for room.,Keep the ball turning away from their hitting arc.,Play out their good deliveries on merit. Look to capitalize on the missed yorker at the death.,Solid squad bowler. Exploit their lack of raw pace with calculated aggression.,Not Available,Mandeep Singh,0.0,0.0,8.42,9.91,10,211,Sunrisers Hyderabad
Akash Singh,Akash Singh,India,Bowler,Middle Order,"MA Chidambaram Stadium, Chepauk, Chennai",Unknown,Not Available,0,Deploy slow off-cutters gripping into the pitch outside the off-stump.,Use high-quality wrist spin tossed up wide to invite the mistimed slog sweep.,Target this bowler aggressively. High economy rate suggests frequent loose boundary deliveries.,Vulnerable to aggressive intent. Look to disrupt their length early in the over.,Not Available,YBK Jaiswal,0.0,0.0,9.4,13.5,9,208,Sunrisers Hyderabad
N Thushara,Nuwan Thushara,Sri Lanka,Bowler,Middle Order,"Wankhede Stadium, Mumbai",Unknown,Not Available,0,Deploy slow off-cutters gripping into the pitch outside the off-stump.,Use high-quality wrist spin tossed up wide to invite the mistimed slog sweep.,Play out their good deliveries on merit. Look to capitalize on the missed yorker at the death.,Solid squad bowler. Exploit their lack of raw pace with calculated aggression.,Not Available,VR Iyer,0.0,0.0,8.58,8.68,9,198,Royal Challengers Bengaluru
S Sandeep Warrier,Sandeep Warrier,India,Bowler,Middle Order,"Narendra Modi Stadium, Ahmedabad > Arun Jaitley Stadium, Delhi",Unknown,Not Available,0,Deploy slow off-cutters gripping into the pitch outside the off-stump.,Use high-quality wrist spin tossed up wide to invite the mistimed slog sweep.,Play out their good deliveries on merit. Look to capitalize on the missed yorker at the death.,Solid squad bowler. Exploit their lack of raw pace with calculated aggression.,Not Available,SA Yadav,0.0,0.0,8.62,0.0,8,176,Gujarat Titans
PP Hinge,Preetam Hinge,India,New Addition,Death Over Finisher,"Rajiv Gandhi International Stadium, Uppal, Hyderabad",Unknown,Not Available,0,Bowl rapid back-of-a-length deliveries targeting the ribcage to cramp them for room.,Keep the ball turning away from their hitting arc.,Not a regular bowler. Focus purely on strike rotation if they are brought on.,Lower-order batter. Exploit their lack of footwork with aggressive body-line bowling.,Not Available,Not Available,0.0,0.0,11.48,11.53,8,103,Unattached
Sakib Hussain,Sakib Hussain,India,Bowler,Middle Order,"Rajiv Gandhi International Stadium, Uppal, Hyderabad",Unknown,Not Available,0,Deploy slow off-cutters gripping into the pitch outside the off-stump.,Use high-quality wrist spin tossed up wide to invite the mistimed slog sweep.,Play out their good deliveries on merit. Look to capitalize on the missed yorker at the death.,Solid squad bowler. Exploit their lack of raw pace with calculated aggression.,Not Available,D Ferreira,0.0,0.0,8.93,7.45,8,125,Kolkata Knight Riders
Anand Rajan,Anand Rajan,India,Bowler,Middle Order,Wankhede Stadium,Unknown,Not Available,0,Deploy slow off-cutters gripping into the pitch outside the off-stump.,Use high-quality wrist spin tossed up wide to invite the mistimed slog sweep.,Elite threat. Treat with immense respect. Focus on rotating the strike and attacking others.,Frontline strike bowler. See off their best spells and attack the weaker backups.,Not Available,G Gambhir,0.0,0.0,7.44,10.77,8,162,Deccan Chargers
KM Asif,KM Asif,India,Bowler,Middle Order Anchor,Neutral Venues,Unknown,Not Available,0,Deploy slow off-cutters gripping into the pitch outside the off-stump.,Use high-quality wrist spin tossed up wide to invite the mistimed slog sweep.,Target this bowler aggressively. High economy rate suggests frequent loose boundary deliveries.,Vulnerable to aggressive intent. Look to disrupt their length early in the over.,Not Available,S Dhawan,0.0,0.0,9.69,14.22,7,143,Rajasthan Royals
M Siddharth,Manimaran Siddharth,India,Bowler,Middle Order,Neutral Venues,Unknown,Not Available,0,Deploy slow off-cutters gripping into the pitch outside the off-stump.,Use high-quality wrist spin tossed up wide to invite the mistimed slog sweep.,Play out their good deliveries on merit. Look to capitalize on the missed yorker at the death.,Solid squad bowler. Exploit their lack of raw pace with calculated aggression.,Not Available,F du Plessis,0.0,0.0,8.38,12.63,7,169,Lucknow Super Giants
P Amarnath,Palani Amarnath,India,Bowler,Middle Order,"MA Chidambaram Stadium, Chepauk",Unknown,Not Available,0,Deploy slow off-cutters gripping into the pitch outside the off-stump.,Use high-quality wrist spin tossed up wide to invite the mistimed slog sweep.,Target this bowler aggressively. High economy rate suggests frequent loose boundary deliveries.,Vulnerable to aggressive intent. Look to disrupt their length early in the over.,Not Available,Not Available,0.0,0.0,10.73,13.0,7,132,Chennai Super Kings
AM Salvi,Aavishkar Salvi,India,Bowler,Middle Order,Neutral Venues,Unknown,Not Available,0,Deploy slow off-cutters gripping into the pitch outside the off-stump.,Use high-quality wrist spin tossed up wide to invite the mistimed slog sweep.,Play out their good deliveries on merit. Look to capitalize on the missed yorker at the death.,Solid squad bowler. Exploit their lack of raw pace with calculated aggression.,Not Available,JH Kallis,0.0,0.0,7.69,8.9,7,156,Delhi Daredevils
S Kaushik,Shivil Kaushik,India,Bowler,Death Over Finisher,Saurashtra Cricket Association Stadium,Unknown,Not Available,0,Bowl rapid back-of-a-length deliveries targeting the ribcage to cramp them for room.,Keep the ball turning away from their hitting arc.,Play out their good deliveries on merit. Look to capitalize on the missed yorker at the death.,Solid squad bowler. Exploit their lack of raw pace with calculated aggression.,Not Available,V Kohli,0.0,0.0,8.49,14.25,6,210,Gujarat Lions
K Khejroliya,Kulwant Khejroliya,India,Bowler,Middle Order,M.Chinnaswamy Stadium,Unknown,Not Available,0,Deploy slow off-cutters gripping into the pitch outside the off-stump.,Use high-quality wrist spin tossed up wide to invite the mistimed slog sweep.,Target this bowler aggressively. High economy rate suggests frequent loose boundary deliveries.,Vulnerable to aggressive intent. Look to disrupt their length early in the over.,Not Available,SV Samson,0.0,0.0,9.97,11.82,6,148,Kolkata Knight Riders
SS Cottrell,Sheldon Cottrell,West Indies,Bowler,Death Over Finisher,Dubai International Cricket Stadium,Unknown,Not Available,0,Bowl rapid back-of-a-length deliveries targeting the ribcage to cramp them for room.,Keep the ball turning away from their hitting arc.,Play out their good deliveries on merit. Look to capitalize on the missed yorker at the death.,Solid squad bowler. Exploit their lack of raw pace with calculated aggression.,Not Available,SR Watson,0.0,0.0,8.06,15.16,6,131,Kings XI Punjab
V Puthur,V Puthur,India,New Addition,Middle Order,"MA Chidambaram Stadium, Chepauk, Chennai",Unknown,Not Available,0,Deploy slow off-cutters gripping into the pitch outside the off-stump.,Use high-quality wrist spin tossed up wide to invite the mistimed slog sweep.,Not a regular bowler. Focus purely on strike rotation if they are brought on.,Middle-order anchor. Build dot-ball pressure with tight lines to force a frustrated lofted shot.,Not Available,AK Markram,0.0,0.0,8.96,11.08,6,73,Unattached
Zeeshan Ansari,Zeeshan Ansari,India,Bowler,Middle Order,"Dr. Y.S. Rajasekhara Reddy ACA-VDCA Cricket Stadium, Visakhapatnam",Unknown,Not Available,0,Deploy slow off-cutters gripping into the pitch outside the off-stump.,Use high-quality wrist spin tossed up wide to invite the mistimed slog sweep.,Target this bowler aggressively. High economy rate suggests frequent loose boundary deliveries.,Vulnerable to aggressive intent. Look to disrupt their length early in the over.,Not Available,SA Yadav,0.0,0.0,9.56,12.0,6,209,Unattached
W O'Rourke,Will O'Rourke,New Zealand,New Addition,Middle Order,"Bharat Ratna Shri Atal Bihari Vajpayee Ekana Cricket Stadium, Lucknow > Narendra Modi Stadium, Ahmedabad",Unknown,Not Available,0,Deploy slow off-cutters gripping into the pitch outside the off-stump.,Use high-quality wrist spin tossed up wide to invite the mistimed slog sweep.,Not a regular bowler. Focus purely on strike rotation if they are brought on.,Middle-order anchor. Build dot-ball pressure with tight lines to force a frustrated lofted shot.,Not Available,Not Available,0.0,0.0,12.38,12.86,6,64,Unattached
JA Duffy,Jacob Duffy,New Zealand,New Addition,Middle Order,"M Chinnaswamy Stadium, Bengaluru",Unknown,Not Available,0,Deploy slow off-cutters gripping into the pitch outside the off-stump.,Use high-quality wrist spin tossed up wide to invite the mistimed slog sweep.,Not a regular bowler. Focus purely on strike rotation if they are brought on.,Middle-order anchor. Build dot-ball pressure with tight lines to force a frustrated lofted shot.,Not Available,Not Available,0.0,0.0,10.35,13.12,6,80,Unattached
O Thomas,Oshane Thomas,West Indies,New Addition,Middle Order,Neutral Venues,Unknown,Not Available,0,Deploy slow off-cutters gripping into the pitch outside the off-stump.,Use high-quality wrist spin tossed up wide to invite the mistimed slog sweep.,Not a regular bowler. Focus purely on strike rotation if they are brought on.,Middle-order anchor. Build dot-ball pressure with tight lines to force a frustrated lofted shot.,Not Available,Not Available,0.0,0.0,7.52,7.71,5,63,Rajasthan Royals
S Ladda,Sarabjit Ladda,India,Bowler,Middle Order Anchor,Feroz Shah Kotla,Unknown,Not Available,0,Deploy slow off-cutters gripping into the pitch outside the off-stump.,Use high-quality wrist spin tossed up wide to invite the mistimed slog sweep.,Target this bowler aggressively. High economy rate suggests frequent loose boundary deliveries.,Vulnerable to aggressive intent. Look to disrupt their length early in the over.,Not Available,P Dogra,0.0,0.0,9.53,12.0,5,141,Gujarat Lions
B Muzarabani,Blessing Muzarabani,Zimbabwe,New Addition,Middle Order,"Eden Gardens, Kolkata",Unknown,Not Available,0,Deploy slow off-cutters gripping into the pitch outside the off-stump.,Use high-quality wrist spin tossed up wide to invite the mistimed slog sweep.,Not a regular bowler. Focus purely on strike rotation if they are brought on.,Middle-order anchor. Build dot-ball pressure with tight lines to force a frustrated lofted shot.,Not Available,Not Available,0.0,0.0,10.23,11.54,4,44,Lucknow Super Giants
RS Hangargekar,Rajvardhan Hangargekar,India,New Addition,Middle Order,"Narendra Modi Stadium, Ahmedabad",Unknown,Not Available,0,Deploy slow off-cutters gripping into the pitch outside the off-stump.,Use high-quality wrist spin tossed up wide to invite the mistimed slog sweep.,Not a regular bowler. Focus purely on strike rotation if they are brought on.,Middle-order anchor. Build dot-ball pressure with tight lines to force a frustrated lofted shot.,Not Available,Not Available,0.0,0.0,8.37,6.4,3,43,Chennai Super Kings
Abhinandan Singh,Abhinandan Singh,India,New Addition,Middle Order,"M Chinnaswamy Stadium, Bengaluru",Unknown,Not Available,0,Deploy slow off-cutters gripping into the pitch outside the off-stump.,Use high-quality wrist spin tossed up wide to invite the mistimed slog sweep.,Not a regular bowler. Focus purely on strike rotation if they are brought on.,Middle-order anchor. Build dot-ball pressure with tight lines to force a frustrated lofted shot.,Not Available,Dhruv Jurel,0.0,0.0,12.2,9.6,3,60,Unattached
Gurjapneet Singh,Gurjapneet Singh,India,New Addition,Middle Order,Neutral Venues,Unknown,Not Available,0,Deploy slow off-cutters gripping into the pitch outside the off-stump.,Use high-quality wrist spin tossed up wide to invite the mistimed slog sweep.,Not a regular bowler. Focus purely on strike rotation if they are brought on.,Middle-order anchor. Build dot-ball pressure with tight lines to force a frustrated lofted shot.,Not Available,T Stubbs,0.0,0.0,9.48,9.38,3,88,Chennai Super Kings
Yash Raj Punja,Yash Raj Punja,India,New Addition,Middle Order,Neutral Venues,Unknown,Not Available,0,Deploy slow off-cutters gripping into the pitch outside the off-stump.,Use high-quality wrist spin tossed up wide to invite the mistimed slog sweep.,Not a regular bowler. Focus purely on strike rotation if they are brought on.,Middle-order anchor. Build dot-ball pressure with tight lines to force a frustrated lofted shot.,Not Available,Not Available,0.0,0.0,8.25,10.0,3,48,Unattached
Gagandeep Singh,Gagandeep Singh,India,New Addition,Middle Order,Neutral Venues,Unknown,Not Available,0,Deploy slow off-cutters gripping into the pitch outside the off-stump.,Use high-quality wrist spin tossed up wide to invite the mistimed slog sweep.,Not a regular bowler. Focus purely on strike rotation if they are brought on.,Middle-order anchor. Build dot-ball pressure with tight lines to force a frustrated lofted shot.,Not Available,DJ Hussey,0.0,0.0,10.07,16.0,3,84,Unattached
L Ablish,Love Ablish,India,New Addition,Death Over Finisher,Neutral Venues,Unknown,Not Available,0,Bowl rapid back-of-a-length deliveries targeting the ribcage to cramp them for room.,Keep the ball turning away from their hitting arc.,Not a regular bowler. Focus purely on strike rotation if they are brought on.,Lower-order batter. Exploit their lack of footwork with aggressive body-line bowling.,Not Available,Not Available,0.0,0.0,10.0,5.14,3,45,Kings XI Punjab
K Santokie,Krishmar Santokie,West Indies,New Addition,Middle Order,Neutral Venues,Unknown,Not Available,0,Deploy slow off-cutters gripping into the pitch outside the off-stump.,Use high-quality wrist spin tossed up wide to invite the mistimed slog sweep.,Not a regular bowler. Focus purely on strike rotation if they are brought on.,Middle-order anchor. Build dot-ball pressure with tight lines to force a frustrated lofted shot.,Not Available,Not Available,0.0,0.0,10.59,12.96,3,51,Mumbai Indians
JW Hastings,John Hastings,Australia,New Addition,Middle Order,Neutral Venues,Unknown,Not Available,0,Deploy slow off-cutters gripping into the pitch outside the off-stump.,Use high-quality wrist spin tossed up wide to invite the mistimed slog sweep.,Not a regular bowler. Focus purely on strike rotation if they are brought on.,Middle-order anchor. Build dot-ball pressure with tight lines to force a frustrated lofted shot.,Not Available,DA Warner,0.0,0.0,6.49,5.4,3,61,Kolkata Knight Riders
SC Kuggeleijn,Scott Kuggeleijn,New Zealand,New Addition,Middle Order,Neutral Venues,Unknown,Not Available,0,Deploy slow off-cutters gripping into the pitch outside the off-stump.,Use high-quality wrist spin tossed up wide to invite the mistimed slog sweep.,Not a regular bowler. Focus purely on strike rotation if they are brought on.,Middle-order anchor. Build dot-ball pressure with tight lines to force a frustrated lofted shot.,Not Available,AD Russell,0.0,0.0,8.52,7.92,2,50,Royal Challengers Bangalore
K Yadav,Kuldeep Yadav,India,New Addition,Death Over Finisher,Neutral Venues,Unknown,Not Available,0,Bowl rapid back-of-a-length deliveries targeting the ribcage to cramp them for room.,Keep the ball turning away from their hitting arc.,Not a regular bowler. Focus purely on strike rotation if they are brought on.,Lower-order batter. Exploit their lack of footwork with aggressive body-line bowling.,Not Available,Not Available,0.0,0.0,9.33,14.0,2,54,Delhi Capitals
PH Solanki,Prathamesh Solanki,India,New Addition,Middle Order,Neutral Venues,Unknown,Not Available,0,Deploy slow off-cutters gripping into the pitch outside the off-stump.,Use high-quality wrist spin tossed up wide to invite the mistimed slog sweep.,Not a regular bowler. Focus purely on strike rotation if they are brought on.,Middle-order anchor. Build dot-ball pressure with tight lines to force a frustrated lofted shot.,Not Available,WP Saha,0.0,0.0,6.33,7.5,2,36,Unattached
Mayank Dagar,Mayank Dagar,India,Bowler,Death Over Finisher,Neutral Venues,Unknown,Not Available,0,Bowl rapid back-of-a-length deliveries targeting the ribcage to cramp them for room.,Keep the ball turning away from their hitting arc.,Play out their good deliveries on merit. Look to capitalize on the missed yorker at the death.,Solid squad bowler. Exploit their lack of raw pace with calculated aggression.,Not Available,C Green,0.0,0.0,8.83,7.76,2,138,Royal Challengers Bengaluru
V Kaverappa,Vidwath Kaverappa,India,New Addition,Middle Order,Neutral Venues,Unknown,Not Available,0,Deploy slow off-cutters gripping into the pitch outside the off-stump.,Use high-quality wrist spin tossed up wide to invite the mistimed slog sweep.,Not a regular bowler. Focus purely on strike rotation if they are brought on.,Middle-order anchor. Build dot-ball pressure with tight lines to force a frustrated lofted shot.,Not Available,Not Available,0.0,0.0,9.0,0.0,2,24,Punjab Kings
C Nanda,Chetanya Nanda,India,New Addition,Death Over Finisher,Neutral Venues,Unknown,Not Available,0,Bowl rapid back-of-a-length deliveries targeting the ribcage to cramp them for room.,Keep the ball turning away from their hitting arc.,Not a regular bowler. Focus purely on strike rotation if they are brought on.,Lower-order batter. Exploit their lack of footwork with aggressive body-line bowling.,Not Available,ML Hayden,0.0,0.0,6.84,6.86,2,50,Mumbai Indians
ND Doshi,Nayan Doshi,India,New Addition,Death Over Finisher,Neutral Venues,Unknown,Not Available,0,Bowl rapid back-of-a-length deliveries targeting the ribcage to cramp them for room.,Keep the ball turning away from their hitting arc.,Not a regular bowler. Focus purely on strike rotation if they are brought on.,Lower-order batter. Exploit their lack of footwork with aggressive body-line bowling.,Not Available,Not Available,0.0,0.0,8.32,5.5,2,57,Royal Challengers Bangalore
P Suyal,Pawan Suyal,India,New Addition,Middle Order,Neutral Venues,Unknown,Not Available,0,Deploy slow off-cutters gripping into the pitch outside the off-stump.,Use high-quality wrist spin tossed up wide to invite the mistimed slog sweep.,Not a regular bowler. Focus purely on strike rotation if they are brought on.,Middle-order anchor. Build dot-ball pressure with tight lines to force a frustrated lofted shot.,Not Available,Not Available,0.0,0.0,8.47,9.33,2,107,Delhi Daredevils
SM Boland,Scott Boland,Australia,New Addition,Middle Order,Neutral Venues,Unknown,Not Available,0,Deploy slow off-cutters gripping into the pitch outside the off-stump.,Use high-quality wrist spin tossed up wide to invite the mistimed slog sweep.,Not a regular bowler. Focus purely on strike rotation if they are brought on.,Middle-order anchor. Build dot-ball pressure with tight lines to force a frustrated lofted shot.,Not Available,RG Sharma,0.0,0.0,7.53,6.95,2,43,Rising Pune Supergiants
SS Agarwal,Shubham Agarwal,India,New Addition,Middle Order,Neutral Venues,Unknown,Not Available,0,Deploy slow off-cutters gripping into the pitch outside the off-stump.,Use high-quality wrist spin tossed up wide to invite the mistimed slog sweep.,Not a regular bowler. Focus purely on strike rotation if they are brought on.,Middle-order anchor. Build dot-ball pressure with tight lines to force a frustrated lofted shot.,Not Available,Not Available,0.0,0.0,10.5,0.0,1,24,Gujarat Lions
NB Singh,Nathu Singh,India,New Addition,Middle Order,Neutral Venues,Unknown,Not Available,0,Deploy slow off-cutters gripping into the pitch outside the off-stump.,Use high-quality wrist spin tossed up wide to invite the mistimed slog sweep.,Not a regular bowler. Focus purely on strike rotation if they are brought on.,Middle-order anchor. Build dot-ball pressure with tight lines to force a frustrated lofted shot.,Not Available,Not Available,0.0,0.0,3.6,0.0,1,25,Rajasthan Royals
Y Prithvi Raj,Yarra Prithviraj,India,New Addition,Death Over Finisher,Neutral Venues,Unknown,Not Available,0,Bowl rapid back-of-a-length deliveries targeting the ribcage to cramp them for room.,Keep the ball turning away from their hitting arc.,Not a regular bowler. Focus purely on strike rotation if they are brought on.,Lower-order batter. Exploit their lack of footwork with aggressive body-line bowling.,Not Available,Not Available,0.0,0.0,10.36,0.0,1,33,Sunrisers Hyderabad
LI Meriwala,Lukman Meriwala,India,New Addition,Middle Order,Neutral Venues,Unknown,Not Available,0,Deploy slow off-cutters gripping into the pitch outside the off-stump.,Use high-quality wrist spin tossed up wide to invite the mistimed slog sweep.,Not a regular bowler. Focus purely on strike rotation if they are brought on.,Middle-order anchor. Build dot-ball pressure with tight lines to force a frustrated lofted shot.,Not Available,MA Agarwal,0.0,0.0,10.11,0.0,1,19,Delhi Capitals
IC Porel,Ishan Porel,India,New Addition,Middle Order,Neutral Venues,Unknown,Not Available,0,Deploy slow off-cutters gripping into the pitch outside the off-stump.,Use high-quality wrist spin tossed up wide to invite the mistimed slog sweep.,Not a regular bowler. Focus purely on strike rotation if they are brought on.,Middle-order anchor. Build dot-ball pressure with tight lines to force a frustrated lofted shot.,Not Available,Not Available,0.0,0.0,9.0,0.0,1,26,Punjab Kings
SSB Magala,Sisanda Magala,South Africa,New Addition,Middle Order,Neutral Venues,Unknown,Not Available,0,Deploy slow off-cutters gripping into the pitch outside the off-stump.,Use high-quality wrist spin tossed up wide to invite the mistimed slog sweep.,Not a regular bowler. Focus purely on strike rotation if they are brought on.,Middle-order anchor. Build dot-ball pressure with tight lines to force a frustrated lofted shot.,Not Available,Not Available,0.0,0.0,8.27,4.5,1,37,Chennai Super Kings
D Jansen,Duan Jansen,South Africa,New Addition,Middle Order,Neutral Venues,Unknown,Not Available,0,Deploy slow off-cutters gripping into the pitch outside the off-stump.,Use high-quality wrist spin tossed up wide to invite the mistimed slog sweep.,Not a regular bowler. Focus purely on strike rotation if they are brought on.,Middle-order anchor. Build dot-ball pressure with tight lines to force a frustrated lofted shot.,Not Available,Not Available,0.0,0.0,11.36,9.6,1,28,Mumbai Indians
D Madushanka,Dilshan Madushanka,Sri Lanka,New Addition,Middle Order,Neutral Venues,Unknown,Not Available,0,Deploy slow off-cutters gripping into the pitch outside the off-stump.,Use high-quality wrist spin tossed up wide to invite the mistimed slog sweep.,Not a regular bowler. Focus purely on strike rotation if they are brought on.,Middle-order anchor. Build dot-ball pressure with tight lines to force a frustrated lofted shot.,Not Available,N Rana,0.0,0.0,7.71,0.0,1,28,Mumbai Indians
B Geeves,Brett Geeves,Australia,New Addition,Middle Order,Neutral Venues,Unknown,Not Available,0,Deploy slow off-cutters gripping into the pitch outside the off-stump.,Use high-quality wrist spin tossed up wide to invite the mistimed slog sweep.,Not a regular bowler. Focus purely on strike rotation if they are brought on.,Middle-order anchor. Build dot-ball pressure with tight lines to force a frustrated lofted shot.,Not Available,Not Available,0.0,0.0,11.14,10.0,1,49,Delhi Daredevils
A Nel,Andre Nel,South Africa,New Addition,Middle Order,Neutral Venues,Unknown,Not Available,0,Deploy slow off-cutters gripping into the pitch outside the off-stump.,Use high-quality wrist spin tossed up wide to invite the mistimed slog sweep.,Not a regular bowler. Focus purely on strike rotation if they are brought on.,Middle-order anchor. Build dot-ball pressure with tight lines to force a frustrated lofted shot.,Not Available,Not Available,0.0,0.0,10.33,8.0,1,18,Mumbai Indians
SS Sarkar,Soumya Sarkar,Bangladesh,New Addition,Middle Order,Neutral Venues,Unknown,Not Available,0,Deploy slow off-cutters gripping into the pitch outside the off-stump.,Use high-quality wrist spin tossed up wide to invite the mistimed slog sweep.,Not a regular bowler. Focus purely on strike rotation if they are brought on.,Middle-order anchor. Build dot-ball pressure with tight lines to force a frustrated lofted shot.,Not Available,Not Available,0.0,0.0,8.16,6.0,1,25,Unattached
SS Mundhe,Shrikant Mundhe,India,New Addition,Middle Order,Neutral Venues,Unknown,Not Available,0,Deploy slow off-cutters gripping into the pitch outside the off-stump.,Use high-quality wrist spin tossed up wide to invite the mistimed slog sweep.,Not a regular bowler. Focus purely on strike rotation if they are brought on.,Middle-order anchor. Build dot-ball pressure with tight lines to force a frustrated lofted shot.,Not Available,Not Available,0.0,0.0,5.14,0.0,1,7,Pune Warriors India
TP Sudhindra,TP Sudhindra,India,New Addition,Middle Order,Neutral Venues,Unknown,Not Available,0,Deploy slow off-cutters gripping into the pitch outside the off-stump.,Use high-quality wrist spin tossed up wide to invite the mistimed slog sweep.,Not a regular bowler. Focus purely on strike rotation if they are brought on.,Middle-order anchor. Build dot-ball pressure with tight lines to force a frustrated lofted shot.,Not Available,DA Warner,0.0,0.0,11.03,13.36,1,74,Deccan Chargers
GS Sandhu,Gurinder Sandhu,Australia,New Addition,Middle Order,Neutral Venues,Unknown,Not Available,0,Deploy slow off-cutters gripping into the pitch outside the off-stump.,Use high-quality wrist spin tossed up wide to invite the mistimed slog sweep.,Not a regular bowler. Focus purely on strike rotation if they are brought on.,Middle-order anchor. Build dot-ball pressure with tight lines to force a frustrated lofted shot.,Not Available,AM Rahane,0.0,0.0,10.25,12.5,1,48,Delhi Daredevils
Tejas Baroka,Tejas Baroka,India,New Addition,Middle Order,Neutral Venues,Unknown,Not Available,0,Deploy slow off-cutters gripping into the pitch outside the off-stump.,Use high-quality wrist spin tossed up wide to invite the mistimed slog sweep.,Not a regular bowler. Focus purely on strike rotation if they are brought on.,Middle-order anchor. Build dot-ball pressure with tight lines to force a frustrated lofted shot.,Not Available,DA Warner,0.0,0.0,9.43,18.0,0,21,Gujarat Lions
CJ Dala,Junior Dala,South Africa,New Addition,Middle Order,Neutral Venues,Unknown,Not Available,0,Deploy slow off-cutters gripping into the pitch outside the off-stump.,Use high-quality wrist spin tossed up wide to invite the mistimed slog sweep.,Not a regular bowler. Focus purely on strike rotation if they are brought on.,Middle-order anchor. Build dot-ball pressure with tight lines to force a frustrated lofted shot.,Not Available,V Kohli,0.0,0.0,10.74,0.0,0,19,Delhi Daredevils
S Midhun,Sudhesan Midhun,India,New Addition,Middle Order,Neutral Venues,Unknown,Not Available,0,Deploy slow off-cutters gripping into the pitch outside the off-stump.,Use high-quality wrist spin tossed up wide to invite the mistimed slog sweep.,Not a regular bowler. Focus purely on strike rotation if they are brought on.,Middle-order anchor. Build dot-ball pressure with tight lines to force a frustrated lofted shot.,Not Available,Not Available,0.0,0.0,12.46,0.0,0,13,Rajasthan Royals
JL Denly,Joe Denly,England,New Addition,Top Order Aggressor,Neutral Venues,Unknown,Not Available,0,Use back-of-a-length deliveries angling across the body. Invite the false drive.,Deploy left-arm orthodox sliding across to restrict strike rotation and build dot pressure.,Not a regular bowler. Focus purely on strike rotation if they are brought on.,Classical opener. Squeeze their scoring zones on the off-side and force aerial risks.,Not Available,Not Available,0.0,0.0,0.0,0.0,0,0,Kolkata Knight Riders
CJ Green,Chris Green,Australia,New Addition,Middle Order,Neutral Venues,Unknown,Not Available,0,Deploy slow off-cutters gripping into the pitch outside the off-stump.,Use high-quality wrist spin tossed up wide to invite the mistimed slog sweep.,Not a regular bowler. Focus purely on strike rotation if they are brought on.,Middle-order anchor. Build dot-ball pressure with tight lines to force a frustrated lofted shot.,Not Available,Not Available,0.0,0.0,8.47,9.6,0,17,Kolkata Knight Riders
Monu Kumar,Monu Kumar,India,New Addition,Middle Order,Neutral Venues,Unknown,Not Available,0,Deploy slow off-cutters gripping into the pitch outside the off-stump.,Use high-quality wrist spin tossed up wide to invite the mistimed slog sweep.,Not a regular bowler. Focus purely on strike rotation if they are brought on.,Middle-order anchor. Build dot-ball pressure with tight lines to force a frustrated lofted shot.,Not Available,Not Available,0.0,0.0,7.5,9.75,0,16,Chennai Super Kings
Jalaj S Saxena,Jalaj Saxena,India,New Addition,Middle Order,Neutral Venues,Unknown,Not Available,0,Deploy slow off-cutters gripping into the pitch outside the off-stump.,Use high-quality wrist spin tossed up wide to invite the mistimed slog sweep.,Not a regular bowler. Focus purely on strike rotation if they are brought on.,Middle-order anchor. Build dot-ball pressure with tight lines to force a frustrated lofted shot.,Not Available,Not Available,0.0,0.0,9.0,0.0,0,18,Punjab Kings
R Sanjay Yadav,Sanjay Yadav,India,New Addition,Death Over Finisher,Neutral Venues,Unknown,Not Available,0,Bowl rapid back-of-a-length deliveries targeting the ribcage to cramp them for room.,Keep the ball turning away from their hitting arc.,Not a regular bowler. Focus purely on strike rotation if they are brought on.,Lower-order batter. Exploit their lack of footwork with aggressive body-line bowling.,Not Available,Not Available,0.0,0.0,9.86,0.0,0,14,Mumbai Indians
NA Saini,Navdeep Saini,India,New Addition,Middle Order,Neutral Venues,Unknown,Not Available,0,Deploy slow off-cutters gripping into the pitch outside the off-stump.,Use high-quality wrist spin tossed up wide to invite the mistimed slog sweep.,Not a regular bowler. Focus purely on strike rotation if they are brought on.,Middle-order anchor. Build dot-ball pressure with tight lines to force a frustrated lofted shot.,Not Available,Not Available,0.0,0.0,13.6,19.71,0,15,Rajasthan Royals
Gurnoor Brar,Gurnoor Brar,India,New Addition,Middle Order,Neutral Venues,Unknown,Not Available,0,Deploy slow off-cutters gripping into the pitch outside the off-stump.,Use high-quality wrist spin tossed up wide to invite the mistimed slog sweep.,Not a regular bowler. Focus purely on strike rotation if they are brought on.,Middle-order anchor. Build dot-ball pressure with tight lines to force a frustrated lofted shot.,Not Available,Not Available,0.0,0.0,12.0,0.0,0,21,Punjab Kings
R Goyal,Rahul Goyal,India,New Addition,Middle Order,Neutral Venues,Unknown,Not Available,0,Deploy slow off-cutters gripping into the pitch outside the off-stump.,Use high-quality wrist spin tossed up wide to invite the mistimed slog sweep.,Not a regular bowler. Focus purely on strike rotation if they are brought on.,Middle-order anchor. Build dot-ball pressure with tight lines to force a frustrated lofted shot.,Not Available,Not Available,0.0,0.0,8.25,0.0,0,24,Unattached
H Sharma,Himanshu Sharma,India,New Addition,Middle Order,Neutral Venues,Unknown,Not Available,0,Deploy slow off-cutters gripping into the pitch outside the off-stump.,Use high-quality wrist spin tossed up wide to invite the mistimed slog sweep.,Not a regular bowler. Focus purely on strike rotation if they are brought on.,Middle-order anchor. Build dot-ball pressure with tight lines to force a frustrated lofted shot.,Not Available,Not Available,0.0,0.0,11.4,0.0,0,30,Royal Challengers Bengaluru
S Joseph,Shamar Joseph,West Indies,New Addition,Middle Order,Neutral Venues,Unknown,Not Available,0,Deploy slow off-cutters gripping into the pitch outside the off-stump.,Use high-quality wrist spin tossed up wide to invite the mistimed slog sweep.,Not a regular bowler. Focus purely on strike rotation if they are brought on.,Middle-order anchor. Build dot-ball pressure with tight lines to force a frustrated lofted shot.,Not Available,SS Iyer,0.0,0.0,9.4,0.0,0,30,Lucknow Super Giants
Karim Janat,Karim Janat,Afghanistan,New Addition,Middle Order,Neutral Venues,Unknown,Not Available,0,Deploy slow off-cutters gripping into the pitch outside the off-stump.,Use high-quality wrist spin tossed up wide to invite the mistimed slog sweep.,Not a regular bowler. Focus purely on strike rotation if they are brought on.,Middle-order anchor. Build dot-ball pressure with tight lines to force a frustrated lofted shot.,Not Available,Not Available,0.0,0.0,30.0,0.0,0,6,Unattached
KS Rathore,Kunal Singh Rathore,India,New Addition,Top Order Aggressor,Neutral Venues,Unknown,Not Available,0,Use back-of-a-length deliveries angling across the body. Invite the false drive.,Deploy left-arm orthodox sliding across to restrict strike rotation and build dot pressure.,Not a regular bowler. Focus purely on strike rotation if they are brought on.,Classical opener. Squeeze their scoring zones on the off-side and force aerial risks.,Not Available,Not Available,0.0,0.0,0.0,0.0,0,0,Rajasthan Royals
MJ Owen,Michael Owen,England,New Addition,Top Order Aggressor,Neutral Venues,Unknown,Not Available,0,Use back-of-a-length deliveries angling across the body. Invite the false drive.,Deploy left-arm orthodox sliding across to restrict strike rotation and build dot pressure.,Not a regular bowler. Focus purely on strike rotation if they are brought on.,Classical opener. Squeeze their scoring zones on the off-side and force aerial risks.,Not Available,Not Available,0.0,0.0,0.0,0.0,0,0,Unattached
LG Pretorius,Migael Pretorius,South Africa,New Addition,Top Order Aggressor,Neutral Venues,Unknown,Not Available,0,Use back-of-a-length deliveries angling across the body. Invite the false drive.,Deploy left-arm orthodox sliding across to restrict strike rotation and build dot pressure.,Not a regular bowler. Focus purely on strike rotation if they are brought on.,Classical opener. Squeeze their scoring zones on the off-side and force aerial risks.,Not Available,Not Available,0.0,0.0,0.0,0.0,0,0,Unattached
SU Parakh,Shalabh Parakh,India,New Addition,Top Order Aggressor,Neutral Venues,Unknown,Not Available,0,Use back-of-a-length deliveries angling across the body. Invite the false drive.,Deploy left-arm orthodox sliding across to restrict strike rotation and build dot pressure.,Not a regular bowler. Focus purely on strike rotation if they are brought on.,Classical opener. Squeeze their scoring zones on the off-side and force aerial risks.,Not Available,Not Available,0.0,0.0,0.0,0.0,0,0,Unattached
U Kaul,Uday Kaul,India,New Addition,Death Over Finisher,Neutral Venues,Unknown,Not Available,0,Bowl rapid back-of-a-length deliveries targeting the ribcage to cramp them for room.,Keep the ball turning away from their hitting arc.,Not a regular bowler. Focus purely on strike rotation if they are brought on.,Lower-order batter. Exploit their lack of footwork with aggressive body-line bowling.,Not Available,Not Available,0.0,0.0,0.0,0.0,0,0,Kings XI Punjab
Abdur Razzak,Abdur Razzak,Bangladesh,New Addition,Death Over Finisher,Neutral Venues,Unknown,Not Available,0,Bowl rapid back-of-a-length deliveries targeting the ribcage to cramp them for room.,Keep the ball turning away from their hitting arc.,Not a regular bowler. Focus purely on strike rotation if they are brought on.,Lower-order batter. Exploit their lack of footwork with aggressive body-line bowling.,Not Available,Not Available,0.0,0.0,12.43,0.0,0,14,Royal Challengers Bangalore
RR Bose,Ranadeb Bose,India,New Addition,Middle Order,Neutral Venues,Unknown,Not Available,0,Deploy slow off-cutters gripping into the pitch outside the off-stump.,Use high-quality wrist spin tossed up wide to invite the mistimed slog sweep.,Not a regular bowler. Focus purely on strike rotation if they are brought on.,Middle-order anchor. Build dot-ball pressure with tight lines to force a frustrated lofted shot.,Not Available,JD Ryder,0.0,0.0,12.0,0.0,0,12,Kings XI Punjab
RA Shaikh,Rahil Shaikh,India,New Addition,Middle Order,Neutral Venues,Unknown,Not Available,0,Deploy slow off-cutters gripping into the pitch outside the off-stump.,Use high-quality wrist spin tossed up wide to invite the mistimed slog sweep.,Not a regular bowler. Focus purely on strike rotation if they are brought on.,Middle-order anchor. Build dot-ball pressure with tight lines to force a frustrated lofted shot.,Not Available,Not Available,0.0,0.0,11.0,0.0,0,6,Mumbai Indians
C Ganapathy,Chandrasekar Ganapathy,India,New Addition,Middle Order,Neutral Venues,Unknown,Not Available,0,Deploy slow off-cutters gripping into the pitch outside the off-stump.,Use high-quality wrist spin tossed up wide to invite the mistimed slog sweep.,Not a regular bowler. Focus purely on strike rotation if they are brought on.,Middle-order anchor. Build dot-ball pressure with tight lines to force a frustrated lofted shot.,Not Available,Not Available,0.0,0.0,13.0,0.0,0,6,Chennai Super Kings
MB Parmar,Mohnish Parmar,India,New Addition,Middle Order,Neutral Venues,Unknown,Not Available,0,Deploy slow off-cutters gripping into the pitch outside the off-stump.,Use high-quality wrist spin tossed up wide to invite the mistimed slog sweep.,Not a regular bowler. Focus purely on strike rotation if they are brought on.,Middle-order anchor. Build dot-ball pressure with tight lines to force a frustrated lofted shot.,Not Available,Not Available,0.0,0.0,10.42,0.0,0,19,Kings XI Punjab
AA Kazi,Abrar Kazi,India,New Addition,Middle Order,Neutral Venues,Unknown,Not Available,0,Deploy slow off-cutters gripping into the pitch outside the off-stump.,Use high-quality wrist spin tossed up wide to invite the mistimed slog sweep.,Not a regular bowler. Focus purely on strike rotation if they are brought on.,Middle-order anchor. Build dot-ball pressure with tight lines to force a frustrated lofted shot.,Not Available,Not Available,0.0,0.0,9.69,0.0,0,13,Royal Challengers Bangalore
P Prasanth,Padmanabhan Prasanth,India,New Addition,Middle Order,Neutral Venues,Unknown,Not Available,0,Deploy slow off-cutters gripping into the pitch outside the off-stump.,Use high-quality wrist spin tossed up wide to invite the mistimed slog sweep.,Not a regular bowler. Focus purely on strike rotation if they are brought on.,Middle-order anchor. Build dot-ball pressure with tight lines to force a frustrated lofted shot.,Not Available,Not Available,0.0,0.0,18.0,0.0,0,6,Kochi Tuskers Kerala
RW Price,Ray Price,Zimbabwe,New Addition,Middle Order,Neutral Venues,Unknown,Not Available,0,Deploy slow off-cutters gripping into the pitch outside the off-stump.,Use high-quality wrist spin tossed up wide to invite the mistimed slog sweep.,Not a regular bowler. Focus purely on strike rotation if they are brought on.,Middle-order anchor. Build dot-ball pressure with tight lines to force a frustrated lofted shot.,Not Available,Not Available,0.0,0.0,11.0,0.0,0,18,Mumbai Indians
RR Bhatkal,Raju Bhatkal,India,New Addition,Death Over Finisher,Neutral Venues,Unknown,Not Available,0,Bowl rapid back-of-a-length deliveries targeting the ribcage to cramp them for room.,Keep the ball turning away from their hitting arc.,Not a regular bowler. Focus purely on strike rotation if they are brought on.,Lower-order batter. Exploit their lack of footwork with aggressive body-line bowling.,Not Available,Not Available,0.0,0.0,17.5,0.0,0,12,Royal Challengers Bangalore
Sunny Gupta,Sunny Gupta,India,New Addition,Death Over Finisher,Neutral Venues,Unknown,Not Available,0,Bowl rapid back-of-a-length deliveries targeting the ribcage to cramp them for room.,Keep the ball turning away from their hitting arc.,Not a regular bowler. Focus purely on strike rotation if they are brought on.,Lower-order batter. Exploit their lack of footwork with aggressive body-line bowling.,Not Available,Not Available,0.0,0.0,14.84,0.0,0,19,Delhi Daredevils
MG Neser,Michael Neser,Australia,New Addition,Middle Order,Neutral Venues,Unknown,Not Available,0,Deploy slow off-cutters gripping into the pitch outside the off-stump.,Use high-quality wrist spin tossed up wide to invite the mistimed slog sweep.,Not a regular bowler. Focus purely on strike rotation if they are brought on.,Middle-order anchor. Build dot-ball pressure with tight lines to force a frustrated lofted shot.,Not Available,Not Available,0.0,0.0,14.88,16.5,0,25,Kings XI Punjab
Pathum Nissanka,Pathum Nissanka,Sri Lanka,Batsman,Top Order Aggressor,Neutral Venues,Cover / Boundary,Not Available,0,"Bowl hard lengths to Pathum Nissanka, pack the off-side field. Look for early nip-back.",Deploy spinners to restrict scoring zones. Force Pathum Nissanka to generate their own power.,Not a regular bowler. Focus purely on strike rotation if they bowl.,Pathum Nissanka is a designated Batsman. Deny them width and force them to hit straight down the ground.,Not Available,Not Available,132.5,147.5,0.0,0.0,0,0,Delhi Capitals
Abhishek Porel,Abhishek Porel,India,Wicketkeeper,Middle Order Anchor,Neutral Venues,Cover / Boundary,Not Available,0,"Bowl hard lengths to Abhishek Porel, pack the off-side field. Look for early nip-back.",Deploy spinners to restrict scoring zones. Force Abhishek Porel to generate their own power.,Not a regular bowler. Focus purely on strike rotation if they bowl.,Abhishek Porel is a designated Wicketkeeper. Deny them width and force them to hit straight down the ground.,Not Available,Not Available,141.2,156.2,0.0,0.0,0,0,Delhi Capitals
Sameer Rizvi,Sameer Rizvi,India,Batsman,Death Over Finisher,Neutral Venues,Cover / Boundary,Not Available,0,"Bowl hard lengths to Sameer Rizvi, pack the off-side field. Look for early nip-back.",Deploy spinners to restrict scoring zones. Force Sameer Rizvi to generate their own power.,Not a regular bowler. Focus purely on strike rotation if they bowl.,Sameer Rizvi is a designated Batsman. Deny them width and force them to hit straight down the ground.,Not Available,Not Available,155.0,170.0,0.0,0.0,0,0,Delhi Capitals
Kyle Jamieson,Kyle Jamieson,New Zealand,Bowler,Lower Order,Neutral Venues,Cover / Boundary,Not Available,0,Target the stumps with raw pace. Look for quick dismissals.,Bowl flat and straight. Do not offer flight.,Respect Kyle Jamieson's stock delivery. Wait for the loose ball or missed yorker at the death.,Kyle Jamieson is a frontline Bowler. See off their best spells and attack the weaker backup bowlers.,Not Available,Not Available,105.0,120.0,8.6,10.1,85,1400,Delhi Capitals
Angkrish Raghuvanshi,Angkrish Raghuvanshi,India,Batsman,Top Order Aggressor,Neutral Venues,Cover / Boundary,Not Available,0,"Bowl hard lengths to Angkrish Raghuvanshi, pack the off-side field. Look for early nip-back.",Deploy spinners to restrict scoring zones. Force Angkrish Raghuvanshi to generate their own power.,Not a regular bowler. Focus purely on strike rotation if they bowl.,Angkrish Raghuvanshi is a designated Batsman. Deny them width and force them to hit straight down the ground.,Not Available,Not Available,145.8,160.8,0.0,0.0,0,0,Kolkata Knight Riders
Ramandeep Singh,Ramandeep Singh,India,All-Rounder,Death Over Finisher,Neutral Venues,Cover / Boundary,Not Available,0,Bowl heavy bouncers at the body to cramp Ramandeep Singh for room.,Keep the ball turning away from Ramandeep Singh's hitting arc.,Exploit Ramandeep Singh's lack of raw pace. Look for the straight drive or slog sweep.,Ramandeep Singh provides critical balance. Attack their bowling to put them under pressure before they bat.,Not Available,Not Available,162.5,177.5,8.9,10.4,15,320,Kolkata Knight Riders
Harshit Rana,Harshit Rana,India,Bowler,Lower Order,Neutral Venues,Cover / Boundary,Not Available,0,Target the stumps with raw pace. Look for quick dismissals.,Bowl flat and straight. Do not offer flight.,Respect Harshit Rana's stock delivery. Wait for the loose ball or missed yorker at the death.,Harshit Rana is a frontline Bowler. See off their best spells and attack the weaker backup bowlers.,Not Available,Not Available,110.0,125.0,8.4,9.9,30,600,Kolkata Knight Riders
Vaibhav Arora,Vaibhav Arora,India,Bowler,Lower Order,Neutral Venues,Cover / Boundary,Not Available,0,Target the stumps with raw pace. Look for quick dismissals.,Bowl flat and straight. Do not offer flight.,Respect Vaibhav Arora's stock delivery. Wait for the loose ball or missed yorker at the death.,Vaibhav Arora is a frontline Bowler. See off their best spells and attack the weaker backup bowlers.,Not Available,Not Available,85.0,100.0,8.8,10.3,25,450,Kolkata Knight Riders
Akash Deep,Akash Deep,India,Bowler,Lower Order,Neutral Venues,Cover / Boundary,Not Available,0,Target the stumps with raw pace. Look for quick dismissals.,Bowl flat and straight. Do not offer flight.,Respect Akash Deep's stock delivery. Wait for the loose ball or missed yorker at the death.,Akash Deep is a frontline Bowler. See off their best spells and attack the weaker backup bowlers.,Not Available,Not Available,95.0,110.0,8.7,10.2,40,800,Kolkata Knight Riders
Arjun Tendulkar,Arjun Tendulkar,India,All-Rounder,Middle Order,Neutral Venues,Cover / Boundary,Not Available,0,Bowl heavy bouncers at the body to cramp Arjun Tendulkar for room.,Keep the ball turning away from Arjun Tendulkar's hitting arc.,Exploit Arjun Tendulkar's lack of raw pace. Look for the straight drive or slog sweep.,Arjun Tendulkar provides critical balance. Attack their bowling to put them under pressure before they bat.,Not Available,Not Available,115.0,130.0,9.2,10.7,5,120,Lucknow Super Giants
Nehal Wadhera,Nehal Wadhera,India,Batsman,Middle Order Anchor,Neutral Venues,Cover / Boundary,Not Available,0,"Bowl hard lengths to Nehal Wadhera, pack the off-side field. Look for early nip-back.",Deploy spinners to restrict scoring zones. Force Nehal Wadhera to generate their own power.,Not a regular bowler. Focus purely on strike rotation if they bowl.,Nehal Wadhera is a designated Batsman. Deny them width and force them to hit straight down the ground.,Not Available,Not Available,148.3,163.3,0.0,0.0,0,0,Punjab Kings
Shashank Singh,Shashank Singh,India,Batsman,Death Over Finisher,Neutral Venues,Cover / Boundary,Not Available,0,"Struggles to generate power on slow, wide off-cutters dug into the pitch.",Vulnerable to leg-spin turning away from his hitting arc.,Not a regular bowler.,Powerful striker. Keep the ball away from his body and utilize dipping slower balls.,Not Available,Not Available,158.4,173.4,0.0,0.0,0,0,Punjab Kings
Musheer Khan,Musheer Khan,India,All-Rounder,Middle Order Anchor,Neutral Venues,Cover / Boundary,Not Available,0,Bowl heavy bouncers at the body to cramp Musheer Khan for room.,Keep the ball turning away from Musheer Khan's hitting arc.,Exploit Musheer Khan's lack of raw pace. Look for the straight drive or slog sweep.,Musheer Khan provides critical balance. Attack their bowling to put them under pressure before they bat.,Not Available,Not Available,125.0,140.0,7.5,9.0,12,250,Punjab Kings
Cooper Connolly,Cooper Connolly,Australia,All-Rounder,Death Over Finisher,Neutral Venues,Cover / Boundary,Not Available,0,Bowl heavy bouncers at the body to cramp Cooper Connolly for room.,Keep the ball turning away from Cooper Connolly's hitting arc.,Exploit Cooper Connolly's lack of raw pace. Look for the straight drive or slog sweep.,Cooper Connolly provides critical balance. Attack their bowling to put them under pressure before they bat.,Not Available,Not Available,145.0,160.0,8.1,9.6,10,200,Punjab Kings
Ben Dwarshuis,Ben Dwarshuis,Australia,Bowler,Lower Order,Neutral Venues,Cover / Boundary,Not Available,0,Target the stumps with raw pace. Look for quick dismissals.,Bowl flat and straight. Do not offer flight.,Respect Ben Dwarshuis's stock delivery. Wait for the loose ball or missed yorker at the death.,Ben Dwarshuis is a frontline Bowler. See off their best spells and attack the weaker backup bowlers.,Not Available,Not Available,112.0,127.0,8.2,9.7,120,2100,Punjab Kings
Vyshak Vijaykumar,Vyshak Vijaykumar,India,Bowler,Lower Order,Neutral Venues,Cover / Boundary,Not Available,0,Target the stumps with raw pace. Look for quick dismissals.,Bowl flat and straight. Do not offer flight.,Respect Vyshak Vijaykumar's stock delivery. Wait for the loose ball or missed yorker at the death.,Vyshak Vijaykumar is a frontline Bowler. See off their best spells and attack the weaker backup bowlers.,Not Available,Not Available,105.0,120.0,8.9,10.4,22,400,Punjab Kings
Donovan Ferreira,Donovan Ferreira,South Africa,Wicketkeeper,Death Over Finisher,Neutral Venues,Cover / Boundary,Not Available,0,"Bowl hard lengths to Donovan Ferreira, pack the off-side field. Look for early nip-back.",Deploy spinners to restrict scoring zones. Force Donovan Ferreira to generate their own power.,Not a regular bowler. Focus purely on strike rotation if they bowl.,Donovan Ferreira is a designated Wicketkeeper. Deny them width and force them to hit straight down the ground.,Not Available,Not Available,156.2,171.2,0.0,0.0,0,0,Rajasthan Royals
Kwena Maphaka,Kwena Maphaka,South Africa,Bowler,Lower Order,Neutral Venues,Cover / Boundary,Not Available,0,Target the stumps with raw pace. Look for quick dismissals.,Bowl flat and straight. Do not offer flight.,Respect Kwena Maphaka's stock delivery. Wait for the loose ball or missed yorker at the death.,Kwena Maphaka is a frontline Bowler. See off their best spells and attack the weaker backup bowlers.,Not Available,Not Available,80.0,95.0,8.8,10.3,15,300,Rajasthan Royals
Jacob Bethell,Jacob Bethell,England,All-Rounder,Middle Order Anchor,Neutral Venues,Cover / Boundary,Not Available,0,Bowl heavy bouncers at the body to cramp Jacob Bethell for room.,Keep the ball turning away from Jacob Bethell's hitting arc.,Exploit Jacob Bethell's lack of raw pace. Look for the straight drive or slog sweep.,Jacob Bethell provides critical balance. Attack their bowling to put them under pressure before they bat.,Not Available,Not Available,138.0,153.0,7.8,9.3,18,350,Royal Challengers Bengaluru
Nuwan Thushara,Nuwan Thushara,Sri Lanka,Bowler,Lower Order,Neutral Venues,Cover / Boundary,Not Available,0,Target the stumps with raw pace. Look for quick dismissals.,Bowl flat and straight. Do not offer flight.,Respect Nuwan Thushara's stock delivery. Wait for the loose ball or missed yorker at the death.,Nuwan Thushara is a frontline Bowler. See off their best spells and attack the weaker backup bowlers.,Not Available,Not Available,90.0,105.0,7.9,9.4,115,1900,Royal Challengers Bengaluru
Swapnil Singh,Swapnil Singh,India,All-Rounder,Middle Order,Neutral Venues,Cover / Boundary,Not Available,0,Bowl heavy bouncers at the body to cramp Swapnil Singh for room.,Keep the ball turning away from Swapnil Singh's hitting arc.,Exploit Swapnil Singh's lack of raw pace. Look for the straight drive or slog sweep.,Swapnil Singh provides critical balance. Attack their bowling to put them under pressure before they bat.,Not Available,Not Available,128.0,143.0,8.0,9.5,45,900,Royal Challengers Bengaluru
Yash Dayal,Yash Dayal,India,Bowler,Lower Order,Neutral Venues,Cover / Boundary,Not Available,0,Target the stumps with raw pace. Look for quick dismissals.,Bowl flat and straight. Do not offer flight.,Respect Yash Dayal's stock delivery. Wait for the loose ball or missed yorker at the death.,Yash Dayal is a frontline Bowler. See off their best spells and attack the weaker backup bowlers.,Not Available,Not Available,85.0,100.0,9.1,10.6,38,750,Royal Challengers Bengaluru
Nitish Kumar Reddy,Nitish Kumar Reddy,India,All-Rounder,Middle Order Anchor,Neutral Venues,Cover / Boundary,Not Available,0,Vulnerable to raw pace angling into his pads early in his innings.,Can be beaten in flight by high-quality wrist spin.,Medium pacer. Exploit his lack of raw pace with aggressive intent.,Promising all-rounder. Test his technique with sharp incoming deliveries before he gets set.,Not Available,Not Available,142.5,157.5,8.7,10.2,8,150,Sunrisers Hyderabad
Kamindu Mendis,Kamindu Mendis,Sri Lanka,All-Rounder,Middle Order Anchor,Neutral Venues,Cover / Boundary,Not Available,0,Bowl heavy bouncers at the body to cramp Kamindu Mendis for room.,Keep the ball turning away from Kamindu Mendis's hitting arc.,Exploit Kamindu Mendis's lack of raw pace. Look for the straight drive or slog sweep.,Kamindu Mendis provides critical balance. Attack their bowling to put them under pressure before they bat.,Not Available,Not Available,134.0,149.0,7.6,9.1,30,600,Sunrisers Hyderabad
Brydon Carse,Brydon Carse,England,Bowler,Lower Order,Neutral Venues,Cover / Boundary,Not Available,0,Target the stumps with raw pace. Look for quick dismissals.,Bowl flat and straight. Do not offer flight.,Respect Brydon Carse's stock delivery. Wait for the loose ball or missed yorker at the death.,Brydon Carse is a frontline Bowler. See off their best spells and attack the weaker backup bowlers.,Not Available,Not Available,115.0,130.0,8.4,9.9,95,1700,Sunrisers Hyderabad
Shivam Mavi,Shivam Mavi,India,Bowler,Lower Order,Neutral Venues,Cover / Boundary,Not Available,0,Target the stumps with raw pace. Look for quick dismissals.,Bowl flat and straight. Do not offer flight.,Respect Shivam Mavi's stock delivery. Wait for the loose ball or missed yorker at the death.,Shivam Mavi is a frontline Bowler. See off their best spells and attack the weaker backup bowlers.,Not Available,Not Available,105.0,120.0,8.7,10.2,55,1100,Sunrisers Hyderabad
Dewald Brevis,Dewald Brevis,South Africa,Batsman,Top Order Aggressor,Neutral Venues,Cover / Boundary,Not Available,0,"Bowl hard lengths to Dewald Brevis, pack the off-side field. Look for early nip-back.",Deploy spinners to restrict scoring zones. Force Dewald Brevis to generate their own power.,Not a regular bowler. Focus purely on strike rotation if they bowl.,Dewald Brevis is a designated Batsman. Deny them width and force them to hit straight down the ground.,Not Available,Not Available,152.0,167.0,0.0,0.0,0,0,Chennai Super Kings
Mukesh Choudhary,Mukesh Choudhary,India,Bowler,Lower Order,Neutral Venues,Cover / Boundary,Not Available,0,Target the stumps with raw pace. Look for quick dismissals.,Bowl flat and straight. Do not offer flight.,Respect Mukesh Choudhary's stock delivery. Wait for the loose ball or missed yorker at the death.,Mukesh Choudhary is a frontline Bowler. See off their best spells and attack the weaker backup bowlers.,Not Available,Not Available,75.0,90.0,9.0,10.5,25,480,Chennai Super Kings
Jamie Overton,Jamie Overton,England,All-Rounder,Death Over Finisher,Neutral Venues,Cover / Boundary,Not Available,0,Bowl heavy bouncers at the body to cramp Jamie Overton for room.,Keep the ball turning away from Jamie Overton's hitting arc.,Exploit Jamie Overton's lack of raw pace. Look for the straight drive or slog sweep.,Jamie Overton provides critical balance. Attack their bowling to put them under pressure before they bat.,Not Available,Not Available,144.5,159.5,8.6,10.1,75,1500,Chennai Super Kings
Tom Banton,Tom Banton,England,Wicketkeeper,Top Order Aggressor,Neutral Venues,Cover / Boundary,Not Available,0,"Bowl hard lengths to Tom Banton, pack the off-side field. Look for early nip-back.",Deploy spinners to restrict scoring zones. Force Tom Banton to generate their own power.,Not a regular bowler. Focus purely on strike rotation if they bowl.,Tom Banton is a designated Wicketkeeper. Deny them width and force them to hit straight down the ground.,Not Available,Not Available,148.0,163.0,0.0,0.0,0,0,Gujarat Titans
Ryan Rickelton,Ryan Rickelton,South Africa,Wicketkeeper,Top Order Aggressor,Neutral Venues,Cover / Boundary,Not Available,0,"Bowl hard lengths to Ryan Rickelton, pack the off-side field. Look for early nip-back.",Deploy spinners to restrict scoring zones. Force Ryan Rickelton to generate their own power.,Not a regular bowler. Focus purely on strike rotation if they bowl.,Ryan Rickelton is a designated Wicketkeeper. Deny them width and force them to hit straight down the ground.,Not Available,Not Available,141.5,156.5,0.0,0.0,0,0,Mumbai Indians
Allah Ghazanfar,Allah Ghazanfar,Afghanistan,Bowler,Lower Order,Neutral Venues,Cover / Boundary,Not Available,0,Target the stumps with raw pace. Look for quick dismissals.,Bowl flat and straight. Do not offer flight.,Respect Allah Ghazanfar's stock delivery. Wait for the loose ball or missed yorker at the death.,Allah Ghazanfar is a frontline Bowler. See off their best spells and attack the weaker backup bowlers.,Not Available,Not Available,90.0,105.0,7.1,8.6,15,300,Mumbai Indians
Corbin Bosch,Corbin Bosch,South Africa,All-Rounder,Middle Order,Neutral Venues,Cover / Boundary,Not Available,0,Bowl heavy bouncers at the body to cramp Corbin Bosch for room.,Keep the ball turning away from Corbin Bosch's hitting arc.,Exploit Corbin Bosch's lack of raw pace. Look for the straight drive or slog sweep.,Corbin Bosch provides critical balance. Attack their bowling to put them under pressure before they bat.,Not Available,Not Available,135.0,150.0,8.3,9.8,50,900,Mumbai Indians